key,source,fit,native_w,native_h,certified_any,certified_legible,rows_kept,local_contrast,pix_diff
46:8,MathVision_MINI,scaled,699,896,0,0,0.0,0.0,0
149:0,MathVision_MINI,scaled,896,816,0,0,0.0,0.0,0
169:4,MathVision_MINI,scaled,896,401,0,0,0.0,0.0,0
254:1,MathVerse_MINI_Vision_Only,scaled,896,735,0,0,0.0,0.0,0
306:1,MathVision_MINI,native,725,591,1,1,1.0,60.0,428
435:1,MathVerse_MINI_Vision_Only,native,764,511,0,0,0.0,0.0,0
518:2,WeMath,native,85,54,0,0,0.0,0.0,0
533:1,MathVision_MINI,native,235,229,0,0,0.0,0.0,0
636:8,MMMU_DEV_VAL,scaled,896,522,0,0,0.0,0.0,0
661:4,MathVision_MINI,native,685,347,0,0,0.0,0.0,0
712:4,MathVision_MINI,native,323,324,0,0,0.0,0.0,0
739:1,DynaMath,scaled,896,622,0,0,0.0,0.0,0
752:5,MathVerse_MINI_Vision_Only,scaled,896,626,0,0,0.0,0.0,0
775:3,MathVerse_MINI_Vision_Only,native,751,551,0,0,0.0,0.0,0
810:9,DynaMath,native,515,389,0,0,0.0,0.0,0
878:9,MathVision_MINI,native,499,421,0,0,0.0,0.0,0
923:8,MathVision_MINI,native,436,395,0,0,0.0,0.0,0
985:8,MathVerse_MINI_Vision_Only,native,847,530,0,0,0.0,0.0,0
1054:6,MathVerse_MINI_Vision_Only,native,693,679,0,0,0.0,0.0,0
1083:9,MMMU_DEV_VAL,scaled,896,271,0,0,0.0,0.0,0
1139:12,MathVision_MINI,native,601,373,0,0,0.0,0.0,0
1219:6,MathVerse_MINI_Vision_Only,native,727,560,0,0,0.0,0.0,0
1303:4,MathVerse_MINI_Vision_Only,scaled,822,896,0,0,0.0,0.0,0
1355:1,MMMU_DEV_VAL,native,215,127,0,0,0.0,0.0,0
1409:0,DynaMath,native,778,546,0,0,0.0,0.0,0
1437:14,MathVerse_MINI_Vision_Only,scaled,783,896,0,0,0.0,0.0,0
1493:5,MathVision_MINI,scaled,896,418,0,0,0.0,0.0,0
1509:3,MathVision_MINI,scaled,896,140,0,0,0.0,0.0,0
1569:6,MathVerse_MINI_Vision_Only,scaled,896,881,0,0,0.0,0.0,0
1627:7,MathVerse_MINI_Vision_Only,native,827,506,0,0,0.0,0.0,0
1731:0,MMMU_DEV_VAL,native,766,123,0,0,0.0,0.0,0
1766:1,MathVision_MINI,scaled,896,400,0,0,0.0,0.0,0
1810:11,DynaMath,native,640,480,0,0,0.0,0.0,0
1878:0,DynaMath,native,330,328,0,0,0.0,0.0,0
2075:3,MathVerse_MINI_Vision_Only,scaled,752,896,0,0,0.0,0.0,0
2100:3,DynaMath,native,515,389,0,0,0.0,0.0,0
2130:8,MathVision_MINI,scaled,699,896,0,0,0.0,0.0,0
2149:5,DynaMath,native,640,480,0,0,0.0,0.0,0
2205:0,WeMath,native,392,300,0,0,0.0,0.0,0
2289:0,MathVerse_MINI_Vision_Only,native,887,613,0,0,0.0,0.0,0
2330:13,MathVision_MINI,scaled,896,208,0,0,0.0,0.0,0
2364:3,MathVerse_MINI_Vision_Only,scaled,896,761,0,0,0.0,0.0,0
2425:7,DynaMath,native,407,327,0,0,0.0,0.0,0
2495:6,MathVision_MINI,native,296,313,0,0,0.0,0.0,0
2561:11,MathVerse_MINI_Vision_Only,scaled,704,896,0,0,0.0,0.0,0
2672:2,MathVision_MINI,native,307,460,0,0,0.0,0.0,0
2731:5,MathVerse_MINI_Vision_Only,scaled,765,896,1,0,0.0,0.0,0
2793:1,MathVerse_MINI_Vision_Only,native,784,712,1,1,1.0,60.0,428
2841:5,DynaMath,native,400,400,0,0,0.0,0.0,0
2865:11,MMMU_DEV_VAL,scaled,648,896,1,0,0.0,0.0,0
