budget,trial,arm,digests_collide,self_diff,pair_diff,at_floor,ratio,ba,p_a,p_b,pix_diff
router,0,certified,1,0.0,0.0,1,1.0,0.5,0.0021827247535892384,0.0021827247535892384,428
router,0,control,0,0.0,0.453125,0,inf,0.5056579656893718,0.05340419757901317,0.04208826620026951,428
router,1,certified,1,0.0,0.0,1,1.0,0.5,0.001501185115719333,0.001501185115719333,428
router,1,control,0,0.0,1.125,0,inf,0.5278939125758927,0.08510038152391285,0.02931255637212748,428
router,2,certified,1,0.0,0.0,1,1.0,0.5,0.0019267419990895397,0.0019267419990895397,428
router,2,control,0,0.0,1.0,0,inf,0.5213865499786083,0.07585938344005663,0.03308628348284014,428
router,3,certified,1,0.0,0.0,1,1.0,0.5,0.0028009376219025927,0.0028009376219025927,428
router,3,control,0,0.0,0.875,0,inf,0.5170649809210249,0.06008751193889632,0.02595755009684659,428
stock,0,certified,0,0.0,0.53125,0,inf,0.5000000168445776,0.01798634471834131,0.017986311029185957,428
stock,0,control,0,0.0,0.39453125,0,inf,0.4990576792155164,0.006692876284656183,0.008577517853623253,428
stock,1,certified,0,0.0,0.46875,0,inf,0.5015383536489781,0.014063732831612509,0.010987025533656098,428
stock,1,control,0,0.0,0.53125,0,inf,0.5005001401699396,0.008577550293656146,0.0075772699537769795,428
stock,2,certified,0,0.0,0.4140625,0,inf,0.49754028248905297,0.010987046259518485,0.015906481281412574,428
stock,2,control,0,0.0,0.78125,0,inf,0.5021775914995857,0.014063732831612509,0.009708549832440934,428
stock,3,certified,0,0.0,0.53125,0,inf,0.5027773118074008,0.01798634471834131,0.012431721103539607,428
stock,3,control,0,0.0,0.40625,0,inf,0.49999999999999994,0.009708531494647772,0.009708531494647772,428
