budget,max_pixels,trial,arm,certified,pix_diff,amplitude,identity_resize,fields_differ
router,200704,0,exact_kernel,1,428,60,0,none
router,200704,0,negative_control,0,428,60,0,pixel_values
router,200704,1,exact_kernel,1,428,60,0,none
router,200704,1,negative_control,0,428,60,0,pixel_values
router,200704,2,exact_kernel,1,428,60,0,none
router,200704,2,negative_control,0,428,60,0,pixel_values
router,200704,3,exact_kernel,1,428,60,0,none
router,200704,3,negative_control,0,428,60,0,pixel_values
router,200704,4,exact_kernel,1,428,60,0,none
router,200704,4,negative_control,0,428,60,0,pixel_values
stock,12845056,0,exact_kernel,0,428,60,1,pixel_values
stock,12845056,0,negative_control,0,428,60,1,pixel_values
stock,12845056,1,exact_kernel,0,428,60,1,pixel_values
stock,12845056,1,negative_control,0,428,60,1,pixel_values
stock,12845056,2,exact_kernel,0,428,60,1,pixel_values
stock,12845056,2,negative_control,0,428,60,1,pixel_values
stock,12845056,3,exact_kernel,0,428,60,1,pixel_values
stock,12845056,3,negative_control,0,428,60,1,pixel_values
stock,12845056,4,exact_kernel,0,428,60,1,pixel_values
stock,12845056,4,negative_control,0,428,60,1,pixel_values
