seed,pair,digests_collide,conf,p_plac_a,p_plac_b,p_enc_a,p_enc_b,ba_plac,ba_enc,g_enc,ba_att,ba_rea,argmax_action,tie_width,checked
0,0,1,0.182431,0.053404,0.053404,0.132967,0.132967,0.5,0.5,0.0,0.5,0.5,stop,0.0,1
0,1,1,0.148052,0.033086,0.033086,0.132967,0.132967,0.5,0.5,0.0,0.5,0.515881,stop,0.0,1
0,2,1,0.148051,0.033086,0.033086,0.119206,0.119206,0.5,0.5,0.0,0.5,0.5,stop,0.0,1
0,3,1,0.164521,0.042088,0.042088,0.008578,0.132967,0.5,0.437805,-0.062195,0.553309,0.465867,stop,0.0,1
0,4,1,0.132968,0.029313,0.029313,0.14805,0.14805,0.5,0.5,0.0,0.5,0.512641,stop,0.0,1
0,5,1,0.201818,0.060087,0.060087,0.132967,6.6e-05,0.5,0.56645,0.06645,0.5,0.482274,enc,0.066450413,1
0,6,1,0.18243,0.042088,0.042088,0.16452,0.16452,0.5,0.5,0.0,0.486863,0.48222,stop,0.0,1
0,7,1,0.164521,0.042088,0.042088,0.132966,0.132966,0.5,0.5,0.0,0.5,0.5,stop,0.0,1
0,8,1,0.18243,0.053404,0.053404,0.002801,1e-05,0.5,0.501395,0.001395,nan,nan,enc,0.001395404,0
0,9,1,0.16452,0.037327,0.037327,0.132967,0.132967,0.5,0.5,0.0,nan,nan,stop,0.0,0
0,10,1,0.164521,0.042088,0.042088,0.14805,0.14805,0.5,0.5,0.0,nan,nan,stop,0.0,0
0,11,1,0.148052,0.033086,0.033086,0.148051,0.148051,0.5,0.5,0.0,nan,nan,stop,0.0,0
0,12,1,0.18243,0.053404,0.053404,0.119205,0.119205,0.5,0.5,0.0,nan,nan,stop,0.0,0
0,13,1,0.148051,0.042088,0.042088,0.148051,0.148051,0.5,0.5,0.0,nan,nan,stop,0.0,0
0,14,1,0.18243,0.047426,0.047426,0.119205,0.119205,0.5,0.5,0.0,nan,nan,stop,0.0,0
0,15,1,0.148051,0.037327,0.037327,0.16452,0.16452,0.5,0.5,0.0,nan,nan,stop,0.0,0
0,16,1,0.16452,0.037327,0.037327,0.132967,0.132967,0.5,0.5,0.0,nan,nan,stop,0.0,0
0,17,1,0.148052,0.033086,0.033086,0.14805,0.14805,0.5,0.5,0.0,nan,nan,stop,0.0,0
0,18,1,0.164521,0.042088,0.042088,0.106694,0.106694,0.5,0.5,0.0,nan,nan,stop,0.0,0
0,19,1,0.164521,0.042088,0.042088,0.132967,0.132967,0.5,0.5,0.0,nan,nan,stop,0.0,0
0,20,1,0.148052,0.033086,0.033086,8e-06,0.132967,0.5,0.433521,-0.066479,nan,nan,stop,0.0,0
0,21,1,0.164521,0.042088,0.042088,0.106693,0.106693,0.5,0.5,0.0,nan,nan,stop,0.0,0
0,22,1,0.164521,0.042088,0.042088,0.14805,0.14805,0.5,0.5,0.0,nan,nan,stop,0.0,0
0,23,1,0.148051,0.033086,0.033086,0.14805,0.14805,0.5,0.5,0.0,nan,nan,stop,0.0,0
0,24,1,0.164521,0.037327,0.037327,0.132967,0.132967,0.5,0.5,0.0,nan,nan,stop,0.0,0
0,25,1,0.18243,0.042088,0.042088,1.7e-05,0.119205,0.5,0.440406,-0.059594,nan,nan,stop,0.0,0
0,26,1,0.148051,0.037327,0.037327,0.000203,0.119205,0.5,0.440499,-0.059501,nan,nan,stop,0.0,0
0,27,1,0.18243,0.042088,0.042088,0.132967,0.132967,0.5,0.5,0.0,nan,nan,stop,0.0,0
0,28,1,0.164522,0.042088,0.042088,0.106693,0.106693,0.5,0.5,0.0,nan,nan,stop,0.0,0
0,29,1,0.148051,0.037327,0.037327,0.119206,0.119206,0.5,0.5,0.0,nan,nan,stop,0.0,0
0,30,1,0.164521,0.042088,0.042088,0.148051,0.148051,0.5,0.5,0.0,nan,nan,stop,0.0,0
0,31,1,0.182431,0.042088,0.042088,0.119205,0.119205,0.5,0.5,0.0,nan,nan,stop,0.0,0
0,32,1,0.222705,0.067548,0.067548,0.000123,0.132968,0.5,0.433578,-0.066422,nan,nan,stop,0.0,0
0,33,1,0.164521,0.037327,0.037327,0.132968,0.132968,0.5,0.5,0.0,nan,nan,stop,0.0,0
0,34,1,0.16452,0.037327,0.037327,0.16452,0.16452,0.5,0.5,0.0,nan,nan,stop,0.0,0
0,35,1,0.18243,0.042088,0.042088,0.119205,0.119205,0.5,0.5,0.0,nan,nan,stop,0.0,0
0,36,1,0.16452,0.033086,0.033086,0.201818,0.00038,0.5,0.600719,0.100719,nan,nan,enc,0.100719076,0
0,37,1,0.18243,0.042088,0.042088,0.119206,1.7e-05,0.5,0.559594,0.059594,nan,nan,enc,0.059594412,0
0,38,1,0.182431,0.053404,0.053404,9.6e-05,0.132968,0.5,0.433564,-0.066436,nan,nan,stop,0.0,0
0,39,1,0.201818,0.060088,0.060088,0.16452,0.16452,0.5,0.5,0.0,nan,nan,stop,0.0,0
