key,record,dist,router_action,router_regret_contrib
1001:2,1001,1.9759,att,0.293233
1002:1,1002,2.0007,att,0.0
1004:1,1004,1.9216,att,0.0
1005:4,1005,2.0293,rea,0.054432
1010:6,1010,2.0102,att,0.026274
1012:6,1012,2.0018,att,0.013761
1014:1,1014,1.7866,rea,0.0
1015:2,1015,2.0371,enc,0.02012
1015:21,1015,2.0371,enc,0.455484
1017:8,1017,2.0152,att,0.020887
1019:7,1019,2.0077,att,0.589868
1020:10,1020,1.8126,enc,0.331475
1023:6,1023,2.0028,att,0.048858
1026:1,1026,2.0061,att,0.0
1031:1,1031,1.9981,enc,0.405499
1032:9,1032,1.6499,att,0.006197
1034:2,1034,1.9642,enc,0.0
1034:5,1034,1.9642,enc,0.080567
1041:5,1041,1.6661,enc,0.0
1042:10,1042,1.9953,rea,0.0
1042:4,1042,1.9953,rea,0.0
1043:1,1043,1.5377,att,0.201394
1043:7,1043,1.5377,att,0.0
1044:7,1044,1.8261,rea,0.078998
1046:10,1046,1.976,enc,0.06266
1051:2,1051,2.0044,att,0.0
1051:5,1051,2.0044,att,0.0
1054:4,1054,1.9675,stop,2e-06
1054:6,1054,1.9675,stop,0.003984
1055:15,1055,2.0029,enc,0.001
1055:4,1055,2.0029,enc,0.016077
1055:6,1055,2.0029,enc,0.067129
1059:12,1059,1.9998,att,0.246091
105:2,105,1.9513,rea,0.071514
1061:6,1061,1.9363,stop,0.0
1063:1,1063,1.7547,stop,0.17918
1065:0,1065,1.9961,att,0.08261
1067:11,1067,2.0356,rea,0.146831
1067:2,1067,2.0356,rea,0.043272
1067:9,1067,2.0356,rea,0.266977
106:4,106,1.9978,stop,0.129698
1071:1,1071,1.9957,rea,0.0
1072:0,1072,1.9493,stop,0.090442
1076:6,1076,1.8734,att,0.009002
1077:2,1077,2.009,rea,0.408498
1079:11,1079,1.9608,enc,0.0
1079:6,1079,1.9608,enc,0.0
1080:1,1080,1.9646,att,0.019388
1083:16,1083,1.9439,rea,0.0
1083:9,1083,1.9439,rea,0.043271
1086:11,1086,1.939,enc,0.081877
108:2,108,2.0002,rea,0.0
1096:0,1096,1.9996,att,0.0
1097:3,1097,1.9712,stop,0.0
1098:9,1098,2.0129,rea,0.031461
1101:9,1101,1.8481,rea,0.0
1102:5,1102,2.0277,stop,0.0
1106:7,1106,1.9668,rea,0.31709
1107:8,1107,1.996,att,0.002666
1110:5,1110,1.6529,att,0.175728
1111:4,1111,1.9902,rea,0.286363
1114:9,1114,1.9868,enc,0.116009
1115:10,1115,1.9325,rea,0.0
1116:13,1116,2.0082,att,0.136499
1121:3,1121,1.9345,rea,0.010251
1121:6,1121,1.9345,rea,0.052698
1124:6,1124,1.9992,rea,0.053262
1131:6,1131,2.009,rea,0.253531
1134:3,1134,1.9979,stop,0.111789
1136:4,1136,2.0063,att,0.19871
1139:12,1139,2.0253,att,0.033771
1139:2,1139,2.0253,att,0.0
1139:8,1139,2.0253,att,0.003077
1139:9,1139,2.0253,att,0.0
113:1,113,1.6922,enc,0.0
1144:4,1144,2.0241,rea,0.234207
1145:3,1145,2.0158,rea,0.094448
1149:8,1149,1.9921,enc,0.0
114:4,114,1.9459,att,0.0
1154:4,1154,1.9824,enc,0.334642
1163:0,1163,1.8975,stop,0.0
1164:2,1164,2.0312,rea,0.100671
1166:6,1166,1.8941,enc,0.0
1166:8,1166,1.8941,enc,0.031552
1167:4,1167,1.9924,att,0.0
1169:8,1169,1.594,att,0.583007
1173:4,1173,1.9383,enc,0.089177
1174:0,1174,1.8434,enc,0.03644
1174:5,1174,1.8434,enc,0.0
1179:1,1179,1.9633,rea,0.047866
1180:2,1180,1.995,enc,0.0
1186:3,1186,2.0002,att,0.0
1188:1,1188,1.9832,rea,0.016881
118:3,118,1.9204,enc,0.0
1191:6,1191,1.9384,rea,0.306478
1192:10,1192,1.9829,rea,0.0
1192:6,1192,1.9829,rea,0.0
1199:0,1199,1.9301,enc,0.347247
11:2,11,1.7904,rea,0.196577
1200:6,1200,2.0398,rea,0.137168
1202:2,1202,1.9746,enc,0.018
1202:4,1202,1.9746,enc,0.087077
1205:2,1205,1.9167,att,0.272785
1207:13,1207,1.7418,enc,0.0
120:3,120,1.9733,att,0.244577
1210:1,1210,1.855,rea,0.0
1211:2,1211,1.7341,stop,0.320742
1211:4,1211,1.7341,stop,0.440033
1212:3,1212,2.0029,att,0.0
1217:0,1217,1.9432,att,0.020317
1218:2,1218,1.9415,stop,0.306555
1219:6,1219,1.9674,rea,0.088008
1220:8,1220,2.0029,enc,0.187856
1222:12,1222,1.7592,enc,0.090936
1222:13,1222,1.7592,enc,0.01647
1223:10,1223,2.0084,att,0.833011
1223:6,1223,2.0084,att,0.015082
1224:11,1224,2.0416,rea,0.019403
1224:3,1224,2.0416,rea,0.482726
1228:6,1228,1.9553,rea,0.005978
1236:1,1236,1.9972,rea,0.301452
1239:12,1239,1.9746,att,0.026606
123:4,123,1.9935,rea,0.040275
123:5,123,1.9935,rea,0.000795
1241:1,1241,1.4527,enc,0.69837
1244:7,1244,1.9942,enc,0.311982
1246:3,1246,2.0266,att,0.307296
1248:1,1248,2.0092,enc,0.0
124:9,124,1.8457,enc,0.016443
1250:8,1250,1.891,rea,0.201455
1255:12,1255,1.9552,att,0.223705
1256:13,1256,1.9804,att,0.0
1256:2,1256,1.9804,att,0.0
1259:5,1259,1.9516,rea,0.313919
125:3,125,1.9953,rea,0.174575
1261:9,1261,2.0024,stop,0.0
1262:6,1262,1.9414,att,0.351953
1263:5,1263,2.0028,att,0.028896
1265:2,1265,1.9839,att,0.002346
1265:4,1265,1.9839,att,0.0
1278:0,1278,2.0247,stop,0.138391
1281:6,1281,2.0044,att,0.272638
1285:8,1285,1.9869,stop,0.002346
1289:1,1289,1.9528,att,0.0
1289:3,1289,1.9528,att,0.040275
128:3,128,2.0413,enc,0.0
128:8,128,2.0413,enc,0.0
1292:5,1292,1.9693,att,0.0
1293:13,1293,1.9553,rea,0.026606
1293:7,1293,1.9553,rea,0.088658
1294:6,1294,2.0079,stop,0.0
1296:0,1296,2.0053,stop,0.0
129:0,129,1.5728,stop,0.169228
12:3,12,1.9621,enc,0.693734
1303:4,1303,1.947,enc,0.366693
1304:1,1304,0.9643,att,0.113119
1304:10,1304,0.9643,att,0.125955
1304:4,1304,0.9643,att,0.062175
1305:2,1305,1.9594,rea,0.11312
1307:1,1307,1.397,rea,0.520724
1309:7,1309,1.9068,att,0.253274
130:7,130,2.0054,att,0.039145
1310:1,1310,1.7765,rea,0.023634
1312:1,1312,2.0077,att,0.0
1315:12,1315,1.9573,rea,0.357135
1315:6,1315,1.9573,rea,0.0
1320:11,1320,1.9352,rea,0.057098
1323:6,1323,2.023,rea,0.034461
1324:6,1324,1.9869,stop,0.205515
1325:11,1325,2.0195,enc,0.972873
1325:3,1325,2.0195,enc,0.274369
1325:8,1325,2.0195,enc,0.065418
1327:1,1327,1.9727,rea,0.0
1328:6,1328,2.0326,enc,0.0
132:4,132,1.7088,rea,0.207775
132:7,132,1.7088,rea,0.014471
1331:6,1331,1.9974,stop,0.154843
1331:9,1331,1.9974,stop,0.215125
1332:5,1332,2.0172,stop,0.0805
1336:9,1336,1.9851,rea,0.0
1338:10,1338,2.0014,rea,0.02143
1339:3,1339,1.9754,enc,0.04159
133:1,133,1.9492,att,0.281096
133:3,133,1.9492,att,0.0
1340:8,1340,1.8481,rea,0.091627
1341:11,1341,2.0049,att,0.005978
1343:5,1343,1.7088,rea,0.00406
1344:6,1344,1.4687,stop,1e-06
1352:1,1352,1.9658,att,0.390853
1353:9,1353,1.9558,att,0.0
1355:1,1355,1.8789,stop,0.145615
1357:4,1357,1.9349,rea,0.007071
1358:13,1358,1.9871,rea,0.121995
1364:1,1364,1.9651,rea,0.068555
1369:3,1369,2.0117,rea,0.0
136:5,136,1.9803,rea,0.656913
1371:2,1371,1.9926,stop,0.0
1374:5,1374,1.9627,rea,0.0
1375:4,1375,2.0251,att,0.0
1376:3,1376,1.9849,att,0.0
1377:12,1377,1.8984,att,0.008312
1377:13,1377,1.8984,att,0.0
1377:2,1377,1.8984,att,0.0
1378:5,1378,1.9903,stop,0.0
1381:10,1381,1.9961,rea,0.081275
1382:5,1382,1.9705,rea,0.162247
1386:11,1386,1.855,enc,0.0
1387:2,1387,1.7088,rea,0.082722
1392:22,1392,1.7088,rea,0.103935
1396:7,1396,1.9533,enc,0.019492
1396:8,1396,1.9533,enc,0.057106
13:8,13,1.9359,att,0.082531
1401:2,1401,1.9894,att,0.13938
1404:2,1404,1.9548,att,0.080269
1409:0,1409,1.4264,rea,0.056077
1413:4,1413,1.8263,rea,0.030489
1413:5,1413,1.8263,rea,0.0
1414:6,1414,1.9766,enc,0.0
1417:0,1417,1.9542,rea,0.174572
1422:6,1422,1.9814,rea,0.0
1424:4,1424,1.9962,enc,0.030833
1425:1,1425,1.9814,att,0.208854
1425:11,1425,1.9814,att,0.006335
1425:9,1425,1.9814,att,0.016131
1427:5,1427,2.0216,att,0.05672
1430:11,1430,1.9641,att,0.031552
1437:14,1437,1.988,rea,0.078073
1437:9,1437,1.988,rea,0.0
1438:2,1438,0.9933,enc,0.098121
143:2,143,0.6865,rea,0.042773
1445:4,1445,2.0055,enc,0.0
1449:1,1449,1.7547,enc,0.001542
144:8,144,2.0233,enc,0.01791
1453:3,1453,1.9936,rea,0.122203
1455:5,1455,1.9934,att,0.00184
1455:9,1455,1.9934,att,0.133558
1457:1,1457,2.0038,rea,0.024448
145:6,145,1.8314,rea,0.043272
1466:4,1466,1.9765,att,0.041357
1467:11,1467,1.8313,rea,0.328244
1468:2,1468,1.883,att,0.0
1472:12,1472,1.9979,stop,0.213531
1473:5,1473,1.9634,att,0.059996
1473:9,1473,1.9634,att,0.078372
1479:5,1479,1.9712,att,0.210387
1481:2,1481,2.0302,rea,0.0
1482:3,1482,1.8921,enc,0.07867
1482:5,1482,1.8921,enc,0.053766
1485:0,1485,1.9935,rea,0.202848
1486:3,1486,2.0136,rea,0.058183
1488:2,1488,2.0252,rea,0.286367
1488:5,1488,2.0252,rea,0.221517
1491:9,1491,2.0128,rea,0.040275
1492:12,1492,1.9879,rea,0.004919
1493:5,1493,2.002,rea,0.0
1498:2,1498,1.9085,enc,0.552469
1499:2,1499,2.0019,att,0.0
149:0,149,1.9891,enc,0.185332
149:6,149,1.9891,enc,0.019491
14:6,14,2.0018,att,0.058183
14:7,14,2.0018,att,0.016076
1500:2,1500,1.9204,att,0.106932
1500:3,1500,1.9204,att,0.045314
1503:3,1503,1.9777,rea,0.367212
1503:5,1503,1.9777,rea,0.643497
1508:5,1508,1.764,att,0.086513
1509:0,1509,1.9923,stop,0.0
1509:3,1509,1.9923,stop,0.051879
1511:6,1511,2.0235,rea,0.041357
1511:9,1511,2.0235,rea,0.0658
1512:5,1512,2.0348,stop,0.246094
1515:12,1515,1.397,rea,0.023857
1519:8,1519,1.9284,enc,0.006684
1523:11,1523,2.0049,att,0.0
1524:1,1524,2.0227,rea,0.004426
1524:10,1524,2.0227,rea,0.11458
1528:4,1528,1.8215,att,0.087961
152:0,152,1.9553,rea,0.071515
1532:1,1532,2.0057,rea,0.047812
1538:18,1538,1.9747,rea,0.092256
1539:1,1539,2.016,att,0.0
1540:3,1540,1.6078,rea,0.0658
1540:9,1540,1.6078,rea,0.104426
1545:3,1545,1.9145,att,0.0
1550:10,1550,1.9414,stop,0.018416
1550:3,1550,1.9414,stop,0.0
1550:7,1550,1.9414,stop,0.471123
1551:7,1551,1.968,rea,-0.0
1552:1,1552,2.0015,att,0.0
1552:10,1552,2.0015,att,0.156305
1553:3,1553,2.0392,rea,0.022041
1559:1,1559,1.5715,rea,0.361455
1560:2,1560,2.0334,rea,0.296939
1560:5,1560,2.0334,rea,0.0
1561:2,1561,1.9838,rea,1e-06
1561:4,1561,1.9838,rea,0.55058
1563:8,1563,1.9977,enc,0.0
1566:5,1566,2.0024,stop,0.006115
1567:1,1567,1.8745,rea,0.068506
1569:6,1569,1.9083,rea,0.247731
1579:0,1579,1.9913,stop,0.0
1579:1,1579,1.9913,stop,0.021592
157:2,157,1.8698,att,0.0
1580:1,1580,1.9875,att,0.025013
1584:1,1584,1.974,att,0.0
1584:2,1584,1.974,att,0.019574
1586:6,1586,1.9867,enc,0.012661
1594:5,1594,2.0158,att,0.143408
159:4,159,2.0132,rea,0.028195
159:5,159,2.0132,rea,0.378578
15:2,15,2.0108,rea,0.008589
15:5,15,2.0108,rea,0.003355
1600:6,1600,1.9499,enc,0.518387
1602:3,1602,1.9968,stop,0.013762
1606:10,1606,2.0394,rea,0.027824
1607:2,1607,2.0384,rea,0.444898
1615:0,1615,1.9712,enc,0.621947
1616:1,1616,1.8965,stop,0.034104
1616:6,1616,1.8965,stop,0.069168
1617:12,1617,1.8496,enc,0.0
1617:5,1617,1.8496,enc,0.061457
1617:7,1617,1.8496,enc,0.390399
1619:3,1619,1.999,att,0.0
161:6,161,1.268,enc,0.0
1622:3,1622,1.7765,rea,0.058687
1625:7,1625,1.9754,rea,0.097634
1626:2,1626,2.0211,enc,0.320743
1627:7,1627,1.9803,enc,0.013761
162:8,162,1.9972,rea,0.028432
1633:8,1633,2.0073,att,0.041358
1634:7,1634,1.9818,rea,0.117002
1635:5,1635,1.9492,att,0.258335
1636:5,1636,1.8248,rea,0.007129
1640:9,1640,0.7579,enc,0.117277
1645:3,1645,1.7966,rea,0.058184
1646:2,1646,1.9715,att,0.0
164:2,164,2.0387,att,0.0
1656:11,1656,1.9602,rea,0.205519
1657:3,1657,2.023,enc,0.038235
165:6,165,1.9214,enc,0.027001
1661:3,1661,1.7221,rea,0.008015
1661:5,1661,1.7221,rea,0.033292
1665:2,1665,1.6443,att,0.0
1666:8,1666,1.9869,stop,0.057783
1667:1,1667,1.9832,att,0.0
1669:12,1669,1.9286,att,0.31742
166:1,166,2.0393,enc,0.021592
1670:3,1670,1.8126,enc,0.162251
1671:4,1671,2.0057,att,0.026606
1671:6,1671,2.0057,att,0.0
1679:4,1679,1.7221,rea,0.0
167:5,167,2.0004,rea,0.021592
1682:5,1682,1.9865,stop,0.185331
1683:6,1683,2.0321,enc,0.012513
1684:1,1684,2.0268,enc,0.574072
1684:11,1684,2.0268,enc,0.159989
1684:4,1684,2.0268,enc,0.075382
1687:0,1687,2.0084,enc,0.151769
1689:12,1689,1.9652,rea,0.093362
1689:8,1689,1.9652,rea,0.045294
1689:9,1689,1.9652,rea,0.138391
1693:2,1693,1.8638,att,0.023853
1699:7,1699,2.0092,enc,0.05897
169:4,169,1.9879,enc,0.0
1702:2,1702,1.9814,enc,0.827393
1703:2,1703,2.0224,enc,0.449537
1708:2,1708,1.9641,enc,0.483081
1714:4,1714,2.0053,stop,0.21353
1721:2,1721,1.9868,rea,0.476939
1723:11,1723,2.0383,rea,0.044869
1726:10,1726,1.9669,enc,0.018114
1727:2,1727,1.9843,enc,0.0
1730:1,1730,1.6666,stop,0.164486
1730:5,1730,1.6666,stop,0.097326
1731:0,1731,1.7784,rea,0.034462
1731:3,1731,1.7784,rea,0.037673
1736:4,1736,1.9834,att,0.001013
1737:6,1737,2.0208,enc,0.008914
1739:0,1739,1.941,stop,0.043764
173:0,173,2.0084,att,0.0
1740:1,1740,1.594,enc,0.351952
1740:10,1740,1.594,enc,0.0
1740:3,1740,1.594,enc,0.271844
1740:6,1740,1.594,enc,0.054429
1741:11,1741,1.9681,att,0.0
1742:1,1742,1.9974,stop,0.089736
1742:3,1742,1.9974,stop,0.120893
1743:3,1743,1.9888,stop,0.043011
1746:13,1746,1.931,rea,0.0
1746:4,1746,1.931,rea,0.0
1751:0,1751,1.594,enc,0.442969
1751:1,1751,1.594,enc,0.095123
1761:3,1761,1.9459,att,0.24609
1761:8,1761,1.9459,att,0.0
1762:2,1762,1.7121,rea,0.020317
1763:2,1763,1.886,rea,0.0
1764:2,1764,2.0092,rea,0.184129
1765:6,1765,2.0299,rea,0.117091
1766:1,1766,1.9518,enc,0.893201
1769:2,1769,2.0188,att,0.006684
1770:6,1770,1.4918,enc,0.0
1774:2,1774,2.047,enc,0.034378
1777:9,1777,1.9693,stop,0.0
177:13,177,1.9843,enc,0.119215
177:5,177,1.9843,enc,0.003016
177:6,177,1.9843,enc,0.0
1781:12,1781,2.0126,rea,0.095122
1784:4,1784,2.0125,att,0.059265
1786:4,1786,2.0297,stop,0.253295
1789:10,1789,1.9649,rea,0.027001
1790:14,1790,1.8313,enc,0.021592
1791:7,1791,2.0232,rea,0.196545
1795:4,1795,1.974,att,0.474412
1796:5,1796,1.9551,rea,0.253274
1799:1,1799,1.9492,att,0.0
1800:7,1800,2.0337,stop,0.0
1803:3,1803,0.7579,enc,0.0
1804:2,1804,1.9819,att,0.393304
1806:0,1806,1.9984,att,0.0
1806:5,1806,1.9984,att,0.687436
1807:7,1807,2.0002,enc,0.062661
1807:8,1807,2.0002,enc,0.0
180:9,180,1.9711,att,0.037673
1810:11,1810,2.0029,stop,0.17359
1810:7,1810,2.0029,stop,0.0
1816:1,1816,1.9429,att,0.0
1816:2,1816,1.9429,att,0.268262
1818:1,1818,2.0387,rea,0.731278
1820:1,1820,2.0401,stop,0.092401
1820:5,1820,2.0401,stop,0.034532
1831:1,1831,1.9765,att,0.0
1831:6,1831,1.9765,att,0.003678
1837:5,1837,2.0372,att,0.067113
1839:2,1839,1.9225,att,0.138394
1842:9,1842,2.0041,stop,0.09571
1843:9,1843,1.746,stop,-0.0
1847:12,1847,2.0108,att,0.009241
1849:10,1849,1.931,rea,0.027803
184:9,184,1.976,att,0.125944
1850:3,1850,1.9606,rea,0.035486
1850:5,1850,1.9606,rea,0.05672
1851:0,1851,1.6464,enc,0.169228
1852:4,1852,1.9968,rea,0.0
1854:19,1854,1.9796,rea,0.024548
1854:7,1854,1.9796,rea,0.019387
1860:1,1860,1.9686,rea,0.53278
1861:1,1861,2.0149,stop,0.0
1862:2,1862,2.0401,rea,0.066261
1862:3,1862,2.0401,rea,0.110689
1863:4,1863,1.9755,enc,0.0
1863:6,1863,1.9755,enc,0.0
1864:2,1864,1.8458,enc,0.155266
1864:4,1864,1.8458,enc,0.020887
1869:6,1869,2.0211,enc,0.10596
1875:2,1875,2.0024,stop,0.0
1875:6,1875,2.0024,stop,0.104429
1877:8,1877,1.9751,att,0.074653
1878:0,1878,2.034,att,0.0
1882:6,1882,1.9696,att,0.0
1893:1,1893,2.0365,enc,0.0
1894:3,1894,2.0019,att,0.011369
1895:7,1895,1.9681,att,0.258336
1897:1,1897,1.9029,enc,0.653058
1898:6,1898,1.9951,rea,0.019111
18:0,18,2.0111,att,0.122456
1905:6,1905,1.9516,rea,0.319068
1906:3,1906,1.9981,stop,0.0
1907:4,1907,1.8638,rea,0.096953
1913:6,1913,1.9349,enc,0.321764
1918:9,1918,1.9406,enc,0.002645
1925:1,1925,2.0024,stop,0.123877
1932:11,1932,1.9397,enc,0.0
1936:4,1936,1.8515,enc,0.183846
1942:11,1942,1.4851,enc,0.135978
1942:5,1942,1.4851,enc,0.008312
1942:6,1942,1.4851,enc,0.143608
1946:3,1946,1.9584,att,0.0
1947:1,1947,2.0232,stop,0.0
194:2,194,1.9976,stop,0.033053
1951:4,1951,1.9904,stop,0.0
1955:4,1955,1.9574,att,0.049463
1956:1,1956,1.746,rea,0.091225
1956:7,1956,1.746,rea,0.001445
1959:1,1959,2.0031,att,0.0
1960:1,1960,2.0019,rea,0.120087
1962:1,1962,1.605,rea,0.066288
1962:6,1962,1.605,rea,0.001009
1964:0,1964,1.9494,stop,0.060283
1965:11,1965,1.9732,stop,0.0
1968:2,1968,2.0252,stop,0.362217
196:7,196,1.9902,rea,0.037221
1970:0,1970,1.9951,att,0.074331
1970:5,1970,1.9951,att,0.0
1976:4,1976,1.9709,att,0.0
1977:1,1977,1.954,rea,0.0
1977:2,1977,1.954,rea,0.14598
1977:4,1977,1.954,rea,0.0
197:3,197,1.9771,enc,0.241354
1981:9,1981,2.0173,stop,0.28025
1985:11,1985,1.9929,att,0.0
1985:12,1985,1.9929,att,0.001
1985:3,1985,1.9929,att,0.068849
1986:0,1986,1.9995,att,0.0
1986:2,1986,1.9995,att,0.22491
1986:9,1986,1.9995,att,0.185374
1988:7,1988,1.9878,stop,0.003854
1988:9,1988,1.9878,stop,0.0
1989:2,1989,1.9204,att,0.0
1989:7,1989,1.9204,att,0.10443
1992:10,1992,2.0413,rea,0.156305
1995:3,1995,1.8788,stop,0.037295
1995:4,1995,1.8788,stop,0.0
1997:5,1997,2.0425,rea,0.0
1:6,1,2.0018,enc,0.0
2000:13,2000,2.0024,rea,0.107713
2000:2,2000,2.0024,rea,0.0
2001:9,2001,1.8074,enc,0.016076
2004:11,2004,1.9603,rea,0.065746
2005:1,2005,1.9585,rea,0.201477
2016:3,2016,1.9549,rea,0.0
2018:11,2018,1.9907,stop,0.473467
2018:6,2018,1.9907,stop,0.559008
2019:2,2019,2.0276,rea,0.242907
2019:5,2019,2.0276,rea,0.158473
201:3,201,1.9968,att,0.154843
2023:5,2023,1.9606,rea,0.065249
2025:17,2025,1.9972,att,0.223705
2025:19,2025,1.9972,att,0.138393
2026:9,2026,2.0024,stop,0.0
2029:6,2029,1.8795,enc,0.02276
2033:3,2033,1.9684,rea,0.066918
2034:1,2034,1.9934,att,0.095124
2037:4,2037,1.9992,rea,0.127352
2038:4,2038,1.9879,rea,0.02844
2041:1,2041,1.9573,enc,0.496752
204:1,204,2.0067,att,0.0
2050:3,2050,1.3191,rea,0.018341
2051:6,2051,2.0405,enc,0.0
2059:12,2059,1.9654,att,0.129448
2059:6,2059,1.9654,att,0.028025
2064:3,2064,2.0031,rea,0.08652
2066:2,2066,1.9849,att,0.0
2069:6,2069,1.9853,enc,0.009241
2071:0,2071,0.8981,rea,0.0
2075:3,2075,1.9533,enc,0.224903
2076:7,2076,2.0399,stop,0.044826
2077:1,2077,1.9732,stop,0.0
2078:9,2078,1.9814,enc,0.0
207:6,207,2.0232,stop,0.0
2080:3,2080,1.81,att,0.0
2080:6,2080,1.81,att,0.033771
2081:1,2081,1.9412,enc,0.0
2085:6,2085,2.0348,stop,0.949773
2086:1,2086,1.9722,att,0.123876
2087:0,2087,2.0338,stop,0.0
2089:11,2089,1.9348,rea,0.0
2089:13,2089,1.9348,rea,0.0
208:6,208,1.8598,enc,0.0
2090:6,2090,2.0131,stop,0.075735
2092:1,2092,2.0365,rea,0.0
2092:4,2092,2.0365,rea,0.022385
2096:3,2096,1.9863,enc,0.033072
2097:6,2097,1.9742,enc,0.081351
2100:3,2100,2.0372,rea,0.101733
2104:11,2104,2.0058,stop,0.166218
2106:1,2106,1.9486,rea,0.376168
2106:4,2106,1.9486,rea,0.158568
2109:8,2109,1.8638,att,0.022455
2112:5,2112,1.9948,stop,0.137601
2114:0,2114,2.0351,stop,0.0
2114:2,2114,2.0351,stop,0.125948
2116:2,2116,1.992,att,0.132454
2118:2,2118,1.9686,rea,0.397034
2120:4,2120,1.9654,rea,0.0
2125:9,2125,2.0114,enc,0.069193
2127:5,2127,2.0053,att,0.02282
2127:8,2127,2.0053,att,0.0
212:3,212,1.9956,att,0.0
2130:4,2130,1.91,rea,0.005622
2130:8,2130,1.91,rea,0.004994
2132:1,2132,1.9765,stop,0.060284
2133:1,2133,1.9059,stop,0.24402
2133:11,2133,1.9059,stop,0.001131
2133:8,2133,1.9059,stop,0.198864
2135:6,2135,1.9348,rea,0.0
2137:1,2137,1.9868,rea,0.0
2138:1,2138,1.9641,att,0.317087
2139:13,2139,1.9875,att,0.0
213:1,213,2.0281,enc,0.046604
2142:9,2142,2.0225,enc,0.039144
2143:5,2143,2.0252,att,0.060282
2144:2,2144,2.004,att,0.005978
2145:2,2145,2.0323,rea,0.334031
2147:7,2147,1.9866,stop,0.083325
2149:5,2149,1.9982,rea,0.117002
2150:11,2150,2.019,rea,0.244022
2153:8,2153,1.9879,stop,0.874104
2154:2,2154,1.9397,enc,0.0
2157:1,2157,1.9993,rea,0.158878
2161:7,2161,2.0076,stop,0.302709
2163:0,2163,1.9357,rea,0.06676
2165:15,2165,1.9981,att,0.031696
2167:0,2167,1.9486,att,0.132455
2168:3,2168,1.9626,att,0.066029
2171:2,2171,1.762,enc,0.0
2171:5,2171,1.762,enc,0.046241
2173:9,2173,1.9965,enc,0.027803
2176:10,2176,1.6919,rea,0.059116
2178:11,2178,2.0077,enc,0.06917
2179:2,2179,0.9643,att,0.0
217:1,217,2.0004,att,0.080568
2182:1,2182,2.0145,rea,0.031208
2182:2,2182,2.0145,rea,2e-06
2183:8,2183,1.8789,att,0.0
2185:3,2185,1.9804,rea,0.09125
2186:6,2186,1.9758,att,0.271844
2186:7,2186,1.9758,att,0.023857
2189:5,2189,1.9645,stop,0.0
2189:6,2189,1.9645,stop,0.0
2192:4,2192,1.9851,stop,0.06242
2198:6,2198,1.9101,enc,0.0
2200:5,2200,1.9226,rea,0.372053
2205:0,2205,2.0053,stop,0.271845
2205:5,2205,2.0053,stop,0.0
2206:2,2206,1.8983,rea,0.0
2207:5,2207,1.9646,enc,0.0
2209:2,2209,2.0404,rea,0.016383
2211:1,2211,1.961,stop,0.0
2215:3,2215,2.0429,rea,0.0
2216:6,2216,1.9705,rea,0.0
2218:0,2218,1.9101,att,0.320741
2218:1,2218,1.9101,att,0.103561
2218:2,2218,1.9101,att,0.0
2220:0,2220,2.0054,att,0.159531
2222:2,2222,2.0017,rea,0.044633
2222:4,2222,2.0017,rea,0.0
2231:4,2231,2.0276,enc,0.584729
2237:12,2237,1.9935,stop,0.020121
223:5,223,1.9979,att,0.0
2240:2,2240,1.9715,att,0.0
2243:4,2243,1.9325,rea,0.0
2246:9,2246,1.5147,rea,0.023853
2248:7,2248,1.8897,rea,0.0
2250:1,2250,2.0196,stop,0.090877
2250:2,2250,2.0196,stop,0.029794
2251:3,2251,1.9899,rea,0.517703
2251:4,2251,1.9899,rea,0.347368
2255:8,2255,1.9642,stop,0.241953
2256:5,2256,1.9818,att,0.122458
2258:3,2258,2.0129,att,0.022868
225:8,225,2.0077,att,0.485975
2264:3,2264,2.0168,rea,0.161253
2267:6,2267,2.0154,att,0.094643
2268:2,2268,1.9932,rea,0.0
226:2,226,2.0047,att,0.019387
2271:7,2271,1.9482,rea,0.8887
2273:11,2273,1.9663,att,0.024449
2273:7,2273,1.9663,att,0.089178
2275:2,2275,1.9912,att,0.309839
2276:4,2276,1.9846,att,0.01613
2278:5,2278,2.0074,att,0.063224
2283:3,2283,2.008,enc,0.0
2284:2,2284,1.9888,stop,0.0
2284:4,2284,1.9888,stop,0.161251
2285:4,2285,1.8788,att,0.0
2288:4,2288,1.9641,enc,0.095592
2288:6,2288,1.9641,enc,0.457909
2289:0,2289,1.8467,stop,0.0
2292:3,2292,1.9081,rea,0.02319
2296:2,2296,1.9888,stop,0.0
2296:7,2296,1.9888,stop,0.215123
2298:0,2298,2.0129,rea,0.04557
2298:10,2298,2.0129,rea,0.091249
2298:2,2298,2.0129,rea,0.150635
2299:13,2299,2.0195,stop,0.122459
2299:6,2299,2.0195,stop,0.0
229:5,229,1.9652,att,0.056718
22:0,22,2.0299,stop,0.0
2302:13,2302,1.9668,rea,0.109415
2303:2,2303,2.0055,rea,0.023854
2305:10,2305,1.9079,enc,0.215122
2305:4,2305,1.9079,enc,0.101666
2307:4,2307,1.9925,att,0.0
2309:2,2309,2.0111,stop,0.0
2310:5,2310,1.9216,att,0.129854
2311:3,2311,1.97,rea,0.164302
2313:2,2313,1.9949,att,0.097038
2316:10,2316,1.9897,att,0.439477
2316:9,2316,1.9897,att,0.756601
2320:12,2320,2.0227,enc,0.090651
2320:5,2320,2.0227,enc,0.054429
2322:6,2322,1.9668,att,0.023854
2323:4,2323,1.9944,enc,0.050656
2325:1,2325,1.9661,enc,0.273204
2326:11,2326,1.9753,enc,0.140338
2330:13,2330,2.0076,att,0.028467
2333:2,2333,1.9626,rea,0.0771
2334:2,2334,1.9867,enc,0.289776
2335:0,2335,2.0234,stop,0.10356
2335:5,2335,2.0234,stop,0.042772
2337:3,2337,1.964,stop,0.0
2338:6,2338,2.039,att,0.205518
233:0,233,1.9956,rea,0.24388
2341:3,2341,1.9992,rea,0.042307
2350:4,2350,2.0339,enc,0.138391
2355:3,2355,2.0273,att,0.120145
235:7,235,2.0169,stop,0.335483
2361:7,2361,1.9365,rea,0.013117
2364:3,2364,1.9866,stop,0.23601
2367:5,2367,2.0387,rea,0.070891
236:6,236,1.9988,enc,0.16225
2377:12,2377,1.9284,att,0.0
237:4,237,2.0063,enc,0.0
2380:5,2380,1.9499,att,0.009242
2384:7,2384,2.0129,rea,0.120462
2388:4,2388,2.0375,rea,0.312575
2388:5,2388,2.0375,rea,0.050729
2391:5,2391,2.0299,stop,0.015112
2393:2,2393,2.0283,rea,0.025705
2395:12,2395,1.9855,att,0.120895
2395:4,2395,1.9855,att,0.273307
2395:5,2395,1.9855,att,0.002346
2401:3,2401,2.0146,rea,0.03022
2402:5,2402,2.0339,rea,0.243755
2403:1,2403,1.9675,rea,0.014143
2403:10,2403,1.9675,rea,0.098121
2405:2,2405,2.0107,enc,0.122716
2406:2,2406,1.9948,att,0.0
240:6,240,1.9865,stop,0.045313
2412:13,2412,1.9973,enc,0.332737
2412:3,2412,1.9973,enc,0.301449
2413:5,2413,1.8732,rea,0.115088
2414:4,2414,2.0237,att,0.0
2420:6,2420,1.9631,enc,0.0
2422:0,2422,1.9328,att,0.086517
2424:3,2424,1.7121,rea,0.0
2425:7,2425,1.6464,enc,0.0
2427:7,2427,2.0061,rea,0.159093
242:1,242,2.0034,stop,0.055526
242:11,242,2.0034,stop,0.0
2431:3,2431,1.8245,stop,0.021469
2436:7,2436,2.0299,stop,0.0
243:4,243,1.6529,rea,0.263008
2440:2,2440,2.0028,rea,0.107517
2441:11,2441,1.9772,enc,0.0
2444:2,2444,1.9473,rea,0.182565
2444:3,2444,1.9473,rea,0.038532
2448:11,2448,1.6634,att,0.0
2449:1,2449,1.8749,att,0.169995
2449:10,2449,1.8749,att,0.0
2454:8,2454,2.0083,enc,0.022455
2456:9,2456,2.0168,att,0.011316
2457:6,2457,1.7615,rea,0.002569
2459:3,2459,1.9812,att,0.0
2461:3,2461,2.0297,enc,0.62195
2463:2,2463,1.9722,rea,0.207355
2467:0,2467,1.9946,rea,0.184633
2469:3,2469,1.8732,att,0.028897
2470:1,2470,2.0025,att,0.0
2476:1,2476,2.0004,rea,0.086512
2479:1,2479,1.9438,rea,0.0
2479:4,2479,1.9438,rea,0.203932
2482:2,2482,1.9115,enc,0.0
2484:11,2484,1.9561,stop,0.00746
248:7,248,2.0155,rea,0.53804
2491:3,2491,1.9909,att,0.0
2495:6,2495,1.8897,rea,0.153162
2496:0,2496,1.9424,att,0.231061
2496:10,2496,1.9424,att,0.140257
2497:3,2497,1.9613,att,0.0
2499:5,2499,1.9651,rea,0.115728
24:2,24,2.0004,att,0.0
2502:6,2502,1.9608,enc,0.0
2503:13,2503,1.9976,att,0.414842
2507:3,2507,2.0369,rea,0.816506
2508:9,2508,1.9732,stop,0.0
2510:0,2510,1.9968,enc,0.175726
2512:0,2512,2.0007,rea,0.108599
2512:2,2512,2.0007,rea,0.154305
2514:13,2514,2.0047,att,0.252175
2515:2,2515,1.9879,stop,0.046546
2519:21,2519,1.4472,rea,0.157951
2520:12,2520,1.8322,rea,0.08134
2523:2,2523,1.9842,att,0.028895
2524:21,2524,2.0138,att,0.013763
2539:4,2539,2.0331,rea,0.04798
2539:5,2539,2.0331,rea,0.226433
2542:2,2542,2.0152,att,0.0
2543:3,2543,1.9803,enc,0.0
2545:5,2545,1.9853,att,0.0
254:1,254,1.9938,rea,0.153405
2551:8,2551,2.0004,att,0.003355
2552:1,2552,1.9774,rea,0.0
2555:3,2555,1.9962,rea,0.0
255:2,255,2.0308,rea,0.0
255:4,255,2.0308,rea,0.0
2561:11,2561,2.0005,rea,0.019388
2563:3,2563,2.0083,stop,0.348784
2563:7,2563,2.0083,stop,0.205784
2568:2,2568,2.0372,att,0.0
2572:3,2572,2.0018,rea,0.351953
2575:3,2575,1.9642,att,0.460698
2578:0,2578,1.9902,rea,0.106464
2589:2,2589,1.8328,att,0.328243
2597:0,2597,1.9709,enc,0.06885
2598:0,2598,0.6865,enc,0.0
2598:9,2598,0.6865,enc,0.028844
25:21,25,1.9454,stop,0.282192
2600:3,2600,1.9585,rea,0.0
2602:1,2602,1.9843,enc,0.0
2604:10,2604,2.0394,enc,0.004471
2604:9,2604,2.0394,enc,0.0
2607:2,2607,1.9803,enc,0.080501
2608:4,2608,2.0024,stop,0.111789
260:4,260,1.8513,rea,0.037615
260:9,260,1.8513,rea,0.06266
2611:8,2611,1.9715,enc,0.205785
2613:5,2613,2.0129,stop,0.0
2618:1,2618,2.0168,att,0.0
2618:4,2618,2.0168,att,0.020655
262:5,262,1.9981,enc,0.179178
262:7,262,1.9981,enc,1e-06
2631:2,2631,1.9878,stop,0.034104
2631:3,2631,1.9878,stop,0.12246
2632:1,2632,1.9891,stop,0.060283
2635:4,2635,1.6159,att,0.129159
2636:1,2636,1.9589,rea,0.41737
2638:3,2638,1.9216,att,0.200597
2638:6,2638,1.9216,att,0.138393
263:2,263,1.9957,rea,0.176445
2641:4,2641,2.002,att,0.161252
2644:1,2644,1.9966,att,0.273304
2645:8,2645,2.0108,enc,0.004241
2646:0,2646,2.0186,rea,0.0
2648:1,2648,1.8808,att,0.025013
2648:2,2648,1.8808,att,0.246089
2653:3,2653,1.873,rea,0.054984
2655:2,2655,1.929,att,0.142515
2656:0,2656,1.9711,att,0.0
2660:2,2660,2.0156,att,0.031753
2662:5,2662,2.0141,rea,0.302001
2666:5,2666,1.9942,att,0.0
2670:11,2670,1.9561,stop,0.0
2670:3,2670,1.9561,stop,0.0
2671:5,2671,2.0153,att,0.0
2672:2,2672,1.9266,stop,0.030832
2673:11,2673,1.7121,att,0.008025
2676:5,2676,1.9863,rea,0.013916
2679:6,2679,2.037,rea,0.030988
2680:2,2680,1.974,att,0.610431
2685:0,2685,1.991,enc,0.0
2685:7,2685,1.991,enc,0.019491
2688:8,2688,2.0102,stop,0.316213
2690:2,2690,2.0321,rea,0.043271
2691:5,2691,1.9981,att,0.0
2694:2,2694,1.9977,rea,0.292718
2694:8,2694,1.9977,rea,0.0
2695:7,2695,1.9389,att,0.086116
2697:6,2697,1.8998,rea,0.160923
269:4,269,2.0026,rea,0.0
2703:3,2703,1.9924,att,0.0
2703:8,2703,1.9924,att,0.004426
2705:4,2705,1.9548,enc,0.0
2714:13,2714,1.9318,stop,0.064096
2715:6,2715,1.9985,att,0.01435
2716:3,2716,1.9966,rea,0.026607
2716:4,2716,1.9966,rea,0.205153
2720:4,2720,1.9504,att,0.106464
2731:5,2731,1.9634,rea,0.0
2734:14,2734,2.0208,enc,0.0
2735:1,2735,2.0057,rea,0.055787
2735:3,2735,2.0057,rea,0.02276
2737:11,2737,2.0211,enc,0.027802
2745:5,2745,1.9764,att,0.138396
2747:10,2747,1.9825,rea,0.117092
2749:3,2749,2.0139,att,0.531125
274:6,274,1.6422,enc,0.026606
2756:5,2756,1.9054,rea,0.045406
275:3,275,1.9145,enc,0.27085
2760:4,2760,1.8897,att,0.154551
2762:2,2762,1.9384,stop,0.0
2764:2,2764,1.9631,att,0.132763
2768:12,2768,1.9486,att,0.075735
2769:6,2769,1.9838,att,0.293235
276:5,276,1.9621,stop,0.030833
2774:1,2774,2.0184,rea,0.049877
2774:2,2774,2.0184,rea,0.174158
2778:3,2778,2.0077,rea,0.062906
2779:6,2779,1.9982,enc,0.0
2783:6,2783,1.9155,stop,0.304274
2784:1,2784,1.9849,att,0.006335
2786:1,2786,2.0063,enc,0.556269
2786:6,2786,2.0063,enc,0.022385
2791:5,2791,2.0262,rea,0.12451
2793:1,2793,0.9824,enc,0.19339
2797:10,2797,1.9971,rea,0.01791
279:1,279,2.0056,rea,0.060854
2802:7,2802,1.9831,rea,0.229492
2803:2,2803,1.7295,att,0.010409
2805:6,2805,1.9924,att,0.074653
2813:8,2813,2.0091,rea,0.191112
2814:11,2814,2.0208,rea,0.009002
2814:22,2814,2.0208,rea,0.216566
2815:4,2815,2.0006,att,0.172774
2815:7,2815,2.0006,att,0.244918
2817:6,2817,2.0012,rea,0.0
2818:3,2818,2.0425,rea,0.0
2825:0,2825,1.0287,enc,0.030969
2827:10,2827,1.9939,enc,0.026181
2829:5,2829,1.5377,rea,0.559971
2835:4,2835,2.0372,att,0.0
2838:7,2838,2.0077,att,0.080568
283:7,283,1.9924,att,0.062176
2841:5,2841,2.0407,att,0.0
2847:9,2847,1.9516,enc,0.019387
2851:2,2851,1.8783,att,0.0
2854:6,2854,1.9902,att,0.118169
2856:1,2856,2.002,rea,0.064112
2857:10,2857,1.8647,stop,-0.0
2858:1,2858,2.0226,att,0.068849
2859:13,2859,1.993,att,0.645444
2860:9,2860,2.0138,att,0.187526
2861:11,2861,2.0126,rea,0.0
2861:4,2861,2.0126,rea,0.0
2863:3,2863,1.4577,rea,0.229741
2864:1,2864,2.0032,rea,0.110895
2865:11,2865,0.7579,att,0.244919
2865:12,2865,0.7579,att,0.184634
289:3,289,1.9383,att,0.124353
289:7,289,1.9383,att,0.09812
296:5,296,2.0416,stop,0.0
298:0,298,2.0011,rea,0.0
299:10,299,2.0015,stop,0.0
29:14,29,1.993,att,0.027094
29:15,29,1.993,att,0.149735
29:4,29,1.993,att,0.335824
300:10,300,1.9542,stop,0.242815
300:2,300,1.9542,stop,0.027802
301:10,301,1.8984,enc,0.040274
301:12,301,1.8984,enc,0.031209
303:0,303,1.9638,enc,0.444618
306:1,306,1.8245,enc,0.330532
311:3,311,2.0114,att,0.436842
311:4,311,2.0114,att,0.246091
312:1,312,1.9914,att,0.056077
313:4,313,2.0273,enc,0.007408
317:11,317,2.0114,enc,0.01434
321:2,321,2.0243,enc,0.0
326:3,326,1.9584,rea,0.01137
328:4,328,1.9068,rea,0.005404
329:10,329,1.7592,rea,0.177636
32:18,32,1.9741,att,0.079418
330:0,330,2.0064,att,0.0
330:2,330,2.0064,att,0.147017
331:2,331,2.0025,rea,0.336224
332:3,332,1.9878,stop,0.0
333:12,333,1.9868,rea,0.10271
334:13,334,2.0164,stop,0.264122
334:2,334,2.0164,stop,0.03413
337:1,337,1.9642,att,0.045313
33:11,33,1.9347,att,0.161252
342:5,342,2.0184,enc,0.010109
343:2,343,2.0137,stop,0.10106
344:8,344,2.0014,att,0.123876
345:7,345,1.847,enc,0.0
345:8,345,1.847,enc,0.0
347:9,347,2.0252,stop,0.772691
349:7,349,1.9424,rea,0.000474
350:10,350,1.9115,att,0.125882
350:6,350,1.9115,att,0.09125
352:5,352,1.8557,stop,0.022455
352:6,352,1.8557,stop,0.063427
359:4,359,1.8735,att,0.583808
35:5,35,1.9417,stop,0.185332
360:6,360,1.9722,stop,0.102511
362:4,362,1.9985,rea,0.004426
364:3,364,1.8846,enc,0.0
365:9,365,1.9971,enc,0.0
367:6,367,1.9672,stop,0.13839
36:2,36,2.0142,rea,0.0
371:4,371,2.0091,att,0.0
371:7,371,2.0091,att,0.44954
372:2,372,1.9492,rea,0.244018
376:4,376,1.8253,rea,0.28798
37:6,37,1.9484,stop,0.0
380:0,380,1.9347,stop,0.199849
383:1,383,1.9551,enc,0.0
383:9,383,1.9551,enc,0.05151
384:2,384,2.0033,att,0.086511
386:4,386,2.0266,rea,0.113239
389:3,389,1.9513,rea,0.006269
397:2,397,1.9559,stop,0.113118
397:5,397,1.9559,stop,0.0
39:12,39,1.9454,stop,0.055526
400:5,400,1.4472,rea,0.015249
400:7,400,1.4472,rea,0.13577
400:8,400,1.4472,rea,0.0
403:2,403,2.0247,rea,0.063223
403:5,403,2.0247,rea,0.215125
405:10,405,1.9944,enc,0.008329
405:7,405,1.9944,enc,0.023856
406:8,406,1.9755,enc,0.658096
415:5,415,2.0063,att,0.094644
416:2,416,2.0008,enc,0.071515
417:2,417,1.9536,enc,0.001121
417:3,417,1.9536,enc,0.000425
417:8,417,1.9536,enc,0.052013
420:1,420,2.0291,enc,0.0
422:0,422,1.9709,stop,0.0
424:13,424,2.0386,enc,0.195114
428:9,428,1.6647,enc,0.093385
434:1,434,2.0206,enc,0.0
435:1,435,1.9612,enc,0.802393
437:1,437,1.9811,att,0.0
43:2,43,1.9828,rea,0.001123
441:8,441,1.7081,att,0.081073
443:10,443,2.0405,enc,0.021468
444:1,444,1.6634,stop,0.215125
444:6,444,1.6634,stop,0.0
444:7,444,1.6634,stop,0.023853
445:0,445,1.9352,enc,0.256885
446:5,446,1.9623,rea,0.235854
448:1,448,1.594,enc,0.459697
448:5,448,1.594,enc,0.061455
452:13,452,2.0073,att,0.0
453:7,453,2.0386,rea,0.003355
455:12,455,2.0029,stop,0.340213
462:3,462,1.9965,enc,0.0
463:6,463,1.976,att,0.0
466:2,466,1.9948,rea,0.600532
467:0,467,1.9502,att,0.092665
468:0,468,1.9948,att,0.061458
46:6,46,1.91,rea,0.0
46:8,46,1.91,rea,0.028668
470:6,470,2.0062,rea,0.006681
472:11,472,2.0202,enc,0.0
477:0,477,2.0141,rea,0.245256
478:0,478,2.0338,stop,0.0
478:1,478,2.0338,stop,0.0
478:10,478,2.0338,stop,0.0
478:4,478,2.0338,stop,0.061458
486:0,486,2.0053,att,0.047924
489:5,489,1.9869,att,0.0
489:7,489,1.9869,att,0.236009
492:0,492,2.0048,rea,0.0
4:17,4,1.9621,stop,0.594082
502:5,502,1.8457,enc,0.003963
502:6,502,1.8457,enc,0.0
503:2,503,2.0042,stop,0.0
505:8,505,1.7088,rea,0.092401
508:11,508,1.9083,rea,0.023854
508:2,508,1.9083,rea,0.030832
508:3,508,1.9083,rea,0.149376
508:7,508,1.9083,rea,0.146831
508:8,508,1.9083,rea,0.021421
516:13,516,1.9345,enc,0.091249
518:2,518,1.6682,att,0.022455
520:11,520,1.9494,stop,0.138395
522:3,522,2.0047,enc,0.0
525:1,525,2.0209,att,0.23244
526:3,526,1.9212,stop,0.054068
527:10,527,1.9528,att,0.0
529:0,529,1.9926,stop,0.0
529:6,529,1.9926,stop,0.034378
533:1,533,1.9668,att,0.156306
537:1,537,1.9354,enc,0.215122
538:11,538,2.0011,stop,0.172772
539:4,539,2.0048,att,0.04562
539:6,539,2.0048,att,0.0
542:5,542,1.9511,att,0.12735
546:3,546,2.0234,att,0.14861
546:5,546,2.0234,att,0.236994
550:3,550,1.8328,rea,0.223879
551:8,551,2.0004,att,0.041947
555:4,555,1.8998,rea,0.058688
556:2,556,1.7295,att,0.302708
556:6,556,1.7295,att,0.403266
557:1,557,1.9694,rea,0.0
55:5,55,2.0163,rea,0.589423
560:3,560,1.9641,att,0.006999
566:3,566,1.9671,stop,0.167848
570:10,570,2.0226,att,0.0
571:6,571,1.6919,att,0.006946
573:10,573,1.4213,enc,0.0
573:8,573,1.4213,enc,0.0
575:1,575,1.9577,att,0.0
576:1,576,2.0165,att,0.806588
584:8,584,1.9885,rea,0.0
585:2,585,1.9301,rea,0.473649
587:0,587,1.9998,enc,0.052698
587:3,587,1.9998,enc,0.0
591:1,591,1.9641,att,0.027825
592:3,592,1.5909,enc,0.0
595:5,595,1.7784,rea,0.0151
597:5,597,1.7547,enc,0.517148
598:4,598,2.0164,att,0.019341
60:7,60,1.9907,enc,0.373446
60:8,60,1.9907,enc,0.33113
612:11,612,2.0217,enc,0.006115
612:7,612,2.0217,enc,0.003798
615:2,615,1.848,enc,0.376386
615:4,615,1.848,enc,0.17754
616:11,616,1.3406,enc,0.0
619:10,619,2.007,att,0.005395
619:6,619,2.007,att,0.0
61:10,61,1.9961,att,0.0
627:3,627,1.9941,rea,0.117474
631:6,631,1.9679,att,0.0
633:6,633,1.9675,rea,0.007792
636:8,636,2.0268,att,0.009969
637:5,637,2.0223,rea,0.548193
63:2,63,1.8095,enc,0.213025
641:8,641,2.0277,stop,0.010193
643:5,643,2.0337,rea,0.011315
643:7,643,2.0337,rea,0.040508
644:1,644,1.9482,rea,0.036018
645:3,645,2.0159,rea,0.020318
646:2,646,1.9981,stop,0.205519
646:6,646,1.9981,stop,0.02276
650:2,650,1.9733,att,0.025273
658:10,658,2.0015,enc,0.0
661:2,661,1.8417,enc,0.229444
661:4,661,1.8417,enc,0.092667
663:2,663,1.9758,rea,0.136452
664:3,664,2.0056,rea,0.034639
667:5,667,1.9879,rea,0.105855
667:8,667,1.9879,rea,0.062177
669:2,669,2.0043,stop,0.0
674:11,674,1.979,enc,0.0
674:9,674,1.979,enc,0.0
678:0,678,1.9975,att,0.083326
682:4,682,1.999,rea,0.0
687:1,687,1.9609,att,0.215122
690:4,690,1.9415,enc,0.017999
69:0,69,1.9634,rea,0.0
700:10,700,1.3524,rea,0.001278
700:4,700,1.3524,rea,0.01718
702:4,702,2.0156,att,0.043012
703:3,703,1.9612,stop,0.16888
70:7,70,1.887,att,0.068849
710:2,710,1.4541,enc,0.003923
712:4,712,1.9653,rea,0.235128
714:5,714,1.9915,rea,0.038257
716:13,716,1.9295,rea,0.056203
716:4,716,1.9295,rea,0.092666
718:4,718,2.0169,att,0.0
725:4,725,1.9742,enc,0.01434
729:5,729,1.9739,att,0.0
730:2,730,1.9348,att,0.0
731:1,731,1.929,att,0.335825
733:4,733,1.9843,enc,0.0
737:10,737,1.6067,stop,0.093064
737:11,737,1.6067,stop,-0.0
737:9,737,1.6067,stop,0.071514
738:2,738,1.9348,rea,0.266975
739:1,739,2.0155,stop,0.273813
739:2,739,2.0155,stop,-0.0
741:11,741,1.9805,rea,0.053766
741:2,741,1.9805,rea,0.00053
742:1,742,1.9962,stop,0.0
742:12,742,1.9962,stop,0.618391
743:3,743,1.9944,enc,0.0
74:2,74,2.0172,att,0.136745
751:10,751,1.5217,stop,0.067113
752:5,752,2.0131,stop,0.596373
753:3,753,1.9492,att,0.0
756:4,756,1.9794,att,0.10356
761:4,761,1.8417,enc,0.0
764:4,764,1.9486,att,0.0
765:8,765,1.9513,att,0.085537
768:19,768,1.9654,rea,0.19219
76:8,76,1.9479,rea,0.056379
771:9,771,1.7966,rea,0.025012
774:4,774,1.8789,enc,0.028844
775:3,775,1.9873,att,0.034461
777:4,777,2.0128,att,0.021755
777:6,777,2.0128,att,0.118265
779:12,779,1.9481,rea,0.0
779:4,779,1.9481,rea,0.016131
781:11,781,2.0321,att,0.352721
781:3,781,2.0321,att,0.242815
788:3,788,1.9528,rea,0.0
789:4,789,1.8598,enc,0.119007
789:9,789,1.8598,enc,0.934693
794:4,794,1.9957,stop,0.116009
796:12,796,2.0041,att,0.093385
796:6,796,2.0041,att,0.05443
796:9,796,2.0041,att,0.027446
797:2,797,1.9338,att,0.328245
798:2,798,1.9925,rea,0.0
798:4,798,1.9925,rea,0.077355
799:4,799,2.0421,rea,0.0
805:3,805,1.9139,att,0.046241
808:2,808,2.007,rea,0.016469
808:5,808,2.007,rea,0.017491
809:0,809,1.902,stop,0.116011
810:0,810,2.0414,rea,0.06589
810:9,810,2.0414,rea,0.040641
813:4,813,1.9709,att,0.0
813:9,813,1.9709,att,0.304272
81:1,81,2.0129,stop,0.0
81:11,81,2.0129,stop,0.004241
821:1,821,2.0286,stop,0.066038
821:10,821,2.0286,stop,0.062176
826:12,826,1.9814,enc,0.03049
827:5,827,1.6059,enc,0.027824
833:22,833,1.9968,att,0.149741
837:0,837,1.9836,rea,0.0
838:3,838,1.9068,rea,0.0
83:6,83,1.9417,att,0.138395
848:4,848,2.0386,rea,0.0
851:4,851,2.0067,att,0.01266
852:11,852,1.9466,stop,0.097327
852:12,852,1.9466,stop,0.083713
854:1,854,1.4851,rea,0.074979
858:1,858,1.9915,att,0.072189
85:1,85,2.0338,att,0.229441
864:2,864,1.8729,enc,0.0
865:7,865,1.7089,att,0.0
866:13,866,2.031,stop,0.002597
872:6,872,1.9896,rea,0.010099
873:1,873,1.9988,att,0.0
873:5,873,1.9988,att,0.0
875:10,875,1.9621,att,0.0
876:1,876,1.991,enc,0.753591
877:5,877,1.9915,att,0.0
878:9,878,1.8074,enc,0.01718
87:7,87,2.0404,att,0.290574
880:5,880,1.9182,att,0.0
883:3,883,1.9867,att,0.125946
884:2,884,2.0253,rea,0.336423
884:3,884,2.0253,rea,0.0
887:5,887,2.0381,rea,0.067848
889:6,889,1.9266,stop,0.0
899:1,899,2.0397,rea,0.0
900:4,900,1.8732,rea,0.009002
903:6,903,1.9485,rea,0.034378
903:8,903,1.9485,rea,0.00746
913:1,913,1.9829,rea,0.205672
914:12,914,1.9961,stop,0.244576
916:2,916,1.9609,rea,0.014424
917:3,917,2.0306,enc,0.184636
918:0,918,1.9856,stop,0.0
920:10,920,1.9509,att,0.0
923:8,923,1.6067,stop,0.0
92:11,92,1.9704,att,0.016995
934:6,934,1.9849,att,0.089178
936:3,936,1.9955,stop,0.130785
936:7,936,1.9955,stop,0.08956
93:3,93,1.4918,att,0.211998
940:2,940,1.9669,rea,0.141727
940:6,940,1.9669,rea,0.052733
940:9,940,1.9669,rea,0.046748
944:5,944,1.8846,enc,0.195108
944:6,944,1.8846,enc,0.028843
945:11,945,1.5728,stop,0.092402
945:9,945,1.5728,stop,0.0
948:3,948,2.0009,att,0.0
94:8,94,2.0015,stop,0.06266
950:5,950,1.9836,rea,0.064886
951:7,951,2.0064,att,0.039616
954:8,954,1.9751,enc,0.012776
955:6,955,1.1439,rea,0.030833
957:4,957,1.9831,rea,0.013761
962:3,962,1.9846,rea,0.472851
967:7,967,1.9553,att,0.119759
969:3,969,2.014,stop,0.086517
970:1,970,2.0331,stop,0.0
970:6,970,2.0331,stop,0.414769
976:11,976,1.9654,enc,0.0
981:4,981,1.4472,stop,0.072455
981:9,981,1.4472,stop,0.006738
984:4,984,1.906,att,0.034104
985:8,985,1.9415,att,0.00059
986:1,986,1.9889,rea,0.024466
986:3,986,1.9889,rea,0.075739
986:6,986,1.9889,rea,0.007627
986:7,986,1.9889,rea,0.0
987:3,987,1.9606,att,0.01613
98:1,98,1.9985,att,0.0
