key,arm,amplitude,certified,pix_diff,rows_kept,n_carriers_used
46:8,aligned,20,0,0,0.0,0
46:8,free,20,0,0,0.0,0
46:8,perrow,20,0,0,0.0,0
46:8,aligned,10,0,0,0.0,0
46:8,free,10,0,0,0.0,0
46:8,perrow,10,0,0,0.0,0
46:8,aligned,5,0,0,0.0,0
46:8,free,5,0,0,0.0,0
46:8,perrow,5,0,0,0.0,0
169:4,aligned,20,0,0,0.0,0
169:4,free,20,0,0,0.0,0
169:4,perrow,20,0,0,0.0,0
169:4,aligned,10,0,0,0.0,0
169:4,free,10,0,0,0.0,0
169:4,perrow,10,0,0,0.0,0
169:4,aligned,5,0,0,0.0,0
169:4,free,5,0,0,0.0,0
169:4,perrow,5,1,428,1.0,57
306:1,aligned,20,1,428,1.0,1
306:1,free,20,1,428,1.0,3
306:1,perrow,20,1,428,1.0,92
306:1,aligned,10,1,428,1.0,1
306:1,free,10,1,428,1.0,3
306:1,perrow,10,1,428,1.0,72
306:1,aligned,5,1,428,1.0,1
306:1,free,5,1,428,1.0,3
306:1,perrow,5,1,428,1.0,77
518:2,aligned,20,1,428,1.0,1
518:2,free,20,1,428,1.0,1
518:2,perrow,20,1,428,1.0,11
518:2,aligned,10,1,428,1.0,1
518:2,free,10,1,428,1.0,1
518:2,perrow,10,1,428,1.0,10
518:2,aligned,5,1,428,1.0,1
518:2,free,5,1,428,1.0,1
518:2,perrow,5,1,428,1.0,8
636:8,aligned,20,0,0,0.0,0
636:8,free,20,0,0,0.0,0
636:8,perrow,20,0,0,0.0,0
636:8,aligned,10,0,0,0.0,0
636:8,free,10,0,0,0.0,0
636:8,perrow,10,0,0,0.0,0
636:8,aligned,5,0,0,0.0,0
636:8,free,5,0,0,0.0,0
636:8,perrow,5,0,0,0.0,0
712:4,aligned,20,1,416,0.9907,1
712:4,free,20,1,412,0.9875,2
712:4,perrow,20,1,428,1.0,67
712:4,aligned,10,1,428,1.0,1
712:4,free,10,1,416,0.9907,1
712:4,perrow,10,1,428,1.0,65
712:4,aligned,5,1,428,1.0,1
712:4,free,5,1,428,1.0,2
712:4,perrow,5,1,428,1.0,65
752:5,aligned,20,0,0,0.0,0
752:5,free,20,0,0,0.0,0
752:5,perrow,20,1,412,0.9751,110
752:5,aligned,10,0,0,0.0,0
752:5,free,10,0,0,0.0,0
752:5,perrow,10,1,428,1.0,63
752:5,aligned,5,0,0,0.0,0
752:5,free,5,0,0,0.0,0
752:5,perrow,5,1,428,1.0,62
810:9,aligned,20,0,0,0.0,0
810:9,free,20,0,0,0.0,0
810:9,perrow,20,0,0,0.0,0
810:9,aligned,10,0,0,0.0,0
810:9,free,10,0,0,0.0,0
810:9,perrow,10,0,0,0.0,0
810:9,aligned,5,0,0,0.0,0
810:9,free,5,0,0,0.0,0
810:9,perrow,5,0,0,0.0,0
923:8,aligned,20,0,0,0.0,0
923:8,free,20,0,0,0.0,0
923:8,perrow,20,0,0,0.0,0
923:8,aligned,10,0,0,0.0,0
923:8,free,10,0,0,0.0,0
923:8,perrow,10,1,428,1.0,95
923:8,aligned,5,0,0,0.0,0
923:8,free,5,0,0,0.0,0
923:8,perrow,5,1,428,1.0,70
1054:6,aligned,20,1,428,1.0,1
1054:6,free,20,1,428,1.0,1
1054:6,perrow,20,1,428,1.0,63
1054:6,aligned,10,1,428,1.0,1
1054:6,free,10,1,428,1.0,2
1054:6,perrow,10,1,428,1.0,56
1054:6,aligned,5,1,428,1.0,1
1054:6,free,5,1,428,1.0,2
1054:6,perrow,5,1,428,1.0,50
1139:12,aligned,20,0,0,0.0,0
1139:12,free,20,0,0,0.0,0
1139:12,perrow,20,0,0,0.0,0
1139:12,aligned,10,0,0,0.0,0
1139:12,free,10,0,0,0.0,0
1139:12,perrow,10,1,408,0.9844,135
1139:12,aligned,5,0,0,0.0,0
1139:12,free,5,0,0,0.0,0
1139:12,perrow,5,1,428,1.0,99
1303:4,aligned,20,0,0,0.0,0
1303:4,free,20,0,0,0.0,0
1303:4,perrow,20,1,428,1.0,65
1303:4,aligned,10,1,428,1.0,1
1303:4,free,10,1,424,0.9969,2
1303:4,perrow,10,1,428,1.0,46
1303:4,aligned,5,1,428,1.0,1
1303:4,free,5,1,428,1.0,1
1303:4,perrow,5,1,428,1.0,33
1409:0,aligned,20,0,0,0.0,0
1409:0,free,20,0,0,0.0,0
1409:0,perrow,20,0,0,0.0,0
1409:0,aligned,10,0,0,0.0,0
1409:0,free,10,1,428,1.0,3
1409:0,perrow,10,1,428,1.0,14
1409:0,aligned,5,1,428,1.0,1
1409:0,free,5,1,428,1.0,3
1409:0,perrow,5,1,428,1.0,14
1493:5,aligned,20,0,0,0.0,0
1493:5,free,20,0,0,0.0,0
1493:5,perrow,20,0,0,0.0,0
1493:5,aligned,10,0,0,0.0,0
1493:5,free,10,0,0,0.0,0
1493:5,perrow,10,0,0,0.0,0
1493:5,aligned,5,0,0,0.0,0
1493:5,free,5,0,0,0.0,0
1493:5,perrow,5,0,0,0.0,0
1569:6,aligned,20,0,0,0.0,0
1569:6,free,20,0,0,0.0,0
1569:6,perrow,20,1,428,1.0,96
1569:6,aligned,10,0,0,0.0,0
1569:6,free,10,0,0,0.0,0
1569:6,perrow,10,1,428,1.0,108
1569:6,aligned,5,1,412,0.9875,1
1569:6,free,5,0,0,0.0,0
1569:6,perrow,5,1,428,1.0,98
1731:0,aligned,20,0,0,0.0,0
1731:0,free,20,0,0,0.0,0
1731:0,perrow,20,1,428,1.0,25
1731:0,aligned,10,1,428,1.0,1
1731:0,free,10,1,428,1.0,2
1731:0,perrow,10,1,428,1.0,14
1731:0,aligned,5,1,428,1.0,1
1731:0,free,5,1,428,1.0,2
1731:0,perrow,5,1,428,1.0,7
1810:11,aligned,20,0,0,0.0,0
1810:11,free,20,0,0,0.0,0
1810:11,perrow,20,0,0,0.0,0
1810:11,aligned,10,1,428,1.0,1
1810:11,free,10,1,428,1.0,1
1810:11,perrow,10,1,428,1.0,11
1810:11,aligned,5,1,428,1.0,1
1810:11,free,5,1,428,1.0,1
1810:11,perrow,5,1,428,1.0,11
2075:3,aligned,20,0,0,0.0,0
2075:3,free,20,0,0,0.0,0
2075:3,perrow,20,0,0,0.0,0
2075:3,aligned,10,0,0,0.0,0
2075:3,free,10,0,0,0.0,0
2075:3,perrow,10,0,0,0.0,0
2075:3,aligned,5,1,428,1.0,1
2075:3,free,5,1,428,1.0,1
2075:3,perrow,5,1,428,1.0,2
2130:8,aligned,20,0,0,0.0,0
2130:8,free,20,0,0,0.0,0
2130:8,perrow,20,0,0,0.0,0
2130:8,aligned,10,0,0,0.0,0
2130:8,free,10,0,0,0.0,0
2130:8,perrow,10,0,0,0.0,0
2130:8,aligned,5,0,0,0.0,0
2130:8,free,5,0,0,0.0,0
2130:8,perrow,5,0,0,0.0,0
2205:0,aligned,20,0,0,0.0,0
2205:0,free,20,0,0,0.0,0
2205:0,perrow,20,0,0,0.0,0
2205:0,aligned,10,0,0,0.0,0
2205:0,free,10,0,0,0.0,0
2205:0,perrow,10,1,408,0.9844,66
2205:0,aligned,5,1,428,1.0,1
2205:0,free,5,1,428,1.0,1
2205:0,perrow,5,1,428,1.0,48
2330:13,aligned,20,0,0,0.0,0
2330:13,free,20,0,0,0.0,0
2330:13,perrow,20,0,0,0.0,0
2330:13,aligned,10,0,0,0.0,0
2330:13,free,10,0,0,0.0,0
2330:13,perrow,10,0,0,0.0,0
2330:13,aligned,5,1,428,1.0,1
2330:13,free,5,1,428,1.0,1
2330:13,perrow,5,1,428,1.0,17
2425:7,aligned,20,0,0,0.0,0
2425:7,free,20,0,0,0.0,0
2425:7,perrow,20,1,428,1.0,132
2425:7,aligned,10,1,428,1.0,1
2425:7,free,10,1,428,1.0,3
2425:7,perrow,10,1,428,1.0,102
2425:7,aligned,5,1,428,1.0,1
2425:7,free,5,1,428,1.0,2
2425:7,perrow,5,1,428,1.0,92
2561:11,aligned,20,0,0,0.0,0
2561:11,free,20,0,0,0.0,0
2561:11,perrow,20,0,0,0.0,0
2561:11,aligned,10,0,0,0.0,0
2561:11,free,10,0,0,0.0,0
2561:11,perrow,10,0,0,0.0,0
2561:11,aligned,5,0,0,0.0,0
2561:11,free,5,0,0,0.0,0
2561:11,perrow,5,0,0,0.0,0
2731:5,aligned,20,0,0,0.0,0
2731:5,free,20,0,0,0.0,0
2731:5,perrow,20,0,0,0.0,0
2731:5,aligned,10,1,424,0.9969,1
2731:5,free,10,1,424,0.9969,1
2731:5,perrow,10,1,428,1.0,30
2731:5,aligned,5,1,428,1.0,1
2731:5,free,5,1,424,0.9969,1
2731:5,perrow,5,1,428,1.0,13
2841:5,aligned,20,0,0,0.0,0
2841:5,free,20,0,0,0.0,0
2841:5,perrow,20,0,0,0.0,0
2841:5,aligned,10,0,0,0.0,0
2841:5,free,10,0,0,0.0,0
2841:5,perrow,10,0,0,0.0,0
2841:5,aligned,5,0,0,0.0,0
2841:5,free,5,0,0,0.0,0
2841:5,perrow,5,0,0,0.0,0
