target_V,rho,delta,templates,items,power,size
0.01,0.0,0.1379,10,80,0.035,0.0
0.01,0.0,0.1379,20,160,0.1,0.0
0.01,0.0,0.1379,40,320,0.2,0.0
0.01,0.0,0.1379,80,640,0.34,0.0
0.01,0.0,0.1379,160,1280,0.52,0.0
0.01,0.0,0.1379,320,2560,0.865,0.0
0.01,0.5,0.1369,10,80,0.035,0.0
0.01,0.5,0.1369,20,160,0.06,0.0
0.01,0.5,0.1369,40,320,0.135,0.0
0.01,0.5,0.1369,80,640,0.25,0.0
0.01,0.5,0.1369,160,1280,0.47,0.0
0.01,0.5,0.1369,320,2560,0.72,0.0
0.01,0.9,0.1318,10,80,0.005,0.0
0.01,0.9,0.1318,20,160,0.025,0.0
0.01,0.9,0.1318,40,320,0.035,0.0
0.01,0.9,0.1318,80,640,0.155,0.0
0.01,0.9,0.1318,160,1280,0.32,0.0
0.01,0.9,0.1318,320,2560,0.53,0.0
0.02,0.0,0.1535,10,80,0.135,0.0
0.02,0.0,0.1535,20,160,0.235,0.0
0.02,0.0,0.1535,40,320,0.455,0.0
0.02,0.0,0.1535,80,640,0.745,0.0
0.02,0.0,0.1535,160,1280,0.975,0.0
0.02,0.0,0.1535,320,2560,1.0,0.0
0.02,0.5,0.1525,10,80,0.05,0.0
0.02,0.5,0.1525,20,160,0.15,0.0
0.02,0.5,0.1525,40,320,0.37,0.0
0.02,0.5,0.1525,80,640,0.715,0.0
0.02,0.5,0.1525,160,1280,0.94,0.0
0.02,0.5,0.1525,320,2560,1.0,0.0
0.02,0.9,0.1509,10,80,0.01,0.0
0.02,0.9,0.1509,20,160,0.035,0.0
0.02,0.9,0.1509,40,320,0.235,0.0
0.02,0.9,0.1509,80,640,0.47,0.0
0.02,0.9,0.1509,160,1280,0.82,0.0
0.02,0.9,0.1509,320,2560,0.995,0.0
0.03,0.0,0.1691,10,80,0.245,0.0
0.03,0.0,0.1691,20,160,0.45,0.0
0.03,0.0,0.1691,40,320,0.805,0.0
0.03,0.0,0.1691,80,640,0.95,0.0
0.03,0.0,0.1691,160,1280,1.0,0.0
0.03,0.0,0.1691,320,2560,1.0,0.0
0.03,0.5,0.1681,10,80,0.18,0.0
0.03,0.5,0.1681,20,160,0.32,0.0
0.03,0.5,0.1681,40,320,0.66,0.0
0.03,0.5,0.1681,80,640,0.93,0.0
0.03,0.5,0.1681,160,1280,1.0,0.0
0.03,0.5,0.1681,320,2560,1.0,0.0
0.03,0.9,0.1667,10,80,0.025,0.0
0.03,0.9,0.1667,20,160,0.115,0.0
0.03,0.9,0.1667,40,320,0.45,0.0
0.03,0.9,0.1667,80,640,0.86,0.0
0.03,0.9,0.1667,160,1280,0.995,0.0
0.03,0.9,0.1667,320,2560,1.0,0.0
0.05,0.0,0.1994,10,80,0.58,0.0
0.05,0.0,0.1994,20,160,0.85,0.0
0.05,0.0,0.1994,40,320,0.975,0.0
0.05,0.0,0.1994,80,640,1.0,0.0
0.05,0.0,0.1994,160,1280,1.0,0.0
0.05,0.0,0.1994,320,2560,1.0,0.0
0.05,0.5,0.1957,10,80,0.35,0.0
0.05,0.5,0.1957,20,160,0.755,0.0
0.05,0.5,0.1957,40,320,0.965,0.0
0.05,0.5,0.1957,80,640,1.0,0.0
0.05,0.5,0.1957,160,1280,1.0,0.0
0.05,0.5,0.1957,320,2560,1.0,0.0
0.05,0.9,0.1914,10,80,0.075,0.0
0.05,0.9,0.1914,20,160,0.36,0.0
0.05,0.9,0.1914,40,320,0.92,0.0
0.05,0.9,0.1914,80,640,1.0,0.0
0.05,0.9,0.1914,160,1280,1.0,0.0
0.05,0.9,0.1914,320,2560,1.0,0.0
