seed,shard,key,record,source,label,rep,wall_s,p_stop_direct,p_placebo,p_stop,p_att,p_rea,p_enc,g_stop,g_att,g_rea,g_enc,gd_stop,gd_att,gd_rea,gd_enc,rea_spread
1,1,4:17,4,MathVerse_MINI_Vision_Only,0,0,32.18,0.754917,0.679184,0.754917,0.40734,0.644051,0.085102,0.0,0.271844,0.035133,0.594082,0.0,0.347577,0.110866,0.669816,0.188446
1,1,4:17,4,MathVerse_MINI_Vision_Only,0,1,5.76,0.754917,0.679184,0.754917,0.40734,0.5108,0.085102,0.0,0.271844,0.168384,0.594082,0.0,0.347577,0.244117,0.669816,0.188446
1,1,18:0,18,MathVision_MINI,1,0,6.46,0.622463,0.500004,0.622463,0.377548,0.377547,0.40734,0.0,-0.122456,-0.122457,-0.092664,0.0,-0.244915,-0.244916,-0.215123,0.0
1,1,18:0,18,MathVision_MINI,1,1,1.97,0.622463,0.500004,0.622463,0.377548,0.439092,0.40734,0.0,-0.122456,-0.060912,-0.092664,0.0,-0.244915,-0.183371,-0.215123,0.087038
1,1,33:11,33,MathVerse_MINI_Vision_Only,0,0,7.31,0.754918,0.348651,0.754918,0.468797,0.366694,0.132971,0.0,-0.120146,-0.018043,0.21568,0.0,0.286121,0.388224,0.621947,0.138231
1,1,33:11,33,MathVerse_MINI_Vision_Only,0,1,2.5,0.754918,0.348651,0.754918,0.294224,0.464438,0.132971,0.0,0.054428,-0.115787,0.21568,0.0,0.460694,0.29048,0.621947,0.138231
1,1,55:5,55,WeMath,1,0,10.9,0.957912,0.835484,0.957912,0.777301,0.858901,0.952574,0.0,-0.058183,0.023417,0.11709,0.0,-0.180611,-0.099011,-0.005338,0.146756
1,1,55:5,55,WeMath,1,1,5.42,0.957912,0.835484,0.957912,0.777301,0.363151,0.952574,0.0,-0.058183,-0.472333,0.11709,0.0,-0.180611,-0.594761,-0.005338,0.426368
1,1,76:8,76,MathVerse_MINI_Vision_Only,0,0,4.46,0.987568,0.952574,0.987568,0.962673,0.984708,0.904651,0.0,-0.010099,-0.032134,0.047924,0.0,0.024895,0.002861,0.082918,0.000869
1,1,76:8,76,MathVerse_MINI_Vision_Only,0,1,2.26,0.987568,0.952574,0.987568,0.962673,0.961029,0.904651,0.0,-0.010099,-0.008455,0.047924,0.0,0.024895,0.026539,0.082918,0.032618
1,1,94:8,94,DynaMath,1,0,9.91,0.893309,0.754916,0.893309,0.73106,0.792289,0.817575,0.0,-0.023856,0.037373,0.06266,0.0,-0.16225,-0.10102,-0.075734,0.052854
1,1,94:8,94,DynaMath,1,1,3.36,0.893309,0.754916,0.893309,0.73106,0.792289,0.817575,0.0,-0.023856,0.037373,0.06266,0.0,-0.16225,-0.10102,-0.075734,0.052854
1,1,120:3,120,WeMath,0,0,5.7,0.437824,0.132965,0.437824,0.201814,0.240104,0.164518,0.0,-0.06885,-0.107139,-0.031553,0.0,0.23601,0.19772,0.273306,0.040784
1,1,120:3,120,WeMath,0,1,2.32,0.437824,0.132965,0.437824,0.377542,0.182427,0.164518,0.0,-0.244577,-0.049462,-0.031553,0.0,0.060282,0.255397,0.273306,0.0
1,1,130:7,130,MathVerse_MINI_Vision_Only,0,0,32.69,0.622461,0.268943,0.622461,0.201815,0.314764,0.798187,0.0,0.067128,-0.045821,-0.529244,0.0,0.420646,0.307697,-0.175727,0.391229
1,1,130:7,130,MathVerse_MINI_Vision_Only,0,1,20.48,0.622461,0.268943,0.622461,0.106692,0.495763,0.067547,0.0,0.162251,-0.22682,0.201396,0.0,0.515769,0.126698,0.554913,0.282477
1,1,145:6,145,MathVision_MINI,0,0,5.32,0.437825,0.201815,0.437825,0.222702,0.245087,0.245087,0.0,-0.020888,-0.043272,-0.043272,0.0,0.215122,0.192738,0.192738,0.0
1,1,145:6,145,MathVision_MINI,0,1,3.06,0.437825,0.201815,0.437825,0.222702,0.245087,0.245087,0.0,-0.020888,-0.043272,-0.043272,0.0,0.215122,0.192738,0.192738,0.0
1,1,162:8,162,MathVerse_MINI_Vision_Only,0,0,6.57,0.148048,0.047427,0.148048,0.047426,0.075859,0.148049,0.0,0.0,-0.028432,-0.100623,0.0,0.100622,0.072189,-1e-06,0.0
1,1,162:8,162,MathVerse_MINI_Vision_Only,0,1,2.93,0.148048,0.047427,0.148048,0.047426,0.075859,0.148049,0.0,0.0,-0.028432,-0.100623,0.0,0.100622,0.072189,-1e-06,0.0
1,1,177:6,177,MathVerse_MINI_Vision_Only,0,0,21.69,0.106691,0.033086,0.106691,0.025958,0.033086,0.017986,0.0,0.007129,0.0,0.0151,0.0,0.080733,0.073605,0.088705,0.0
1,1,177:6,177,MathVerse_MINI_Vision_Only,0,1,4.36,0.106691,0.033086,0.106691,0.025958,0.033086,0.017986,0.0,0.007129,0.0,0.0151,0.0,0.080733,0.073605,0.088705,0.0
1,1,204:1,204,DynaMath,1,0,19.76,0.245088,0.268944,0.245088,0.268944,0.348456,0.867036,0.0,1e-06,0.079512,0.598092,0.0,0.023857,0.103368,0.621948,0.362841
1,1,204:1,204,DynaMath,1,1,23.4,0.245088,0.268944,0.245088,0.294218,0.160821,0.053404,0.0,0.025274,-0.108123,-0.21554,0.0,0.04913,-0.084267,-0.191684,0.176025
1,1,226:2,226,MathVision_MINI,1,0,8.21,0.437824,0.106691,0.437824,0.182427,0.159829,0.182427,0.0,0.075736,0.053138,0.075736,0.0,-0.255398,-0.277995,-0.255398,0.059376
1,1,226:2,226,MathVision_MINI,1,1,2.42,0.437824,0.106691,0.437824,0.182427,0.201814,0.182427,0.0,0.075736,0.095123,0.075736,0.0,-0.255398,-0.23601,-0.255398,0.0
1,1,242:11,242,DynaMath,1,0,37.36,0.754915,0.754915,0.754915,0.468792,0.616262,0.562177,0.0,-0.286123,-0.138653,-0.192738,0.0,-0.286123,-0.138653,-0.192738,0.142919
1,1,242:11,242,DynaMath,1,1,20.6,0.754915,0.754915,0.754915,0.651355,0.625792,0.562177,0.0,-0.10356,-0.129123,-0.192738,0.0,-0.10356,-0.129123,-0.192738,0.104095
1,1,262:5,262,MathVerse_MINI_Vision_Only,1,0,3.44,0.531212,0.268944,0.531212,0.294218,0.38055,0.320825,0.0,0.025274,0.111606,0.051881,0.0,-0.236994,-0.150662,-0.210387,0.084466
1,1,262:5,262,MathVerse_MINI_Vision_Only,1,1,3.11,0.531212,0.268944,0.531212,0.500003,0.440276,0.320825,0.0,0.231059,0.171332,0.051881,0.0,-0.031208,-0.090935,-0.210387,0.084466
1,1,283:7,283,MathVerse_MINI_Vision_Only,0,0,7.49,0.679179,0.500001,0.679179,0.407335,0.500001,0.562178,0.0,0.092666,0.0,-0.062176,0.0,0.271844,0.179178,0.117001,0.0
1,1,283:7,283,MathVerse_MINI_Vision_Only,0,1,3.26,0.679179,0.500001,0.679179,0.562178,0.550453,0.562178,0.0,-0.062176,-0.050451,-0.062176,0.0,0.117001,0.128726,0.117001,0.071349
1,1,301:10,301,MathVision_MINI,0,0,9.42,0.437824,0.182426,0.437824,0.222702,0.268943,0.222701,0.0,-0.040275,-0.086517,-0.040274,0.0,0.215123,0.168882,0.215124,0.0
1,1,301:10,301,MathVision_MINI,0,1,4.84,0.437824,0.182426,0.437824,0.222702,0.268943,0.222701,0.0,-0.040275,-0.086517,-0.040274,0.0,0.215123,0.168882,0.215124,0.0
1,1,317:11,317,MathVerse_MINI_Vision_Only,1,0,15.65,0.132965,0.037327,0.132965,0.047426,0.037327,0.033086,0.0,0.010099,0.0,-0.004241,0.0,-0.085539,-0.095638,-0.099879,0.0
1,1,317:11,317,MathVerse_MINI_Vision_Only,1,1,12.5,0.132965,0.037327,0.132965,0.047426,0.037327,0.033086,0.0,0.010099,0.0,-0.004241,0.0,-0.085539,-0.095638,-0.099879,0.0
1,1,332:3,332,MathVision_MINI,1,0,9.28,0.754916,0.531211,0.754916,0.437828,0.469114,0.531211,0.0,-0.093384,-0.062097,0.0,0.0,-0.317089,-0.285802,-0.223705,0.087366
1,1,332:3,332,MathVision_MINI,1,1,2.17,0.754916,0.531211,0.754916,0.437828,0.469114,0.377543,0.0,-0.093384,-0.062097,-0.153668,0.0,-0.317089,-0.285802,-0.377373,0.087366
1,1,345:7,345,MathVerse_MINI_Vision_Only,0,0,3.67,0.201815,0.377543,0.201815,0.320824,0.294217,0.015907,0.0,0.056719,0.083326,0.361636,0.0,-0.119009,-0.092403,0.185908,0.0
1,1,345:7,345,MathVerse_MINI_Vision_Only,0,1,5.54,0.201815,0.377543,0.201815,0.320824,0.352409,0.000158,0.0,0.056719,0.025134,0.377384,0.0,-0.119009,-0.150594,0.201656,0.082296
1,1,359:4,359,WeMath,1,0,28.67,0.924142,0.651356,0.924142,0.012432,0.456877,0.798187,0.0,-0.638924,-0.194478,0.146832,0.0,-0.91171,-0.467265,-0.125955,0.353815
1,1,359:4,359,WeMath,1,1,20.7,0.924142,0.651356,0.924142,0.067547,0.494512,0.468793,0.0,-0.583808,-0.156844,-0.182563,0.0,-0.856595,-0.429631,-0.455349,0.280671
1,1,372:2,372,MathVerse_MINI_Vision_Only,1,0,3.34,0.407339,0.294221,0.407339,0.592669,0.419828,0.348654,0.0,0.298449,0.125607,0.054433,0.0,0.18533,0.012488,-0.058686,0.100659
1,1,372:2,372,MathVerse_MINI_Vision_Only,1,1,4.97,0.407339,0.294221,0.407339,0.592669,0.348651,0.562183,0.0,0.298449,0.054431,0.267963,0.0,0.18533,-0.058688,0.154844,0.0
1,1,397:2,397,MathVision_MINI,1,0,16.76,0.468793,0.294219,0.468793,0.622461,0.340304,0.012432,0.0,0.328243,0.046086,-0.281787,0.0,0.153668,-0.128489,-0.456361,0.165582
1,1,397:2,397,MathVision_MINI,1,1,18.38,0.468793,0.294219,0.468793,0.047426,0.193195,0.407337,0.0,-0.246792,-0.101023,0.113118,0.0,-0.421367,-0.275598,-0.061456,0.130436
1,1,405:10,405,WeMath,1,0,32.67,0.053403,0.009708,0.053403,0.015906,0.010987,0.007577,0.0,0.006198,0.001278,-0.002131,0.0,-0.037497,-0.042416,-0.045826,0.0
1,1,405:10,405,WeMath,1,1,10.73,0.053403,0.009708,0.053403,0.015906,0.010987,0.007577,0.0,0.006198,0.001278,-0.002131,0.0,-0.037497,-0.042416,-0.045826,0.0
1,1,422:0,422,MathVerse_MINI_Vision_Only,1,0,13.91,0.679183,0.679182,0.679183,0.705788,0.531215,0.201816,0.0,0.026607,-0.147967,-0.477365,0.0,0.026605,-0.147968,-0.477367,0.0
1,1,422:0,422,MathVerse_MINI_Vision_Only,1,1,2.02,0.679183,0.679182,0.679183,0.468796,0.597831,0.201816,0.0,-0.210385,-0.081351,-0.477365,0.0,-0.210387,-0.081353,-0.477367,0.094209
1,1,444:1,444,MathVision_MINI,0,0,20.42,0.777301,0.62246,0.777301,0.407335,0.664443,0.53121,0.0,0.215125,-0.041983,0.091249,0.0,0.369966,0.112858,0.24609,0.09421
1,1,444:1,444,MathVision_MINI,0,1,3.25,0.777301,0.62246,0.777301,0.407335,0.597827,0.53121,0.0,0.215125,0.024633,0.091249,0.0,0.369966,0.179474,0.24609,0.09421
1,1,453:7,453,DynaMath,1,0,16.18,0.984094,0.924142,0.984094,0.974043,0.970688,0.974043,0.0,0.049901,0.046546,0.049901,0.0,-0.010051,-0.013406,-0.010051,0.0
1,1,453:7,453,DynaMath,1,1,11.19,0.984094,0.924142,0.984094,0.974043,0.970688,0.974043,0.0,0.049901,0.046546,0.049901,0.0,-0.010051,-0.013406,-0.010051,0.0
1,1,472:11,472,DynaMath,1,0,7.11,0.67918,0.437825,0.67918,0.437827,0.468793,0.705787,0.0,1e-06,0.030968,0.267961,0.0,-0.241353,-0.210387,0.026607,0.0
1,1,472:11,472,DynaMath,1,1,30.1,0.67918,0.437825,0.67918,0.437827,0.468793,0.500003,0.0,1e-06,0.030968,0.062177,0.0,-0.241353,-0.210387,-0.179177,0.0
1,1,489:7,489,MathVision_MINI,1,0,5.53,0.880797,0.798187,0.880797,0.562178,0.500002,0.531211,0.0,-0.236009,-0.298185,-0.266976,0.0,-0.318619,-0.380796,-0.349586,0.0
1,1,489:7,489,MathVision_MINI,1,1,2.52,0.880797,0.798187,0.880797,0.562178,0.500002,0.531211,0.0,-0.236009,-0.298185,-0.266976,0.0,-0.318619,-0.380796,-0.349586,0.0
1,1,508:7,508,MathVerse_MINI_Vision_Only,1,0,4.62,0.468793,0.348648,0.468793,0.320826,0.201816,0.119205,0.0,-0.027821,-0.146831,-0.229443,0.0,-0.147966,-0.266976,-0.349588,0.0
1,1,508:7,508,MathVerse_MINI_Vision_Only,1,1,25.8,0.468793,0.348648,0.468793,0.320826,0.201816,0.119205,0.0,-0.027821,-0.146831,-0.229443,0.0,-0.147966,-0.266976,-0.349588,0.0
1,1,526:3,526,DynaMath,1,0,17.6,0.164518,0.164517,0.164518,0.000804,0.164785,0.222701,0.0,-0.163713,0.000268,0.058184,0.0,-0.163714,0.000268,0.058183,0.215008
1,1,526:3,526,DynaMath,1,1,17.78,0.164518,0.164517,0.164518,0.003594,0.218585,0.001927,0.0,-0.160924,0.054068,-0.162591,0.0,-0.160924,0.054067,-0.162591,0.306015
1,1,539:6,539,MathVerse_MINI_Vision_Only,1,0,4.3,0.132965,0.020332,0.132965,0.053404,0.053404,0.053404,0.0,0.033071,0.033071,0.033071,0.0,-0.079561,-0.079561,-0.079561,0.0
1,1,539:6,539,MathVerse_MINI_Vision_Only,1,1,3.17,0.132965,0.020332,0.132965,0.053404,0.053404,0.053404,0.0,0.033071,0.033071,0.033071,0.0,-0.079561,-0.079561,-0.079561,0.0
1,1,556:6,556,MMMU_DEV_VAL,1,0,25.76,0.029313,0.00522,0.029313,0.00522,0.012496,0.182428,0.0,0.0,0.007276,0.177207,0.0,-0.024093,-0.016817,0.153115,0.005541
1,1,556:6,556,MMMU_DEV_VAL,1,1,11.58,0.029313,0.00522,0.029313,0.00407,0.0146,0.407336,0.0,-0.00115,0.00938,0.402116,0.0,-0.025243,-0.014712,0.378023,0.01046
1,1,575:1,575,MathVerse_MINI_Vision_Only,1,0,4.7,0.835484,0.622461,0.835484,0.867036,0.739612,0.798187,0.0,0.244576,0.117151,0.175727,0.0,0.031552,-0.095872,-0.037297,0.082838
1,1,575:1,575,MathVerse_MINI_Vision_Only,1,1,2.39,0.835484,0.622461,0.835484,0.867036,0.681036,0.798187,0.0,0.244576,0.058576,0.175727,0.0,0.031552,-0.154448,-0.037297,0.082838
1,1,595:5,595,MMMU_DEV_VAL,0,0,18.32,0.067547,0.060087,0.067547,0.017986,0.033086,0.042088,0.0,0.042101,0.027001,0.017999,0.0,0.049561,0.034461,0.025459,0.0
1,1,595:5,595,MMMU_DEV_VAL,0,1,4.96,0.067547,0.060087,0.067547,0.017986,0.033086,0.042088,0.0,0.042101,0.027001,0.017999,0.0,0.049561,0.034461,0.025459,0.0
1,1,619:6,619,MathVision_MINI,0,0,10.24,0.468792,0.245086,0.468792,0.164517,0.245086,0.268943,0.0,0.080568,-0.0,-0.023857,0.0,0.304274,0.223706,0.199849,0.0
1,1,619:6,619,MathVision_MINI,0,1,6.5,0.468792,0.245086,0.468792,0.164517,0.245086,0.268943,0.0,0.080568,-0.0,-0.023857,0.0,0.304274,0.223706,0.199849,0.0
1,1,643:5,643,DynaMath,1,0,6.24,0.132966,0.053404,0.132966,0.047427,0.042088,0.053404,0.0,-0.005977,-0.011315,0.0,0.0,-0.085539,-0.090877,-0.079562,0.0
1,1,643:5,643,DynaMath,1,1,2.51,0.132966,0.053404,0.132966,0.047427,0.042088,0.053404,0.0,-0.005977,-0.011315,0.0,0.0,-0.085539,-0.090877,-0.079562,0.0
1,1,661:2,661,MathVision_MINI,1,0,10.87,0.592668,0.148049,0.592668,0.348647,0.255683,0.500002,0.0,0.200599,0.107635,0.351953,0.0,-0.244021,-0.336985,-0.092666,0.179662
1,1,661:2,661,MathVision_MINI,1,1,11.05,0.592668,0.148049,0.592668,0.348647,0.149778,0.119204,0.0,0.200599,0.00173,-0.028845,0.0,-0.244021,-0.44289,-0.473464,0.091212
1,1,674:11,674,MathVision_MINI,1,0,16.78,0.182426,0.047426,0.182426,0.067547,0.106691,0.132965,0.0,0.020121,0.059265,0.085539,0.0,-0.114879,-0.075734,-0.049461,0.0
1,1,674:11,674,MathVision_MINI,1,1,8.47,0.182426,0.047426,0.182426,0.067547,0.106691,0.132965,0.0,0.020121,0.059265,0.085539,0.0,-0.114879,-0.075734,-0.049461,0.0
1,1,703:3,703,MathVerse_MINI_Vision_Only,0,0,3.72,0.851953,0.731059,0.851953,0.562179,0.654213,0.705787,0.0,0.16888,0.076847,0.025273,0.0,0.289774,0.19774,0.146166,0.087036
1,1,703:3,703,MathVerse_MINI_Vision_Only,0,1,2.17,0.851953,0.731059,0.851953,0.562179,0.654213,0.705787,0.0,0.16888,0.076847,0.025273,0.0,0.289774,0.19774,0.146166,0.087036
1,1,729:5,729,DynaMath,1,0,10.2,0.294216,0.245086,0.294216,0.468791,0.443788,0.164518,0.0,0.223705,0.198701,-0.080569,0.0,0.174575,0.149572,-0.129698,0.123633
1,1,729:5,729,DynaMath,1,1,8.33,0.294216,0.245086,0.294216,0.468791,0.443788,0.012432,0.0,0.223705,0.198701,-0.232655,0.0,0.174575,0.149572,-0.281784,0.123633
1,1,739:1,739,DynaMath,1,0,5.27,0.592668,0.377542,0.592668,0.500002,0.469113,0.468792,0.0,0.12246,0.091571,0.09125,0.0,-0.092666,-0.123555,-0.123876,0.087366
1,1,739:1,739,DynaMath,1,1,2.1,0.592668,0.377542,0.592668,0.500002,0.469113,0.651355,0.0,0.12246,0.091571,0.273813,0.0,-0.092666,-0.123555,0.058687,0.087366
1,1,752:5,752,MathVerse_MINI_Vision_Only,0,0,9.46,0.798188,0.798188,0.798188,0.851953,0.470276,0.017986,0.0,-0.053765,0.327911,0.780201,0.0,-0.053765,0.327911,0.780201,0.089673
1,1,752:5,752,MathVerse_MINI_Vision_Only,0,1,5.54,0.798188,0.798188,0.798188,0.201815,0.653281,0.268945,0.0,0.596373,0.144907,0.529243,0.0,0.596373,0.144907,0.529243,0.128836
1,1,774:4,774,MathVision_MINI,1,0,3.76,0.946597,0.880797,0.946597,0.932453,0.914901,0.851953,0.0,0.051656,0.034104,-0.028844,0.0,-0.014143,-0.031696,-0.094644,0.0
1,1,774:4,774,MathVision_MINI,1,1,3.38,0.946597,0.880797,0.946597,0.798187,0.875996,0.851953,0.0,-0.082611,-0.004801,-0.028844,0.0,-0.14841,-0.070601,-0.094644,0.05502
1,1,788:3,788,MathVerse_MINI_Vision_Only,1,0,3.19,0.835486,0.562182,0.835486,0.73106,0.835484,0.348651,0.0,0.168878,0.273302,-0.21353,0.0,-0.104426,-2e-06,-0.486834,0.0
1,1,788:3,788,MathVerse_MINI_Vision_Only,1,1,4.73,0.835486,0.562182,0.835486,0.500006,0.754546,0.531215,0.0,-0.062176,0.192365,-0.030967,0.0,-0.33548,-0.080939,-0.304271,0.114463
1,1,798:2,798,MathVerse_MINI_Vision_Only,1,0,6.16,0.880797,0.851953,0.880797,0.893309,0.750556,0.7773,0.0,0.041356,-0.101397,-0.074653,0.0,0.012512,-0.130241,-0.103497,0.100942
1,1,798:2,798,MathVerse_MINI_Vision_Only,1,1,2.06,0.880797,0.851953,0.880797,0.893309,0.89331,0.7773,0.0,0.041356,0.041357,-0.074653,0.0,0.012512,0.012512,-0.103497,0.0
1,1,810:9,810,DynaMath,1,0,7.09,0.946597,0.924142,0.946597,0.817576,0.883501,0.67918,0.0,-0.106565,-0.040641,-0.244962,0.0,-0.12902,-0.063095,-0.267416,0.044615
1,1,810:9,810,DynaMath,1,1,2.77,0.946597,0.924142,0.946597,0.817576,0.883501,0.67918,0.0,-0.106565,-0.040641,-0.244962,0.0,-0.12902,-0.063095,-0.267416,0.044615
1,1,837:0,837,MathVerse_MINI_Vision_Only,1,0,8.14,0.164518,0.119205,0.164518,0.132967,0.148051,0.119205,0.0,0.013762,0.028846,0.0,0.0,-0.031551,-0.016467,-0.045313,0.0
1,1,837:0,837,MathVerse_MINI_Vision_Only,1,1,2.34,0.164518,0.119205,0.164518,0.132967,0.148051,0.119205,0.0,0.013762,0.028846,0.0,0.0,-0.031551,-0.016467,-0.045313,0.0
1,1,864:2,864,WeMath,1,0,11.26,0.754916,0.531211,0.754916,0.777301,0.647311,0.798187,0.0,0.246089,0.116099,0.266976,0.0,0.022385,-0.107605,0.043271,0.120395
1,1,864:2,864,WeMath,1,1,1.96,0.754916,0.531211,0.754916,0.777301,0.647311,0.798187,0.0,0.246089,0.116099,0.266976,0.0,0.022385,-0.107605,0.043271,0.120395
1,1,877:5,877,MathVerse_MINI_Vision_Only,1,0,22.15,0.437825,0.320823,0.437825,0.222702,0.213006,0.245086,0.0,-0.098121,-0.107817,-0.075737,0.0,-0.215123,-0.224818,-0.192739,0.097525
1,1,877:5,877,MathVerse_MINI_Vision_Only,1,1,21.21,0.437825,0.320823,0.437825,0.407335,0.255761,0.245086,0.0,0.086512,-0.065062,-0.075737,0.0,-0.03049,-0.182064,-0.192739,0.169749
1,1,899:1,899,DynaMath,1,0,2.6,0.531211,0.268943,0.531211,0.348648,0.500083,0.037327,0.0,0.079704,0.23114,-0.231616,0.0,-0.182564,-0.031128,-0.493884,0.044023
1,1,899:1,899,DynaMath,1,1,2.13,0.531211,0.268943,0.531211,0.294216,0.500083,0.037327,0.0,0.025273,0.23114,-0.231616,0.0,-0.236995,-0.031128,-0.493884,0.044023
1,1,918:0,918,MathVerse_MINI_Vision_Only,1,0,7.32,0.500001,0.407335,0.500001,0.294217,0.245087,0.201815,0.0,-0.113118,-0.162248,-0.20552,0.0,-0.205784,-0.254914,-0.298186,0.0
1,1,918:0,918,MathVerse_MINI_Vision_Only,1,1,2.66,0.500001,0.407335,0.500001,0.294217,0.245087,0.201815,0.0,-0.113118,-0.162248,-0.20552,0.0,-0.205784,-0.254914,-0.298186,0.0
1,1,940:9,940,MathVerse_MINI_Vision_Only,1,0,7.87,0.754916,0.73106,0.754916,0.7773,0.817575,0.835484,0.0,0.04624,0.086515,0.104424,0.0,0.022384,0.062659,0.080568,0.0
1,1,940:9,940,MathVerse_MINI_Vision_Only,1,1,3.49,0.754916,0.73106,0.754916,0.7773,0.788736,0.835484,0.0,0.04624,0.057676,0.104424,0.0,0.022384,0.03382,0.080568,0.040784
1,1,954:8,954,MathVision_MINI,0,0,8.48,0.164517,0.033086,0.164517,0.029312,0.037327,0.042088,0.0,0.003774,-0.004241,-0.009002,0.0,0.135205,0.12719,0.122429,0.0
1,1,954:8,954,MathVision_MINI,0,1,7.33,0.164517,0.033086,0.164517,0.029312,0.037327,0.042088,0.0,0.003774,-0.004241,-0.009002,0.0,0.135205,0.12719,0.122429,0.0
1,1,976:11,976,MathVerse_MINI_Vision_Only,1,0,4.01,0.705786,0.377542,0.705786,0.407335,0.479044,0.437825,0.0,0.029793,0.101501,0.060282,0.0,-0.298451,-0.226743,-0.267961,0.101411
1,1,976:11,976,MathVerse_MINI_Vision_Only,1,1,2.93,0.705786,0.377542,0.705786,0.407335,0.407335,0.437825,0.0,0.029793,0.029793,0.060282,0.0,-0.298451,-0.298451,-0.267961,0.0
1,1,986:7,986,MathVerse_MINI_Vision_Only,1,0,5.95,0.977023,0.89331,0.977023,0.932453,0.864244,0.798187,0.0,0.039144,-0.029066,-0.095122,0.0,-0.044569,-0.112779,-0.178835,0.150535
1,1,986:7,986,MathVerse_MINI_Vision_Only,1,1,8.07,0.977023,0.89331,0.977023,0.651357,0.970688,0.022977,0.0,-0.241953,0.077378,-0.870332,0.0,-0.325666,-0.006335,-0.954045,0.0
1,1,1014:1,1014,MMMU_DEV_VAL,1,0,2.7,0.99478,0.993307,0.99478,0.994089,0.994089,0.754916,0.0,0.000782,0.000782,-0.238391,0.0,-0.000691,-0.000691,-0.239864,0.0
1,1,1014:1,1014,MMMU_DEV_VAL,1,1,3.48,0.99478,0.993307,0.99478,0.994089,0.994089,0.867036,0.0,0.000782,0.000782,-0.126271,0.0,-0.000691,-0.000691,-0.127744,0.0
1,1,1031:1,1031,MathVerse_MINI_Vision_Only,1,0,5.04,0.592668,0.437826,0.592668,0.348648,0.326396,0.531211,0.0,-0.089178,-0.11143,0.093385,0.0,-0.244021,-0.266272,-0.061458,0.114465
1,1,1031:1,1031,MathVerse_MINI_Vision_Only,1,1,6.68,0.592668,0.437826,0.592668,0.348648,0.570016,0.164517,0.0,-0.089178,0.13219,-0.273309,0.0,-0.244021,-0.022653,-0.428151,0.115032
1,1,1043:7,1043,MathVision_MINI,1,0,12.27,0.622462,0.24509,0.622462,0.201818,0.326044,0.047427,0.0,-0.043272,0.080955,-0.197663,0.0,-0.420645,-0.296418,-0.575036,0.212776
1,1,1043:7,1043,MathVision_MINI,1,1,7.7,0.622462,0.24509,0.622462,0.56218,0.2885,0.037327,0.0,0.31709,0.04341,-0.207762,0.0,-0.060283,-0.333963,-0.585135,0.250182
1,1,1055:6,1055,MathVerse_MINI_Vision_Only,1,0,3.9,0.89331,0.67918,0.89331,0.798188,0.709195,0.731059,0.0,0.119008,0.030015,0.051879,0.0,-0.095122,-0.184114,-0.16225,0.125854
1,1,1055:6,1055,MathVerse_MINI_Vision_Only,1,1,2.26,0.89331,0.67918,0.89331,0.798188,0.620203,0.731059,0.0,0.119008,-0.058977,0.051879,0.0,-0.095122,-0.273107,-0.16225,0.125854
1,1,1067:11,1067,DynaMath,1,0,7.27,0.817574,0.798187,0.817574,0.53121,0.700299,0.851953,0.0,-0.266977,-0.097888,0.053766,0.0,-0.286364,-0.117275,0.034378,0.069217
1,1,1067:11,1067,DynaMath,1,1,4.42,0.817574,0.798187,0.817574,0.53121,0.651356,0.754915,0.0,-0.266977,-0.146831,-0.043272,0.0,-0.286364,-0.166219,-0.062659,0.0
1,1,1083:9,1083,MMMU_DEV_VAL,1,0,8.44,0.407337,0.106692,0.407337,0.245089,0.146988,0.132967,0.0,0.138397,0.040296,0.026275,0.0,-0.162248,-0.260349,-0.27437,0.077541
1,1,1083:9,1083,MMMU_DEV_VAL,1,1,2.38,0.407337,0.106692,0.407337,0.245089,0.201818,0.132967,0.0,0.138397,0.095126,0.026275,0.0,-0.162248,-0.205519,-0.27437,0.0
1,1,1106:7,1106,MathVision_MINI,1,0,5.17,0.592667,0.407334,0.592667,0.268943,0.245087,0.268943,0.0,-0.138391,-0.162247,-0.138391,0.0,-0.323724,-0.34758,-0.323724,0.0
1,1,1106:7,1106,MathVision_MINI,1,1,2.86,0.592667,0.407334,0.592667,0.268943,0.245087,0.562177,0.0,-0.138391,-0.162247,0.154843,0.0,-0.323724,-0.34758,-0.03049,0.0
1,1,1121:6,1121,MathVision_MINI,1,0,10.8,0.2227,0.0851,0.2227,0.085099,0.09535,0.09535,0.0,-0.0,0.01025,0.01025,0.0,-0.137601,-0.127351,-0.127351,0.0
1,1,1121:6,1121,MathVision_MINI,1,1,4.08,0.2227,0.0851,0.2227,0.085099,0.09535,0.148048,0.0,-0.0,0.01025,0.062948,0.0,-0.137601,-0.127351,-0.074653,0.0
1,1,1139:12,1139,MathVision_MINI,1,0,17.64,0.245086,0.053404,0.245086,0.042088,0.075858,0.060087,0.0,-0.011316,0.022455,0.006683,0.0,-0.202998,-0.169227,-0.184999,0.0
1,1,1139:12,1139,MathVision_MINI,1,1,8.67,0.245086,0.053404,0.245086,0.042088,0.075858,0.060087,0.0,-0.011316,0.022455,0.006683,0.0,-0.202998,-0.169227,-0.184999,0.0
1,1,1166:8,1166,MathVerse_MINI_Vision_Only,0,0,7.48,0.294216,0.132965,0.294216,0.164517,0.182426,0.164517,0.0,-0.031552,-0.049461,-0.031552,0.0,0.129699,0.11179,0.129699,0.0
1,1,1166:8,1166,MathVerse_MINI_Vision_Only,0,1,9.51,0.294216,0.132965,0.294216,0.164517,0.182426,0.164517,0.0,-0.031552,-0.049461,-0.031552,0.0,0.129699,0.11179,0.129699,0.0
1,1,1186:3,1186,MathVerse_MINI_Vision_Only,1,0,4.21,0.851953,0.754915,0.851953,0.851953,0.851953,0.377543,0.0,0.097038,0.097038,-0.377372,0.0,-0.0,-0.0,-0.47441,0.0
1,1,1186:3,1186,MathVerse_MINI_Vision_Only,1,1,3.83,0.851953,0.754915,0.851953,0.851953,0.745039,0.817574,0.0,0.097038,-0.009876,0.06266,0.0,-0.0,-0.106914,-0.034379,0.151199
1,1,1202:4,1202,MathVerse_MINI_Vision_Only,0,0,8.12,0.294216,0.09535,0.294216,0.106692,0.164517,0.182427,0.0,-0.011342,-0.069167,-0.087077,0.0,0.187524,0.129699,0.111789,0.0
1,1,1202:4,1202,MathVerse_MINI_Vision_Only,0,1,4.25,0.294216,0.09535,0.294216,0.106692,0.164517,0.182427,0.0,-0.011342,-0.069167,-0.087077,0.0,0.187524,0.129699,0.111789,0.0
1,1,1218:2,1218,MathVerse_MINI_Vision_Only,1,0,5.31,0.957912,0.651357,0.957912,0.835484,0.957912,0.132968,0.0,0.184127,0.306555,-0.518389,0.0,-0.122428,-0.0,-0.824944,0.0
1,1,1218:2,1218,MathVerse_MINI_Vision_Only,1,1,2.13,0.957912,0.651357,0.957912,0.562179,0.957912,0.132968,0.0,-0.089178,0.306555,-0.518389,0.0,-0.395734,-0.0,-0.824944,0.0
1,1,1224:11,1224,DynaMath,1,0,4.97,0.982014,0.966914,0.982014,0.939914,0.95762,0.932454,0.0,-0.027,-0.009294,-0.034461,0.0,-0.0421,-0.024393,-0.04956,0.01559
1,1,1224:11,1224,DynaMath,1,1,6.1,0.982014,0.966914,0.982014,0.977023,0.95762,0.974043,0.0,0.010109,-0.009294,0.007129,0.0,-0.004991,-0.024393,-0.007971,0.01559
1,1,1250:8,1250,MathVerse_MINI_Vision_Only,0,0,7.13,0.531212,0.437828,0.531212,0.025957,0.276038,0.0851,0.0,0.41187,0.16179,0.352728,0.0,0.505255,0.255175,0.446112,0.202333
1,1,1250:8,1250,MathVerse_MINI_Vision_Only,0,1,7.48,0.531212,0.437828,0.531212,0.16452,0.286555,0.0851,0.0,0.273308,0.151273,0.352728,0.0,0.366692,0.244657,0.446112,0.195321
1,1,1265:2,1265,MathVerse_MINI_Vision_Only,1,0,2.66,0.991423,0.970688,0.991423,0.979668,0.982014,0.880798,0.0,0.00898,0.011326,-0.08989,0.0,-0.011755,-0.009409,-0.110625,0.0
1,1,1265:2,1265,MathVerse_MINI_Vision_Only,1,1,2.35,0.991423,0.970688,0.991423,0.979668,0.982014,0.880798,0.0,0.00898,0.011326,-0.08989,0.0,-0.011755,-0.009409,-0.110625,0.0
1,1,1293:7,1293,MathVision_MINI,0,0,15.12,0.377542,0.075859,0.377542,0.148049,0.164517,0.148048,0.0,-0.072189,-0.088658,-0.072189,0.0,0.229493,0.213024,0.229493,0.0
1,1,1293:7,1293,MathVision_MINI,0,1,5.11,0.377542,0.075859,0.377542,0.148049,0.164517,0.148048,0.0,-0.072189,-0.088658,-0.072189,0.0,0.229493,0.213024,0.229493,0.0
1,1,1305:2,1305,MathVerse_MINI_Vision_Only,0,0,4.11,0.817575,0.348648,0.817575,0.62246,0.407338,0.294218,0.0,-0.273812,-0.05869,0.05443,0.0,0.195115,0.410237,0.523357,0.0
1,1,1305:2,1305,MathVerse_MINI_Vision_Only,0,1,2.18,0.817575,0.348648,0.817575,0.407336,0.407338,0.294218,0.0,-0.058688,-0.05869,0.05443,0.0,0.410239,0.410237,0.523357,0.0
1,1,1323:6,1323,MathVision_MINI,0,0,3.6,0.132965,0.033086,0.132965,0.067547,0.067547,0.047426,0.0,-0.034461,-0.034461,-0.01434,0.0,0.065418,0.065418,0.085539,0.0
1,1,1323:6,1323,MathVision_MINI,0,1,4.41,0.132965,0.033086,0.132965,0.067547,0.067547,0.047426,0.0,-0.034461,-0.034461,-0.01434,0.0,0.065418,0.065418,0.085539,0.0
1,1,1331:9,1331,MathVerse_MINI_Vision_Only,1,0,6.77,0.622461,0.407335,0.622461,0.62246,0.348647,0.592668,0.0,0.215125,-0.058688,0.185332,0.0,-0.0,-0.273813,-0.029793,0.0
1,1,1331:9,1331,MathVerse_MINI_Vision_Only,1,1,2.87,0.622461,0.407335,0.622461,0.62246,0.44955,0.592668,0.0,0.215125,0.042215,0.185332,0.0,-0.0,-0.172911,-0.029793,0.142698
1,1,1344:6,1344,DynaMath,1,0,13.78,0.468792,0.148048,0.468792,0.033086,0.13027,0.651355,0.0,-0.114962,-0.017778,0.503307,0.0,-0.435705,-0.338521,0.182564,0.07376
1,1,1344:6,1344,DynaMath,1,1,16.84,0.468792,0.148048,0.468792,0.14805,0.094419,0.067547,0.0,1e-06,-0.053629,-0.080501,0.0,-0.320742,-0.374373,-0.401245,0.062279
1,1,1371:2,1371,MathVerse_MINI_Vision_Only,0,0,2.49,0.468792,0.132965,0.468792,0.245087,0.299169,0.531211,0.0,-0.112122,-0.166204,-0.398246,0.0,0.223704,0.169622,-0.062419,0.076485
1,1,1371:2,1371,MathVerse_MINI_Vision_Only,0,1,2.47,0.468792,0.132965,0.468792,0.245087,0.245086,0.531211,0.0,-0.112122,-0.112121,-0.398246,0.0,0.223704,0.223705,-0.062419,0.0
1,1,1381:10,1381,MathVerse_MINI_Vision_Only,1,0,3.88,0.962673,0.851953,0.962673,0.932453,0.865322,0.946597,0.0,0.0805,0.013369,0.094644,0.0,-0.03022,-0.097351,-0.016077,0.094938
1,1,1381:10,1381,MathVerse_MINI_Vision_Only,1,1,3.39,0.962673,0.851953,0.962673,0.932453,0.865322,0.946597,0.0,0.0805,0.013369,0.094644,0.0,-0.03022,-0.097351,-0.016077,0.094938
1,1,1404:2,1404,MathVerse_MINI_Vision_Only,0,0,6.21,0.962673,0.880798,0.962673,0.946597,0.890165,0.592671,0.0,-0.065799,-0.009367,0.288127,0.0,0.016076,0.072508,0.370003,0.079807
1,1,1404:2,1404,MathVerse_MINI_Vision_Only,0,1,4.55,0.962673,0.880798,0.962673,0.946597,0.866327,0.904651,0.0,-0.065799,0.01447,-0.023854,0.0,0.016076,0.096346,0.058022,0.113518
1,1,1425:1,1425,MathVerse_MINI_Vision_Only,1,0,15.58,0.939913,0.904651,0.939913,0.924142,0.939913,0.924142,0.0,0.019491,0.035263,0.019491,0.0,-0.015772,0.0,-0.015772,0.0
1,1,1425:1,1425,MathVerse_MINI_Vision_Only,1,1,3.3,0.939913,0.904651,0.939913,0.73106,0.939913,0.705787,0.0,-0.173591,0.035263,-0.198864,0.0,-0.208853,0.0,-0.234126,0.0
1,1,1445:4,1445,MathVision_MINI,1,0,19.97,0.164517,0.047426,0.164517,0.033086,0.047426,0.047426,0.0,-0.01434,-0.0,-0.0,0.0,-0.131431,-0.117091,-0.117091,0.0
1,1,1445:4,1445,MathVision_MINI,1,1,5.81,0.164517,0.047426,0.164517,0.033086,0.047426,0.047426,0.0,-0.01434,-0.0,-0.0,0.0,-0.131431,-0.117091,-0.117091,0.0
1,1,1468:2,1468,MMMU_DEV_VAL,1,0,15.77,0.67918,0.377542,0.67918,0.468794,0.559729,0.119204,0.0,0.091251,0.182186,-0.258339,0.0,-0.210386,-0.119451,-0.559976,0.088225
1,1,1468:2,1468,MMMU_DEV_VAL,1,1,3.86,0.67918,0.377542,0.67918,0.67918,0.531213,0.119204,0.0,0.301637,0.15367,-0.258339,0.0,-0.0,-0.147967,-0.559976,0.0
1,1,1485:0,1485,MathVision_MINI,1,0,5.03,0.851953,0.754915,0.851953,0.500002,0.531211,0.500002,0.0,-0.254913,-0.223705,-0.254913,0.0,-0.351951,-0.320742,-0.351951,0.0
1,1,1485:0,1485,MathVision_MINI,1,1,2.52,0.851953,0.754915,0.851953,0.835484,0.632635,0.500002,0.0,0.080568,-0.12228,-0.254913,0.0,-0.016469,-0.219318,-0.351951,0.143436
1,1,1499:2,1499,DynaMath,1,0,10.04,0.835484,0.437827,0.835484,0.437827,0.449145,0.377542,0.0,0.0,0.011318,-0.060284,0.0,-0.397657,-0.38634,-0.457942,0.181473
1,1,1499:2,1499,DynaMath,1,1,3.13,0.835484,0.437827,0.835484,0.705786,0.577465,0.201817,0.0,0.267959,0.139639,-0.23601,0.0,-0.129698,-0.258019,-0.633668,0.181473
1,1,1511:6,1511,WeMath,0,0,10.37,0.377542,0.132965,0.377542,0.106691,0.148048,0.164518,0.0,0.026274,-0.015083,-0.031553,0.0,0.27085,0.229493,0.213024,0.0
1,1,1511:6,1511,WeMath,0,1,5.37,0.377542,0.132965,0.377542,0.106691,0.148048,0.164518,0.0,0.026274,-0.015083,-0.031553,0.0,0.27085,0.229493,0.213024,0.0
1,1,1528:4,1528,DynaMath,1,0,4.98,0.987568,0.835484,0.987568,0.914901,0.918633,0.89331,0.0,0.079417,0.083149,0.057826,0.0,-0.072667,-0.068936,-0.094259,0.019774
1,1,1528:4,1528,DynaMath,1,1,2.57,0.987568,0.835484,0.987568,0.851953,0.904651,0.939913,0.0,0.016469,0.069167,0.10443,0.0,-0.135615,-0.082918,-0.047655,0.0
1,1,1550:7,1550,MathVision_MINI,1,0,2.48,0.754916,0.060087,0.754916,0.164517,0.245086,0.348646,0.0,0.10443,0.185,0.28856,0.0,-0.590398,-0.509829,-0.406269,0.0
1,1,1550:7,1550,MathVision_MINI,1,1,1.93,0.754916,0.060087,0.754916,0.164517,0.245086,0.53121,0.0,0.10443,0.185,0.471123,0.0,-0.590398,-0.509829,-0.223705,0.0
1,1,1560:5,1560,DynaMath,1,0,5.44,0.377542,0.201814,0.377542,0.53121,0.294216,0.067547,0.0,0.329396,0.092402,-0.134267,0.0,0.153668,-0.083326,-0.309995,0.0
1,1,1560:5,1560,DynaMath,1,1,3.35,0.377542,0.201814,0.377542,0.294217,0.362811,0.067547,0.0,0.092402,0.160997,-0.134267,0.0,-0.083325,-0.014731,-0.309995,0.097008
1,1,1579:1,1579,MathVision_MINI,1,0,7.85,0.119203,0.085099,0.119203,0.09535,0.072867,0.106691,0.0,0.01025,-0.012232,0.021592,0.0,-0.023854,-0.046336,-0.012512,0.047834
1,1,1579:1,1579,MathVision_MINI,1,1,4.3,0.119203,0.085099,0.119203,0.09535,0.085157,0.106691,0.0,0.01025,5.8e-05,0.021592,0.0,-0.023854,-0.034047,-0.012512,0.030454
1,1,1606:10,1606,DynaMath,1,0,11.95,0.5,0.222701,0.5,0.245086,0.327116,0.562177,0.0,0.022385,0.104415,0.339476,0.0,-0.254914,-0.172885,0.062177,0.087937
1,1,1606:10,1606,DynaMath,1,1,10.96,0.5,0.222701,0.5,0.245086,0.320822,0.348646,0.0,0.022385,0.098121,0.125945,0.0,-0.254914,-0.179178,-0.151354,0.0
1,1,1619:3,1619,MathVerse_MINI_Vision_Only,1,0,2.54,0.731059,0.651356,0.731059,0.531212,0.669944,0.867036,0.0,-0.120144,0.018588,0.21568,0.0,-0.199848,-0.061115,0.135976,0.120167
1,1,1619:3,1619,MathVerse_MINI_Vision_Only,1,1,2.16,0.731059,0.651356,0.731059,0.817575,0.669944,0.705787,0.0,0.166219,0.018588,0.05443,0.0,0.086515,-0.061115,-0.025273,0.120167
1,1,1636:5,1636,WeMath,1,0,6.97,0.053403,0.022977,0.053403,0.033086,0.025957,0.025958,0.0,0.010109,0.00298,0.00298,0.0,-0.020317,-0.027446,-0.027446,0.0
1,1,1636:5,1636,WeMath,1,1,4.46,0.053403,0.022977,0.053403,0.033086,0.025957,0.025958,0.0,0.010109,0.00298,0.00298,0.0,-0.020317,-0.027446,-0.027446,0.0
1,1,1665:2,1665,MathVision_MINI,0,0,7.08,0.562177,0.407334,0.562177,0.500001,0.292227,0.377543,0.0,-0.092667,0.115107,0.029791,0.0,0.062176,0.26995,0.184635,0.205906
1,1,1665:2,1665,MathVision_MINI,0,1,5.68,0.562177,0.407334,0.562177,0.377542,0.437825,0.377543,0.0,0.029792,-0.030491,0.029791,0.0,0.184635,0.124353,0.184635,0.0
1,1,1682:5,1682,MathVerse_MINI_Vision_Only,1,0,21.27,0.705788,0.407341,0.705788,0.679182,0.332771,0.531213,0.0,0.27184,-0.07457,0.123872,0.0,-0.026607,-0.373017,-0.174575,0.281879
1,1,1682:5,1682,MathVerse_MINI_Vision_Only,1,1,19.03,0.705788,0.407341,0.705788,0.377545,0.469115,0.592672,0.0,-0.029796,0.061774,0.185331,0.0,-0.328243,-0.236673,-0.113116,0.131073
1,1,1689:12,1689,MathVerse_MINI_Vision_Only,1,0,4.03,0.952574,0.932454,0.952574,0.731059,0.900882,0.984094,0.0,-0.201394,-0.031571,0.05164,0.0,-0.221515,-0.051692,0.031519,0.087385
1,1,1689:12,1689,MathVerse_MINI_Vision_Only,1,1,4.05,0.952574,0.932454,0.952574,0.731059,0.839091,0.932453,0.0,-0.201394,-0.093362,-0.0,0.0,-0.221515,-0.113483,-0.020121,0.087385
1,1,1723:11,1723,DynaMath,1,0,4.41,0.89331,0.777302,0.89331,0.851954,0.859782,0.904651,0.0,0.074652,0.08248,0.127349,0.0,-0.041356,-0.033528,0.011341,0.091019
1,1,1723:11,1723,DynaMath,1,1,2.41,0.89331,0.777302,0.89331,0.651361,0.859782,0.904651,0.0,-0.125941,0.08248,0.127349,0.0,-0.241949,-0.033528,0.011341,0.091019
1,1,1737:6,1737,WeMath,1,0,3.72,0.989013,0.979668,0.989013,0.914901,0.957112,0.977023,0.0,-0.064767,-0.022556,-0.002645,0.0,-0.074112,-0.031901,-0.01199,0.045115
1,1,1737:6,1737,WeMath,1,1,3.16,0.989013,0.979668,0.989013,0.985936,0.957112,0.977023,0.0,0.006269,-0.022556,-0.002645,0.0,-0.003077,-0.031901,-0.01199,0.045115
1,1,1742:3,1742,MathVerse_MINI_Vision_Only,0,0,2.86,0.89331,0.851954,0.89331,0.957913,0.865323,0.924142,0.0,-0.105959,-0.013369,-0.072188,0.0,-0.064603,0.027987,-0.030832,0.094938
1,1,1742:3,1742,MathVerse_MINI_Vision_Only,0,1,2.34,0.89331,0.851954,0.89331,0.957913,0.865323,0.73106,0.0,-0.105959,-0.013369,0.120893,0.0,-0.064603,0.027987,0.16225,0.094938
1,1,1762:2,1762,MathVision_MINI,0,0,5.68,0.148049,0.033087,0.148049,0.053404,0.053404,0.053404,0.0,-0.020318,-0.020317,-0.020317,0.0,0.094644,0.094645,0.094645,0.0
1,1,1762:2,1762,MathVision_MINI,0,1,3.93,0.148049,0.033087,0.148049,0.053404,0.053404,0.053404,0.0,-0.020318,-0.020317,-0.020317,0.0,0.094644,0.094645,0.094645,0.0
1,1,1777:9,1777,MathVerse_MINI_Vision_Only,0,0,21.97,0.294216,0.067547,0.294216,0.0851,0.09987,0.268943,0.0,-0.017553,-0.032323,-0.201395,0.0,0.209116,0.194345,0.025273,0.045712
1,1,1777:9,1777,MathVerse_MINI_Vision_Only,0,1,10.12,0.294216,0.067547,0.294216,0.0851,0.067547,0.148048,0.0,-0.017553,0.0,-0.080501,0.0,0.209116,0.226669,0.146168,0.0
1,1,1796:5,1796,WeMath,0,0,10.78,0.932453,0.754916,0.932453,0.09535,0.67398,0.962673,0.0,0.659566,0.080936,-0.207757,0.0,0.837103,0.258474,-0.03022,0.401154
1,1,1796:5,1796,WeMath,0,1,5.71,0.932453,0.754916,0.932453,0.946597,0.932453,0.67918,0.0,-0.191681,-0.177537,0.075737,0.0,-0.014143,0.0,0.253274,0.0
1,1,1807:8,1807,MathVerse_MINI_Vision_Only,1,0,10.69,0.468793,0.268944,0.468793,0.245088,0.431406,0.348647,0.0,-0.023857,0.162462,0.079702,0.0,-0.223705,-0.037387,-0.120146,0.097007
1,1,1807:8,1807,MathVerse_MINI_Vision_Only,1,1,12.15,0.468793,0.268944,0.468793,0.245088,0.362811,0.562177,0.0,-0.023857,0.093867,0.293233,0.0,-0.223705,-0.105982,0.093384,0.097007
1,1,1831:1,1831,MathVision_MINI,1,0,3.62,0.817575,0.67918,0.817575,0.67918,0.731059,0.651357,0.0,-0.0,0.051879,-0.027823,0.0,-0.138396,-0.086516,-0.166218,0.0
1,1,1831:1,1831,MathVision_MINI,1,1,2.89,0.817575,0.67918,0.817575,0.731059,0.696473,0.651357,0.0,0.051879,0.017293,-0.027823,0.0,-0.086516,-0.121102,-0.166218,0.024456
1,1,1850:3,1850,WeMath,1,0,10.75,0.377543,0.09535,0.377543,0.294217,0.120427,0.106692,0.0,0.198867,0.025077,0.011342,0.0,-0.083326,-0.257116,-0.270851,0.017732
1,1,1850:3,1850,WeMath,1,1,10.15,0.377543,0.09535,0.377543,0.119204,0.083717,0.106692,0.0,0.023853,-0.011633,0.011342,0.0,-0.258339,-0.293826,-0.270851,0.040787
1,1,1862:2,1862,DynaMath,1,0,4.24,0.974043,0.914901,0.974043,0.939914,0.940724,0.89331,0.0,0.025012,0.025823,-0.021592,0.0,-0.034129,-0.033318,-0.080733,0.042375
1,1,1862:2,1862,DynaMath,1,1,2.91,0.974043,0.914901,0.974043,0.977023,0.910761,0.89331,0.0,0.062121,-0.00414,-0.021592,0.0,0.00298,-0.063282,-0.080733,0.042375
1,1,1875:6,1875,DynaMath,1,0,8.15,0.946597,0.835484,0.946597,0.817574,0.795421,0.777301,0.0,-0.01791,-0.040063,-0.058183,0.0,-0.129022,-0.151176,-0.169296,0.09102
1,1,1875:6,1875,DynaMath,1,1,3.27,0.946597,0.835484,0.946597,0.592668,0.795421,0.939913,0.0,-0.242816,-0.040063,0.104429,0.0,-0.353928,-0.151176,-0.006683,0.09102
1,1,1898:6,1898,MathVerse_MINI_Vision_Only,1,0,9.16,0.067548,0.042089,0.067548,0.029313,0.022978,0.037328,0.0,-0.012775,-0.019111,-0.004761,0.0,-0.038234,-0.04457,-0.03022,0.0
1,1,1898:6,1898,MathVerse_MINI_Vision_Only,1,1,5.97,0.067548,0.042089,0.067548,0.029313,0.022978,0.037328,0.0,-0.012775,-0.019111,-0.004761,0.0,-0.038234,-0.04457,-0.03022,0.0
1,1,1936:4,1936,MathVision_MINI,1,0,18.82,0.531212,0.268946,0.531212,0.095351,0.345776,0.060087,0.0,-0.173595,0.076831,-0.208858,0.0,-0.435861,-0.185435,-0.471125,0.33883
1,1,1936:4,1936,MathVision_MINI,1,1,17.06,0.531212,0.268946,0.531212,0.119204,0.087616,0.0851,0.0,-0.149741,-0.18133,-0.183846,0.0,-0.412008,-0.443596,-0.446112,0.068979
1,1,1956:1,1956,MathVision_MINI,0,0,6.67,0.268943,0.132966,0.268943,0.201815,0.201815,0.201814,0.0,-0.068849,-0.068849,-0.068849,0.0,0.067128,0.067128,0.067128,0.0
1,1,1956:1,1956,MathVision_MINI,0,1,4.05,0.268943,0.132966,0.268943,0.201815,0.224191,0.201814,0.0,-0.068849,-0.091225,-0.068849,0.0,0.067128,0.044752,0.067128,0.031644
1,1,1968:2,1968,MathVision_MINI,1,0,21.61,0.705787,0.095351,0.705787,0.222702,0.488196,0.348647,0.0,0.127352,0.392845,0.253296,0.0,-0.483084,-0.217591,-0.35714,0.343458
1,1,1968:2,1968,MathVision_MINI,1,1,10.6,0.705787,0.095351,0.705787,0.348646,0.457568,0.119204,0.0,0.253296,0.362217,0.023853,0.0,-0.35714,-0.248219,-0.586583,0.193386
1,1,1985:3,1985,DynaMath,0,0,2.9,0.320823,0.132965,0.320823,0.201814,0.222701,0.268943,0.0,-0.068849,-0.089736,-0.135978,0.0,0.119008,0.098121,0.05188,0.0
1,1,1985:3,1985,DynaMath,0,1,2.66,0.320823,0.132965,0.320823,0.201814,0.222701,0.268943,0.0,-0.068849,-0.089736,-0.135978,0.0,0.119008,0.098121,0.05188,0.0
1,1,1989:2,1989,MathVision_MINI,1,0,6.63,0.348646,0.132965,0.348646,0.245087,0.164325,0.245087,0.0,0.112122,0.03136,0.112122,0.0,-0.103559,-0.184321,-0.103559,0.114215
1,1,1989:2,1989,MathVision_MINI,1,1,5.8,0.348646,0.132965,0.348646,0.245087,0.164748,0.008578,0.0,0.112122,0.031783,-0.124388,0.0,-0.103559,-0.183898,-0.340069,0.113617
1,1,2001:9,2001,MathVision_MINI,0,0,8.37,0.119203,0.047426,0.119203,0.047426,0.037327,0.053404,0.0,-0.0,0.010099,-0.005977,0.0,0.071777,0.081876,0.0658,0.0
1,1,2001:9,2001,MathVision_MINI,0,1,9.25,0.119203,0.047426,0.119203,0.047426,0.037327,0.053404,0.0,-0.0,0.010099,-0.005977,0.0,0.071777,0.081876,0.0658,0.0
1,1,2023:5,2023,WeMath,1,0,5.05,0.222702,0.320823,0.222702,0.294217,0.437825,0.294217,0.0,-0.026606,0.117002,-0.026606,0.0,0.071515,0.215124,0.071515,0.0
1,1,2023:5,2023,WeMath,1,1,2.0,0.222702,0.320823,0.222702,0.294217,0.342086,0.407335,0.0,-0.026606,0.021263,0.086512,0.0,0.071515,0.119385,0.184633,0.067698
1,1,2038:4,2038,MathVision_MINI,1,0,4.98,0.164519,0.053404,0.164519,0.033087,0.025958,0.025958,0.0,-0.020318,-0.027447,-0.027447,0.0,-0.131432,-0.138561,-0.138561,0.0
1,1,2038:4,2038,MathVision_MINI,1,1,15.93,0.164519,0.053404,0.164519,0.047427,0.024964,0.020333,0.0,-0.005978,-0.02844,-0.033072,0.0,-0.117092,-0.139554,-0.144186,0.001405
1,1,2069:6,2069,MathVision_MINI,1,0,8.88,0.201814,0.053404,0.201814,0.0851,0.085099,0.075859,0.0,0.031696,0.031696,0.022455,0.0,-0.116715,-0.116715,-0.125956,0.0
1,1,2069:6,2069,MathVision_MINI,1,1,5.09,0.201814,0.053404,0.201814,0.0851,0.085099,0.075859,0.0,0.031696,0.031696,0.022455,0.0,-0.116715,-0.116715,-0.125956,0.0
1,1,2081:1,2081,MathVerse_MINI_Vision_Only,0,0,4.81,0.592671,0.377547,0.592671,0.679181,0.651359,0.222705,0.0,-0.301634,-0.273812,0.154842,0.0,-0.08651,-0.058688,0.369966,0.0
1,1,2081:1,2081,MathVerse_MINI_Vision_Only,0,1,2.55,0.592671,0.377547,0.592671,0.679181,0.468818,0.222705,0.0,-0.301634,-0.091271,0.154842,0.0,-0.08651,0.123853,0.369966,0.129076
1,1,2092:4,2092,DynaMath,1,0,9.61,0.437824,0.201814,0.437824,0.245086,0.222701,0.245086,0.0,0.043272,0.020887,0.043272,0.0,-0.192738,-0.215123,-0.192738,0.0
1,1,2092:4,2092,DynaMath,1,1,4.52,0.437824,0.201814,0.437824,0.245086,0.222701,0.245086,0.0,0.043272,0.020887,0.043272,0.0,-0.192738,-0.215123,-0.192738,0.0
1,1,2112:5,2112,MathVerse_MINI_Vision_Only,1,0,3.08,0.245086,0.0851,0.245086,0.0851,0.028194,0.468792,0.0,0.0,-0.056905,0.383692,0.0,-0.159987,-0.216892,0.223705,0.001582
1,1,2112:5,2112,MathVerse_MINI_Vision_Only,1,1,17.48,0.245086,0.0851,0.245086,0.222701,0.165578,0.164518,0.0,0.137601,0.080478,0.079418,0.0,-0.022385,-0.079508,-0.080569,0.171409
1,1,2127:8,2127,MathVision_MINI,0,0,11.59,0.268946,0.095352,0.268946,0.268944,0.1671,0.095351,0.0,-0.173592,-0.071748,0.0,0.0,2e-06,0.101846,0.173594,0.128575
1,1,2127:8,2127,MathVision_MINI,0,1,10.09,0.268946,0.095352,0.268946,0.047427,0.180148,0.095351,0.0,0.047925,-0.084796,0.0,0.0,0.221519,0.088798,0.173594,0.119474
1,1,2137:1,2137,WeMath,1,0,4.2,0.651355,0.437824,0.651355,0.468792,0.580533,0.407335,0.0,0.030968,0.142709,-0.030489,0.0,-0.182564,-0.070822,-0.244021,0.069753
1,1,2137:1,2137,WeMath,1,1,2.24,0.651355,0.437824,0.651355,0.468792,0.580533,0.562177,0.0,0.030968,0.142709,0.124353,0.0,-0.182564,-0.070822,-0.089178,0.069753
1,1,2149:5,2149,DynaMath,0,0,19.41,0.798187,0.320822,0.798187,0.437824,0.437824,0.320822,0.0,-0.117002,-0.117002,0.0,0.0,0.360362,0.360362,0.477365,0.0
1,1,2149:5,2149,DynaMath,0,1,5.31,0.798187,0.320822,0.798187,0.437824,0.437824,0.320822,0.0,-0.117002,-0.117002,0.0,0.0,0.360362,0.360362,0.477365,0.0
1,1,2167:0,2167,MathVision_MINI,1,0,5.68,0.67918,0.377542,0.67918,0.245087,0.222701,0.201815,0.0,-0.132455,-0.154841,-0.175727,0.0,-0.434093,-0.456478,-0.477364,0.0
1,1,2167:0,2167,MathVision_MINI,1,1,2.63,0.67918,0.377542,0.67918,0.245087,0.374861,0.201815,0.0,-0.132455,-0.002681,-0.175727,0.0,-0.434093,-0.304319,-0.477364,0.215186
1,1,2182:1,2182,DynaMath,1,0,8.24,0.679179,0.53121,0.679179,0.500002,0.473972,0.67918,0.0,-0.031208,-0.057239,0.147969,0.0,-0.179177,-0.205207,0.0,0.250859
1,1,2182:1,2182,DynaMath,1,1,2.14,0.679179,0.53121,0.679179,0.500002,0.500003,0.531212,0.0,-0.031208,-0.031207,1e-06,0.0,-0.179177,-0.179176,-0.147967,0.0
1,1,2192:4,2192,MMMU_DEV_VAL,1,0,16.92,0.754917,0.468793,0.754917,0.201816,0.722122,0.003173,0.0,-0.266977,0.253328,-0.465621,0.0,-0.553101,-0.032795,-0.751744,0.134992
1,1,2192:4,2192,MMMU_DEV_VAL,1,1,11.55,0.754917,0.468793,0.754917,0.531213,0.344044,0.003594,0.0,0.06242,-0.12475,-0.4652,0.0,-0.223704,-0.410873,-0.751323,0.334979
1,1,2211:1,2211,MathVerse_MINI_Vision_Only,1,0,2.6,0.437826,0.407337,0.437826,0.377546,0.388697,0.268944,0.0,-0.029791,-0.01864,-0.138393,0.0,-0.06028,-0.049129,-0.168882,0.056637
1,1,2211:1,2211,MathVerse_MINI_Vision_Only,1,1,4.27,0.437826,0.407337,0.437826,0.377546,0.348648,0.268944,0.0,-0.029791,-0.058689,-0.138393,0.0,-0.06028,-0.089178,-0.168882,0.0
1,1,2222:4,2222,WeMath,1,0,8.56,0.984094,0.867036,0.984094,0.705786,0.611901,0.962673,0.0,-0.16125,-0.255135,0.095637,0.0,-0.278308,-0.372192,-0.021421,0.428722
1,1,2222:4,2222,WeMath,1,1,2.03,0.984094,0.867036,0.984094,0.705786,0.892649,0.817574,0.0,-0.16125,0.025613,-0.049462,0.0,-0.278308,-0.091444,-0.166519,0.057554
1,1,2250:2,2250,DynaMath,1,0,10.5,0.89331,0.592667,0.89331,0.592669,0.5305,0.095351,0.0,2e-06,-0.062167,-0.497316,0.0,-0.300641,-0.36281,-0.797959,0.075378
1,1,2250:2,2250,DynaMath,1,1,21.6,0.89331,0.592667,0.89331,0.622461,0.500083,0.222701,0.0,0.029794,-0.092584,-0.369966,0.0,-0.270848,-0.393227,-0.670608,0.044022
1,1,2268:2,2268,WeMath,1,0,5.81,0.982014,0.817575,0.982014,0.957912,0.966914,0.012432,0.0,0.140338,0.149339,-0.805143,0.0,-0.024102,-0.0151,-0.969582,0.0
1,1,2268:2,2268,WeMath,1,1,2.09,0.982014,0.817575,0.982014,0.957912,0.966914,0.132966,0.0,0.140338,0.149339,-0.684609,0.0,-0.024102,-0.0151,-0.849048,0.0
1,1,2284:2,2284,MathVerse_MINI_Vision_Only,0,0,3.03,0.651359,0.320826,0.651359,0.500005,0.531216,0.731062,0.0,-0.179178,-0.210389,-0.410235,0.0,0.151354,0.120143,-0.079703,0.0
1,1,2284:2,2284,MathVerse_MINI_Vision_Only,0,1,3.35,0.651359,0.320826,0.651359,0.500005,0.531216,0.835485,0.0,-0.179178,-0.210389,-0.514659,0.0,0.151354,0.120143,-0.184126,0.0
1,1,2296:7,2296,MathVerse_MINI_Vision_Only,1,0,6.42,0.754915,0.222701,0.754915,0.348646,0.407334,0.437824,0.0,0.125944,0.184633,0.215123,0.0,-0.406269,-0.347581,-0.317091,0.0
1,1,2296:7,2296,MathVerse_MINI_Vision_Only,1,1,7.22,0.754915,0.222701,0.754915,0.348646,0.407334,0.437824,0.0,0.125944,0.184633,0.215123,0.0,-0.406269,-0.347581,-0.317091,0.0
1,1,2305:4,2305,DynaMath,1,0,6.19,0.679179,0.500001,0.679179,0.407335,0.509001,0.679179,0.0,-0.092667,0.009,0.179178,0.0,-0.271844,-0.170178,0.0,0.10066
1,1,2305:4,2305,DynaMath,1,1,2.45,0.679179,0.500001,0.679179,0.407335,0.509001,0.407335,0.0,-0.092667,0.009,-0.092666,0.0,-0.271844,-0.170178,-0.271844,0.10066
1,1,2316:10,2316,MathVerse_MINI_Vision_Only,0,0,2.79,0.970688,0.880797,0.970688,0.970688,0.957912,0.268944,0.0,-0.089891,-0.077115,0.611853,0.0,0.0,0.012776,0.701744,0.0
1,1,2316:10,2316,MathVerse_MINI_Vision_Only,0,1,2.58,0.970688,0.880797,0.970688,0.970688,0.957912,0.531211,0.0,-0.089891,-0.077115,0.349586,0.0,0.0,0.012776,0.439477,0.0
1,1,2333:2,2333,MathVerse_MINI_Vision_Only,1,0,9.22,0.182429,0.132968,0.182429,0.067549,0.04983,0.033086,0.0,-0.065419,-0.083138,-0.099882,0.0,-0.114879,-0.132599,-0.149342,0.014508
1,1,2333:2,2333,MathVerse_MINI_Vision_Only,1,1,13.27,0.182429,0.132968,0.182429,0.067549,0.055868,0.060087,0.0,-0.065419,-0.0771,-0.072881,0.0,-0.114879,-0.126561,-0.122341,0.005969
1,1,2355:3,2355,DynaMath,1,0,7.34,0.731059,0.592667,0.731059,0.531211,0.605779,0.851953,0.0,-0.061456,0.013112,0.259286,0.0,-0.199848,-0.12528,0.120894,0.105455
1,1,2355:3,2355,DynaMath,1,1,2.23,0.731059,0.592667,0.731059,0.531211,0.605779,0.651356,0.0,-0.061456,0.013112,0.058689,0.0,-0.199848,-0.12528,-0.079703,0.105455
1,1,2388:5,2388,DynaMath,1,0,8.84,0.851953,0.754917,0.851953,0.835484,0.753866,0.592669,0.0,0.080567,-0.001051,-0.162247,0.0,-0.016469,-0.098087,-0.259284,0.179508
1,1,2388:5,2388,DynaMath,1,1,4.69,0.851953,0.754917,0.851953,0.835484,0.784755,0.592669,0.0,0.080567,0.029838,-0.162247,0.0,-0.016469,-0.067198,-0.259284,0.135825
1,1,2403:1,2403,MathVerse_MINI_Vision_Only,1,0,2.82,0.952574,0.939914,0.952574,0.939914,0.932453,0.946597,0.0,0.0,-0.00746,0.006683,0.0,-0.012661,-0.020121,-0.005978,0.0
1,1,2403:1,2403,MathVerse_MINI_Vision_Only,1,1,2.31,0.952574,0.939914,0.952574,0.939914,0.932453,0.946597,0.0,0.0,-0.00746,0.006683,0.0,-0.012661,-0.020121,-0.005978,0.0
1,1,2420:6,2420,MathVerse_MINI_Vision_Only,0,0,31.27,0.294219,0.222702,0.294219,0.13297,0.241042,0.201814,0.0,0.089732,-0.01834,0.020888,0.0,0.161249,0.053177,0.092405,0.309829
1,1,2420:6,2420,MathVerse_MINI_Vision_Only,0,1,20.29,0.294219,0.222702,0.294219,0.437827,0.224553,0.015907,0.0,-0.215125,-0.00185,0.206795,0.0,-0.143607,0.069667,0.278313,0.159741
1,1,2441:11,2441,MathVerse_MINI_Vision_Only,1,0,11.65,0.5,0.268942,0.5,0.245085,0.348645,0.377542,0.0,-0.023857,0.079703,0.1086,0.0,-0.254915,-0.151355,-0.122458,0.0
1,1,2441:11,2441,MathVerse_MINI_Vision_Only,1,1,6.61,0.5,0.268942,0.5,0.245085,0.348645,0.377542,0.0,-0.023857,0.079703,0.1086,0.0,-0.254915,-0.151355,-0.122458,0.0
1,1,2457:6,2457,MathVerse_MINI_Vision_Only,0,0,5.3,0.012432,0.008578,0.012432,0.009709,0.012432,0.651355,0.0,-0.001131,-0.003854,-0.642778,0.0,0.002723,-0.0,-0.638924,0.0
1,1,2457:6,2457,MathVerse_MINI_Vision_Only,0,1,4.72,0.012432,0.008578,0.012432,0.009709,0.011147,0.851953,0.0,-0.001131,-0.002569,-0.843375,0.0,0.002723,0.001285,-0.839521,0.001817
1,1,2479:1,2479,MathVerse_MINI_Vision_Only,1,0,2.6,0.89331,0.798186,0.89331,0.651356,0.77857,0.201814,0.0,-0.14683,-0.019616,-0.596372,0.0,-0.241953,-0.114739,-0.691495,0.102934
1,1,2479:1,2479,MathVerse_MINI_Vision_Only,1,1,11.86,0.89331,0.798186,0.89331,0.651356,0.851356,0.201814,0.0,-0.14683,0.05317,-0.596372,0.0,-0.241953,-0.041954,-0.691495,0.102934
1,1,2497:3,2497,MathVision_MINI,1,0,3.66,0.106691,0.047427,0.106691,0.067548,0.053404,0.047427,0.0,0.020121,0.005978,-0.0,0.0,-0.039144,-0.053287,-0.059265,0.0
1,1,2497:3,2497,MathVision_MINI,1,1,4.92,0.106691,0.047427,0.106691,0.067548,0.046632,0.047427,0.0,0.020121,-0.000795,-0.0,0.0,-0.039144,-0.06006,-0.059265,0.009578
1,1,2512:2,2512,DynaMath,1,0,12.02,0.867036,0.62246,0.867036,0.731059,0.774108,0.407336,0.0,0.108599,0.151647,-0.215125,0.0,-0.135977,-0.092928,-0.4597,0.086799
1,1,2512:2,2512,DynaMath,1,1,2.58,0.867036,0.62246,0.867036,0.867036,0.712732,0.407336,0.0,0.244576,0.090271,-0.215125,0.0,-0.0,-0.154304,-0.4597,0.086799
1,1,2539:5,2539,WeMath,1,0,4.58,0.798187,0.705785,0.798187,0.592668,0.538921,0.005911,0.0,-0.113117,-0.166864,-0.699874,0.0,-0.205519,-0.259266,-0.792276,0.099178
1,1,2539:5,2539,WeMath,1,1,2.55,0.798187,0.705785,0.798187,0.835484,0.60905,0.468793,0.0,0.129698,-0.096735,-0.236992,0.0,0.037296,-0.189137,-0.329394,0.099178
1,1,2563:3,2563,MathVerse_MINI_Vision_Only,1,0,7.39,0.377543,0.182428,0.377543,0.531212,0.195175,0.294217,0.0,0.348784,0.012748,0.111789,0.0,0.153669,-0.182368,-0.083326,0.070587
1,1,2563:3,2563,MathVerse_MINI_Vision_Only,1,1,2.65,0.377543,0.182428,0.377543,0.531212,0.309334,0.294217,0.0,0.348784,0.126906,0.111789,0.0,0.153669,-0.068209,-0.083326,0.090858
1,1,2598:0,2598,MMMU_DEV_VAL,1,0,6.85,0.798188,0.731061,0.798188,0.798188,0.785088,0.622463,0.0,0.067127,0.054027,-0.108598,0.0,0.0,-0.0131,-0.175725,0.094562
1,1,2598:0,2598,MMMU_DEV_VAL,1,1,2.03,0.798188,0.731061,0.798188,0.562182,0.718222,0.817575,0.0,-0.168879,-0.012839,0.086514,0.0,-0.236006,-0.079966,0.019387,0.094562
1,1,2611:8,2611,MathVerse_MINI_Vision_Only,1,0,6.43,0.851953,0.164518,0.851953,0.294218,0.268944,0.294217,0.0,0.1297,0.104426,0.129699,0.0,-0.557735,-0.58301,-0.557736,0.0
1,1,2611:8,2611,MathVerse_MINI_Vision_Only,1,1,3.94,0.851953,0.164518,0.851953,0.500002,0.268944,0.294217,0.0,0.335484,0.104426,0.129699,0.0,-0.351951,-0.58301,-0.557736,0.0
1,1,2636:1,2636,DynaMath,1,0,7.34,0.34865,0.437825,0.34865,0.00522,0.119539,0.095351,0.0,-0.432605,-0.318286,-0.342475,0.0,-0.34343,-0.229111,-0.2533,0.16205
1,1,2636:1,2636,DynaMath,1,1,6.36,0.34865,0.437825,0.34865,0.437825,0.020456,0.008577,0.0,0.0,-0.41737,-0.429248,0.0,0.089175,-0.328195,-0.340073,0.005803
1,1,2648:2,2648,MathVision_MINI,1,0,2.53,0.904651,0.777301,0.904651,0.798187,0.693468,0.817575,0.0,0.020887,-0.083832,0.040275,0.0,-0.106463,-0.211182,-0.087076,0.10042
1,1,2648:2,2648,MathVision_MINI,1,1,2.17,0.904651,0.777301,0.904651,0.531211,0.764476,0.562179,0.0,-0.246089,-0.012824,-0.215122,0.0,-0.373439,-0.140175,-0.342472,0.10042
1,1,2670:11,2670,MathVerse_MINI_Vision_Only,1,0,16.53,0.348646,0.201814,0.348646,0.132965,0.148048,0.164518,0.0,-0.068849,-0.053766,-0.037296,0.0,-0.215681,-0.200598,-0.184128,0.0
1,1,2670:11,2670,MathVerse_MINI_Vision_Only,1,1,10.76,0.348646,0.201814,0.348646,0.132965,0.148048,0.164518,0.0,-0.068849,-0.053766,-0.037296,0.0,-0.215681,-0.200598,-0.184128,0.0
1,1,2685:7,2685,MathVerse_MINI_Vision_Only,0,0,4.75,0.222701,0.075859,0.222701,0.075859,0.075859,0.09535,0.0,0.0,0.0,-0.019491,0.0,0.146842,0.146842,0.127351,0.0
1,1,2685:7,2685,MathVerse_MINI_Vision_Only,0,1,6.21,0.222701,0.075859,0.222701,0.075859,0.075859,0.09535,0.0,0.0,0.0,-0.019491,0.0,0.146842,0.146842,0.127351,0.0
1,1,2703:3,2703,MathVerse_MINI_Vision_Only,1,0,6.74,0.047426,0.022977,0.047426,0.037327,0.033086,0.037327,0.0,0.01435,0.010109,0.01435,0.0,-0.010099,-0.01434,-0.010099,0.0
1,1,2703:3,2703,MathVerse_MINI_Vision_Only,1,1,6.71,0.047426,0.022977,0.047426,0.037327,0.033086,0.037327,0.0,0.01435,0.010109,0.01435,0.0,-0.010099,-0.01434,-0.010099,0.0
1,1,2731:5,2731,MathVerse_MINI_Vision_Only,0,0,15.44,0.348648,0.320826,0.348648,0.119205,0.167053,0.201814,0.0,0.201621,0.153773,0.119012,0.0,0.229443,0.181595,0.146833,0.191897
1,1,2731:5,2731,MathVerse_MINI_Vision_Only,0,1,18.91,0.348648,0.320826,0.348648,0.56218,0.244643,0.437825,0.0,-0.241354,0.076184,-0.116999,0.0,-0.213533,0.104005,-0.089177,0.136601
1,1,2756:5,2756,WeMath,1,0,3.75,0.957912,0.924142,0.957912,0.914901,0.878736,0.867036,0.0,-0.009241,-0.045406,-0.057106,0.0,-0.043011,-0.079176,-0.090876,0.104423
1,1,2756:5,2756,WeMath,1,1,2.35,0.957912,0.924142,0.957912,0.777301,0.878736,0.867036,0.0,-0.146842,-0.045406,-0.057106,0.0,-0.180612,-0.079176,-0.090876,0.104423
1,1,2778:3,2778,MMMU_DEV_VAL,1,0,14.0,0.651357,0.268944,0.651357,0.407334,0.616273,0.679179,0.0,0.138391,0.347329,0.410235,0.0,-0.244023,-0.035084,0.027822,0.227726
1,1,2778:3,2778,MMMU_DEV_VAL,1,1,2.5,0.651357,0.268944,0.651357,0.407334,0.616273,0.679179,0.0,0.138391,0.347329,0.410235,0.0,-0.244023,-0.035084,0.027822,0.227726
1,1,2797:10,2797,MathVerse_MINI_Vision_Only,1,0,5.81,0.245086,0.09535,0.245086,0.164518,0.164518,0.268943,0.0,0.069168,0.069167,0.173592,0.0,-0.080569,-0.080569,0.023856,0.0
1,1,2797:10,2797,MathVerse_MINI_Vision_Only,1,1,6.0,0.245086,0.09535,0.245086,0.164518,0.164518,0.182427,0.0,0.069168,0.069167,0.087077,0.0,-0.080569,-0.080569,-0.062659,0.0
1,1,2815:7,2815,DynaMath,1,0,5.24,0.7773,0.622461,0.7773,0.377542,0.584973,0.531211,0.0,-0.244918,-0.037488,-0.09125,0.0,-0.399758,-0.192327,-0.246089,0.120168
1,1,2815:7,2815,DynaMath,1,1,5.67,0.7773,0.622461,0.7773,0.377542,0.584973,0.531211,0.0,-0.244918,-0.037488,-0.09125,0.0,-0.399758,-0.192327,-0.246089,0.120168
1,1,2841:5,2841,DynaMath,1,0,3.8,0.798188,0.705786,0.798188,0.798188,0.56218,0.119205,0.0,0.092401,-0.143606,-0.586581,0.0,-0.0,-0.236008,-0.678983,0.0
1,1,2841:5,2841,DynaMath,1,1,2.12,0.798188,0.705786,0.798188,0.798188,0.647312,0.119205,0.0,0.092401,-0.058474,-0.586581,0.0,-0.0,-0.150876,-0.678983,0.120394
1,1,2860:9,2860,MathVision_MINI,0,0,5.31,0.407337,0.106693,0.407337,0.07586,0.234586,0.132966,0.0,0.030833,-0.127893,-0.026273,0.0,0.331477,0.172751,0.274371,0.143712
1,1,2860:9,2860,MathVision_MINI,0,1,2.9,0.407337,0.106693,0.407337,0.294219,0.234586,0.132966,0.0,-0.187526,-0.127893,-0.026273,0.0,0.113118,0.172751,0.274371,0.143712
