seed,trial,arm,side,witness_maxabs,amplitude,pix_diff,digests_collide,fields_differ,logit_gap,argmax_a,argmax_b,p_plus_a,p_plus_b,wall_s,digest16,logit_gap_allpos
0,0,certified,a,7,16,7728,1,,nan,0,0,nan,nan,70.99,16668ee7c9a070db,nan
0,0,certified,b,7,16,7728,1,,nan,0,0,nan,nan,70.99,16668ee7c9a070db,nan
0,0,control,a,7,16,7728,0,pixel_values,nan,0,0,nan,nan,12.49,368f5ea22c23d5a4,nan
0,0,control,b,7,16,7728,0,pixel_values,nan,0,0,nan,nan,12.49,32a2f99dfe29811d,nan
0,0,self,a,7,16,0,1,,nan,0,0,nan,nan,13.53,16668ee7c9a070db,nan
0,0,self,b,7,16,0,1,,nan,0,0,nan,nan,13.53,16668ee7c9a070db,nan
0,1,certified,a,7,16,7728,1,,nan,0,0,nan,nan,18.98,82e8b4edd3ae1053,nan
0,1,certified,b,7,16,7728,1,,nan,0,0,nan,nan,18.98,82e8b4edd3ae1053,nan
0,1,control,a,7,16,7728,0,pixel_values,nan,0,0,nan,nan,12.03,0ed766929018eb6f,nan
0,1,control,b,7,16,7728,0,pixel_values,nan,0,0,nan,nan,12.03,7babcf5f71fe2a03,nan
0,1,self,a,7,16,0,1,,nan,0,0,nan,nan,13.47,82e8b4edd3ae1053,nan
0,1,self,b,7,16,0,1,,nan,0,0,nan,nan,13.47,82e8b4edd3ae1053,nan
0,2,certified,a,7,16,7728,1,,nan,0,0,nan,nan,17.87,4947551d42d9a59f,nan
0,2,certified,b,7,16,7728,1,,nan,0,0,nan,nan,17.87,4947551d42d9a59f,nan
0,2,control,a,7,16,7728,0,pixel_values,nan,0,0,nan,nan,12.25,e971aa0391ebf3f4,nan
0,2,control,b,7,16,7728,0,pixel_values,nan,0,0,nan,nan,12.25,1dbbe903fefcf716,nan
0,2,self,a,7,16,0,1,,nan,0,0,nan,nan,13.65,4947551d42d9a59f,nan
0,2,self,b,7,16,0,1,,nan,0,0,nan,nan,13.65,4947551d42d9a59f,nan
0,3,certified,a,7,16,7728,1,,nan,0,0,nan,nan,17.11,60b0937ea048ad6b,nan
0,3,certified,b,7,16,7728,1,,nan,0,0,nan,nan,17.11,60b0937ea048ad6b,nan
0,3,control,a,7,16,7728,0,pixel_values,nan,0,0,nan,nan,11.76,9a827df4f1624293,nan
0,3,control,b,7,16,7728,0,pixel_values,nan,0,0,nan,nan,11.76,fdeea33a1854db30,nan
0,3,self,a,7,16,0,1,,nan,0,0,nan,nan,13.39,60b0937ea048ad6b,nan
0,3,self,b,7,16,0,1,,nan,0,0,nan,nan,13.39,60b0937ea048ad6b,nan
0,4,certified,a,7,16,7728,1,,nan,0,0,nan,nan,16.45,42a963df71471108,nan
0,4,certified,b,7,16,7728,1,,nan,0,0,nan,nan,16.45,42a963df71471108,nan
0,4,control,a,7,16,7728,0,pixel_values,nan,0,0,nan,nan,11.63,1a198fc5a88f8e2c,nan
0,4,control,b,7,16,7728,0,pixel_values,nan,0,0,nan,nan,11.63,acf575d2936c60d0,nan
0,4,self,a,7,16,0,1,,nan,0,0,nan,nan,12.64,42a963df71471108,nan
0,4,self,b,7,16,0,1,,nan,0,0,nan,nan,12.64,42a963df71471108,nan
