key,record,rep,action,prefill_tokens,decode_tokens,wall_s
18:0,18,0,stop,0,0,9.9344
18:0,18,0,att,443,3,13.6589
18:0,18,0,rea,1254,9,3.7858
18:0,18,0,enc,436,3,0.3692
18:0,18,1,stop,0,0,0.1229
18:0,18,1,att,443,3,2.1506
18:0,18,1,rea,1254,9,2.1562
18:0,18,1,enc,436,3,0.2283
93:3,93,0,stop,0,0,0.6672
93:3,93,0,att,741,3,0.6693
93:3,93,0,rea,2148,9,4.9981
93:3,93,0,enc,888,3,4.0799
93:3,93,1,stop,0,0,0.0896
93:3,93,1,att,741,3,1.5012
93:3,93,1,rea,2148,102,16.3104
93:3,93,1,enc,888,3,0.2932
149:0,149,0,stop,0,0,0.1669
149:0,149,0,att,1056,3,0.3548
149:0,149,0,rea,3093,9,1.9906
149:0,149,0,enc,1047,3,0.7256
149:0,149,1,stop,0,0,0.6944
149:0,149,1,att,1056,3,0.5394
149:0,149,1,rea,3093,9,8.2936
149:0,149,1,enc,1047,3,1.2235
169:4,169,0,stop,0,0,0.8339
169:4,169,0,att,709,3,1.8325
169:4,169,0,rea,2052,9,3.119
169:4,169,0,enc,710,3,0.4331
169:4,169,1,stop,0,0,0.1146
169:4,169,1,att,709,3,3.5245
169:4,169,1,rea,2052,238,15.553
169:4,169,1,enc,710,3,0.2906
242:1,242,0,stop,0,0,0.8029
242:1,242,0,att,799,3,0.7128
242:1,242,0,rea,2322,68,11.9577
242:1,242,0,enc,796,3,1.122
242:1,242,1,stop,0,0,0.1033
242:1,242,1,att,799,3,0.7368
242:1,242,1,rea,2322,9,2.488
242:1,242,1,enc,796,3,0.3619
299:10,299,0,stop,0,0,0.317
299:10,299,0,att,1460,3,0.8932
299:10,299,0,rea,4305,9,6.7993
299:10,299,0,enc,1457,3,1.259
299:10,299,1,stop,0,0,0.4211
299:10,299,1,att,1460,3,0.807
299:10,299,1,rea,4305,9,2.0953
299:10,299,1,enc,1457,3,3.1543
328:4,328,0,stop,0,0,1.4612
328:4,328,0,att,558,3,0.844
328:4,328,0,rea,1599,9,4.5284
328:4,328,0,enc,558,3,1.289
328:4,328,1,stop,0,0,0.7191
328:4,328,1,att,558,3,1.2509
328:4,328,1,rea,1599,9,3.0933
328:4,328,1,enc,558,3,0.3423
397:2,397,0,stop,0,0,0.2583
397:2,397,0,att,562,96,3.7248
397:2,397,0,rea,1611,216,10.2658
397:2,397,0,enc,568,96,4.2262
397:2,397,1,stop,0,0,0.1602
397:2,397,1,att,562,96,5.5724
397:2,397,1,rea,1611,248,15.3436
397:2,397,1,enc,568,78,2.6292
444:6,444,0,stop,0,0,0.6326
444:6,444,0,att,2954,3,1.6118
444:6,444,0,rea,8787,9,6.268
444:6,444,0,enc,2989,3,2.5896
444:6,444,1,stop,0,0,0.8029
444:6,444,1,att,2954,3,1.1573
444:6,444,1,rea,8787,9,4.6686
444:6,444,1,enc,2989,3,5.8673
518:2,518,0,stop,0,0,1.5076
518:2,518,0,att,259,3,0.5386
518:2,518,0,rea,702,9,6.2754
518:2,518,0,enc,484,3,1.0702
518:2,518,1,stop,0,0,0.0979
518:2,518,1,att,259,3,1.7769
518:2,518,1,rea,702,9,1.6911
518:2,518,1,enc,484,3,0.4529
533:1,533,0,stop,0,0,0.5693
533:1,533,0,att,444,3,0.8256
533:1,533,0,rea,1257,9,3.5036
533:1,533,0,enc,611,3,1.0303
533:1,533,1,stop,0,0,0.0697
533:1,533,1,att,444,3,2.4091
533:1,533,1,rea,1257,9,1.5819
533:1,533,1,enc,611,3,0.5406
615:2,615,0,stop,0,0,0.7288
615:2,615,0,att,800,3,0.6355
615:2,615,0,rea,2325,9,2.3528
615:2,615,0,enc,791,3,0.8676
615:2,615,1,stop,0,0,0.0996
615:2,615,1,att,800,3,1.034
615:2,615,1,rea,2325,102,5.2837
615:2,615,1,enc,791,3,0.2825
646:6,646,0,stop,0,0,0.2297
646:6,646,0,att,1400,3,1.2996
646:6,646,0,rea,4125,9,8.9174
646:6,646,0,enc,1391,3,2.5092
646:6,646,1,stop,0,0,0.1527
646:6,646,1,att,1400,3,0.7654
646:6,646,1,rea,4125,9,1.8918
646:6,646,1,enc,1391,3,2.1082
700:10,700,0,stop,0,0,0.5004
700:10,700,0,att,2881,3,6.3363
700:10,700,0,rea,8568,9,6.7126
700:10,700,0,enc,2872,3,1.1858
700:10,700,1,stop,0,0,0.2904
700:10,700,1,att,2881,3,1.081
700:10,700,1,rea,8568,9,2.6906
700:10,700,1,enc,2872,3,4.4902
718:4,718,0,stop,0,0,0.1544
718:4,718,0,att,508,3,0.5012
718:4,718,0,rea,1449,163,6.7031
718:4,718,0,enc,499,96,5.8019
718:4,718,1,stop,0,0,0.0935
718:4,718,1,att,508,3,0.245
718:4,718,1,rea,1449,9,1.3736
718:4,718,1,enc,499,96,4.5026
741:11,741,0,stop,0,0,0.7977
741:11,741,0,att,4427,3,1.5116
741:11,741,0,rea,13206,9,6.714
741:11,741,0,enc,4418,3,1.4821
741:11,741,1,stop,0,0,0.4968
741:11,741,1,att,4427,3,3.0244
741:11,741,1,rea,13206,9,3.8467
741:11,741,1,enc,4418,3,1.8745
768:19,768,0,stop,0,0,0.3277
768:19,768,0,att,1512,3,1.2815
768:19,768,0,rea,4461,102,8.889
768:19,768,0,enc,1505,96,4.1715
768:19,768,1,stop,0,0,0.1871
768:19,768,1,att,1512,3,0.4545
768:19,768,1,rea,4461,102,6.1223
768:19,768,1,enc,1505,3,0.4031
798:4,798,0,stop,0,0,0.861
798:4,798,0,att,505,3,1.1539
798:4,798,0,rea,1440,101,6.4116
798:4,798,0,enc,494,3,0.7899
798:4,798,1,stop,0,0,0.0965
798:4,798,1,att,505,3,0.6184
798:4,798,1,rea,1440,9,1.1742
798:4,798,1,enc,494,3,0.2448
827:5,827,0,stop,0,0,0.1921
827:5,827,0,att,824,3,0.557
827:5,827,0,rea,2397,9,1.6614
827:5,827,0,enc,911,3,0.4267
827:5,827,1,stop,0,0,0.1011
827:5,827,1,att,824,3,1.3247
827:5,827,1,rea,2397,9,1.2651
827:5,827,1,enc,911,3,0.3052
883:3,883,0,stop,0,0,0.3401
883:3,883,0,att,768,3,1.2089
883:3,883,0,rea,2229,9,1.9518
883:3,883,0,enc,752,3,0.2908
883:3,883,1,stop,0,0,0.1114
883:3,883,1,att,768,3,0.6053
883:3,883,1,rea,2229,9,2.1626
883:3,883,1,enc,752,3,0.2675
923:8,923,0,stop,0,0,0.7189
923:8,923,0,att,1265,3,1.2335
923:8,923,0,rea,3720,9,2.2229
923:8,923,0,enc,1272,3,0.7565
923:8,923,1,stop,0,0,0.1442
923:8,923,1,att,1265,3,1.2198
923:8,923,1,rea,3720,9,2.377
923:8,923,1,enc,1272,3,0.5513
985:8,985,0,stop,0,0,0.325
985:8,985,0,att,603,3,1.1685
985:8,985,0,rea,1734,9,1.6878
985:8,985,0,enc,594,3,0.6192
985:8,985,1,stop,0,0,0.0972
985:8,985,1,att,603,3,0.7536
985:8,985,1,rea,1734,9,1.8155
985:8,985,1,enc,594,3,0.4106
1031:1,1031,0,stop,0,0,0.1461
1031:1,1031,0,att,797,3,0.2948
1031:1,1031,0,rea,2316,9,2.196
1031:1,1031,0,enc,790,3,0.3521
1031:1,1031,1,stop,0,0,0.1705
1031:1,1031,1,att,797,3,0.8777
1031:1,1031,1,rea,2316,9,5.2009
1031:1,1031,1,enc,790,3,0.399
1071:1,1071,0,stop,0,0,0.6225
1071:1,1071,0,att,654,3,0.3658
1071:1,1071,0,rea,1887,9,3.4866
1071:1,1071,0,enc,632,3,0.2942
1071:1,1071,1,stop,0,0,0.1531
1071:1,1071,1,att,654,3,0.3475
1071:1,1071,1,rea,1887,9,1.4597
1071:1,1071,1,enc,632,3,0.8816
1115:10,1115,0,stop,0,0,0.1953
1115:10,1115,0,att,1237,3,0.4635
1115:10,1115,0,rea,3636,9,2.1415
1115:10,1115,0,enc,1216,3,1.1362
1115:10,1115,1,stop,0,0,0.1467
1115:10,1115,1,att,1237,3,0.8193
1115:10,1115,1,rea,3636,9,2.1365
1115:10,1115,1,enc,1216,3,0.34
1163:0,1163,0,stop,0,0,0.163
1163:0,1163,0,att,605,57,2.6926
1163:0,1163,0,rea,1740,72,7.7535
1163:0,1163,0,enc,640,3,5.1721
1163:0,1163,1,stop,0,0,0.0861
1163:0,1163,1,att,605,90,5.6403
1163:0,1163,1,rea,1740,129,5.4741
1163:0,1163,1,enc,640,3,0.4627
1217:0,1217,0,stop,0,0,0.0909
1217:0,1217,0,att,422,3,0.5689
1217:0,1217,0,rea,1191,9,1.6182
1217:0,1217,0,enc,413,3,0.3853
1217:0,1217,1,stop,0,0,0.0875
1217:0,1217,1,att,422,3,0.9274
1217:0,1217,1,rea,1191,9,12.9704
1217:0,1217,1,enc,413,3,0.3277
1250:8,1250,0,stop,0,0,0.2108
1250:8,1250,0,att,981,54,2.7542
1250:8,1250,0,rea,2868,80,7.164
1250:8,1250,0,enc,959,51,2.3541
1250:8,1250,1,stop,0,0,0.1411
1250:8,1250,1,att,981,3,0.4417
1250:8,1250,1,rea,2868,83,5.6188
1250:8,1250,1,enc,959,3,1.1632
1315:6,1315,0,stop,0,0,0.2343
1315:6,1315,0,att,797,3,0.2803
1315:6,1315,0,rea,2316,9,1.6944
1315:6,1315,0,enc,776,3,0.7803
1315:6,1315,1,stop,0,0,0.114
1315:6,1315,1,att,797,3,0.4631
1315:6,1315,1,rea,2316,9,1.3023
1315:6,1315,1,enc,776,3,0.3543
1341:11,1341,0,stop,0,0,0.1891
1341:11,1341,0,att,1712,3,0.9317
1341:11,1341,0,rea,5061,102,15.8305
1341:11,1341,0,enc,1709,3,4.9471
1341:11,1341,1,stop,0,0,0.6882
1341:11,1341,1,att,1712,96,3.5939
1341:11,1341,1,rea,5061,9,8.6632
1341:11,1341,1,enc,1709,3,3.0657
1377:12,1377,0,stop,0,0,0.4954
1377:12,1377,0,att,4570,3,1.2118
1377:12,1377,0,rea,13635,9,8.7598
1377:12,1377,0,enc,4576,3,3.1404
1377:12,1377,1,stop,0,0,0.4043
1377:12,1377,1,att,4570,3,2.2808
1377:12,1377,1,rea,13635,9,8.0006
1377:12,1377,1,enc,4576,3,1.3628
1409:0,1409,0,stop,0,0,0.8492
1409:0,1409,0,att,420,69,3.9877
1409:0,1409,0,rea,1185,9,4.3086
1409:0,1409,0,enc,404,3,2.1127
1409:0,1409,1,stop,0,0,0.132
1409:0,1409,1,att,420,3,3.2921
1409:0,1409,1,rea,1185,9,4.7054
1409:0,1409,1,enc,404,3,0.3996
1427:5,1427,0,stop,0,0,0.7388
1427:5,1427,0,att,540,3,0.6242
1427:5,1427,0,rea,1545,9,1.053
1427:5,1427,0,enc,663,3,1.1182
1427:5,1427,1,stop,0,0,0.5996
1427:5,1427,1,att,540,3,1.6252
1427:5,1427,1,rea,1545,9,7.0877
1427:5,1427,1,enc,663,3,3.2987
1468:2,1468,0,stop,0,0,0.861
1468:2,1468,0,att,383,3,0.6323
1468:2,1468,0,rea,1074,9,9.2901
1468:2,1468,0,enc,534,3,1.017
1468:2,1468,1,stop,0,0,0.5106
1468:2,1468,1,att,383,3,0.5862
1468:2,1468,1,rea,1074,9,2.1272
1468:2,1468,1,enc,534,3,0.7062
1499:2,1499,0,stop,0,0,0.5492
1499:2,1499,0,att,528,3,0.7566
1499:2,1499,0,rea,1509,9,1.7186
1499:2,1499,0,enc,647,96,3.5434
1499:2,1499,1,stop,0,0,0.1079
1499:2,1499,1,att,528,3,0.6186
1499:2,1499,1,rea,1509,9,2.3556
1499:2,1499,1,enc,647,3,4.1843
1523:11,1523,0,stop,0,0,0.9858
1523:11,1523,0,att,1481,3,1.2155
1523:11,1523,0,rea,4368,9,5.4631
1523:11,1523,0,enc,1478,3,0.4048
1523:11,1523,1,stop,0,0,0.1624
1523:11,1523,1,att,1481,3,1.0741
1523:11,1523,1,rea,4368,9,3.6719
1523:11,1523,1,enc,1478,3,9.6565
1567:1,1567,0,stop,0,0,0.2835
1567:1,1567,0,att,465,3,3.0933
1567:1,1567,0,rea,1320,9,3.3646
1567:1,1567,0,enc,454,52,2.7488
1567:1,1567,1,stop,0,0,0.6523
1567:1,1567,1,att,465,3,0.477
1567:1,1567,1,rea,1320,9,2.7253
1567:1,1567,1,enc,454,45,3.0291
1625:7,1625,0,stop,0,0,0.1749
1625:7,1625,0,att,652,3,1.338
1625:7,1625,0,rea,1881,9,1.5878
1625:7,1625,0,enc,645,3,0.8257
1625:7,1625,1,stop,0,0,0.1056
1625:7,1625,1,att,652,3,1.0851
1625:7,1625,1,rea,1881,102,14.4734
1625:7,1625,1,enc,645,64,5.3525
1679:4,1679,0,stop,0,0,0.9073
1679:4,1679,0,att,502,3,1.2346
1679:4,1679,0,rea,1431,9,12.7468
1679:4,1679,0,enc,697,3,3.2554
1679:4,1679,1,stop,0,0,0.0884
1679:4,1679,1,att,502,3,0.4364
1679:4,1679,1,rea,1431,9,2.7327
1679:4,1679,1,enc,697,3,0.8483
1751:0,1751,0,stop,0,0,0.3482
1751:0,1751,0,att,916,3,1.684
1751:0,1751,0,rea,2673,9,1.6028
1751:0,1751,0,enc,909,3,0.4618
1751:0,1751,1,stop,0,0,0.1932
1751:0,1751,1,att,916,3,0.7164
1751:0,1751,1,rea,2673,9,1.3518
1751:0,1751,1,enc,909,3,2.5369
1796:5,1796,0,stop,0,0,1.5218
1796:5,1796,0,att,403,96,4.1757
1796:5,1796,0,rea,1134,56,3.7881
1796:5,1796,0,enc,594,3,0.5749
1796:5,1796,1,stop,0,0,0.0759
1796:5,1796,1,att,403,88,4.1853
1796:5,1796,1,rea,1134,9,1.6268
1796:5,1796,1,enc,594,3,0.47
1831:1,1831,0,stop,0,0,0.2434
1831:1,1831,0,att,481,3,0.9869
1831:1,1831,0,rea,1368,9,1.4854
1831:1,1831,0,enc,472,3,0.9305
1831:1,1831,1,stop,0,0,0.0963
1831:1,1831,1,att,481,3,0.6477
1831:1,1831,1,rea,1368,9,2.8706
1831:1,1831,1,enc,472,3,0.2403
1878:0,1878,0,stop,0,0,0.7591
1878:0,1878,0,att,951,3,2.7011
1878:0,1878,0,rea,2778,9,7.6608
1878:0,1878,0,enc,1038,3,7.4332
1878:0,1878,1,stop,0,0,0.1145
1878:0,1878,1,att,951,3,3.4759
1878:0,1878,1,rea,2778,9,1.0614
1878:0,1878,1,enc,1038,3,0.7964
1986:2,1986,0,stop,0,0,0.3526
1986:2,1986,0,att,1163,3,1.3898
1986:2,1986,0,rea,3414,9,1.5547
1986:2,1986,0,enc,1160,3,0.7948
1986:2,1986,1,stop,0,0,0.1321
1986:2,1986,1,att,1163,3,1.5184
1986:2,1986,1,rea,3414,9,1.5664
1986:2,1986,1,enc,1160,3,0.6895
2050:3,2050,0,stop,0,0,0.383
2050:3,2050,0,att,619,3,1.3418
2050:3,2050,0,rea,1782,9,8.8316
2050:3,2050,0,enc,610,3,0.9209
2050:3,2050,1,stop,0,0,0.0996
2050:3,2050,1,att,619,3,1.2038
2050:3,2050,1,rea,1782,9,2.2774
2050:3,2050,1,enc,610,3,0.7567
2081:1,2081,0,stop,0,0,0.3395
2081:1,2081,0,att,548,3,1.1405
2081:1,2081,0,rea,1569,9,3.3637
2081:1,2081,0,enc,539,3,0.4262
2081:1,2081,1,stop,0,0,0.1438
2081:1,2081,1,att,548,3,1.2808
2081:1,2081,1,rea,1569,9,1.7263
2081:1,2081,1,enc,539,3,0.9411
2106:4,2106,0,stop,0,0,1.5383
2106:4,2106,0,att,602,53,3.1756
2106:4,2106,0,rea,1731,9,1.7428
2106:4,2106,0,enc,677,3,0.6933
2106:4,2106,1,stop,0,0,0.1639
2106:4,2106,1,att,602,3,1.9581
2106:4,2106,1,rea,1731,179,8.3231
2106:4,2106,1,enc,677,96,5.7233
2138:1,2138,0,stop,0,0,0.2493
2138:1,2138,0,att,482,3,1.2076
2138:1,2138,0,rea,1371,9,4.7752
2138:1,2138,0,enc,473,3,0.2482
2138:1,2138,1,stop,0,0,0.0896
2138:1,2138,1,att,482,3,0.4742
2138:1,2138,1,rea,1371,9,5.9054
2138:1,2138,1,enc,473,3,0.2349
2149:5,2149,0,stop,0,0,0.3584
2149:5,2149,0,att,3013,3,1.5067
2149:5,2149,0,rea,8964,9,5.2879
2149:5,2149,0,enc,3010,3,1.3496
2149:5,2149,1,stop,0,0,0.2738
2149:5,2149,1,att,3013,3,1.2071
2149:5,2149,1,rea,8964,9,4.8062
2149:5,2149,1,enc,3010,3,1.3214
2205:0,2205,0,stop,0,0,0.7748
2205:0,2205,0,att,614,3,0.7055
2205:0,2205,0,rea,1767,9,1.2785
2205:0,2205,0,enc,691,3,3.9805
2205:0,2205,1,stop,0,0,0.1642
2205:0,2205,1,att,614,3,1.0843
2205:0,2205,1,rea,1767,9,2.1926
2205:0,2205,1,enc,691,3,4.0512
2251:3,2251,0,stop,0,0,0.8945
2251:3,2251,0,att,682,3,0.3918
2251:3,2251,0,rea,1971,195,12.6711
2251:3,2251,0,enc,787,96,10.682
2251:3,2251,1,stop,0,0,0.1951
2251:3,2251,1,att,682,3,2.9547
2251:3,2251,1,rea,1971,102,15.9544
2251:3,2251,1,enc,787,3,1.3234
2316:10,2316,0,stop,0,0,0.2257
2316:10,2316,0,att,640,3,1.8917
2316:10,2316,0,rea,1845,9,10.0128
2316:10,2316,0,enc,631,3,3.1805
2316:10,2316,1,stop,0,0,0.1219
2316:10,2316,1,att,640,3,1.4218
2316:10,2316,1,rea,1845,9,1.7571
2316:10,2316,1,enc,631,3,0.6511
2334:2,2334,0,stop,0,0,0.0858
2334:2,2334,0,att,439,3,0.2239
2334:2,2334,0,rea,1242,142,6.6297
2334:2,2334,0,enc,586,3,0.3438
2334:2,2334,1,stop,0,0,0.073
2334:2,2334,1,att,439,3,0.32
2334:2,2334,1,rea,1242,64,4.2776
2334:2,2334,1,enc,586,3,3.5439
2412:13,2412,0,stop,0,0,0.1786
2412:13,2412,0,att,1215,44,1.4385
2412:13,2412,0,rea,3570,9,2.2647
2412:13,2412,0,enc,1206,3,0.5045
2412:13,2412,1,stop,0,0,0.2416
2412:13,2412,1,att,1215,3,2.1502
2412:13,2412,1,rea,3570,86,7.6229
2412:13,2412,1,enc,1206,3,0.8402
2457:6,2457,0,stop,0,0,0.2611
2457:6,2457,0,att,673,3,0.2806
2457:6,2457,0,rea,1944,9,2.4702
2457:6,2457,0,enc,676,3,0.9128
2457:6,2457,1,stop,0,0,0.1002
2457:6,2457,1,att,673,3,1.2132
2457:6,2457,1,rea,1944,102,7.9337
2457:6,2457,1,enc,676,3,0.6643
2496:0,2496,0,stop,0,0,0.2551
2496:0,2496,0,att,719,3,1.1437
2496:0,2496,0,rea,2082,9,3.3393
2496:0,2496,0,enc,722,3,0.2768
2496:0,2496,1,stop,0,0,0.1058
2496:0,2496,1,att,719,3,1.1556
2496:0,2496,1,rea,2082,9,6.8026
2496:0,2496,1,enc,722,3,4.1208
2561:11,2561,0,stop,0,0,0.7847
2561:11,2561,0,att,2637,3,4.1762
2561:11,2561,0,rea,7836,9,3.2122
2561:11,2561,0,enc,2616,3,2.7902
2561:11,2561,1,stop,0,0,0.6704
2561:11,2561,1,att,2637,3,0.7004
2561:11,2561,1,rea,7836,9,5.1167
2561:11,2561,1,enc,2616,3,2.8785
2613:5,2613,0,stop,0,0,0.8054
2613:5,2613,0,att,1117,3,1.0497
2613:5,2613,0,rea,3276,71,6.4704
2613:5,2613,0,enc,1152,3,6.1075
2613:5,2613,1,stop,0,0,0.127
2613:5,2613,1,att,1117,3,0.9002
2613:5,2613,1,rea,3276,9,1.8894
2613:5,2613,1,enc,1152,57,2.0791
2672:2,2672,0,stop,0,0,0.9015
2672:2,2672,0,att,454,3,1.0594
2672:2,2672,0,rea,1287,9,2.198
2672:2,2672,0,enc,509,3,0.2859
2672:2,2672,1,stop,0,0,0.0902
2672:2,2672,1,att,454,3,1.2057
2672:2,2672,1,rea,1287,9,1.4753
2672:2,2672,1,enc,509,3,0.3732
2695:7,2695,0,stop,0,0,0.2969
2695:7,2695,0,att,595,3,0.3639
2695:7,2695,0,rea,1710,9,2.7102
2695:7,2695,0,enc,598,3,0.9293
2695:7,2695,1,stop,0,0,0.1109
2695:7,2695,1,att,595,3,0.6356
2695:7,2695,1,rea,1710,9,1.2141
2695:7,2695,1,enc,598,3,1.1962
2731:5,2731,0,stop,0,0,0.2637
2731:5,2731,0,att,699,96,3.4459
2731:5,2731,0,rea,2022,78,4.7694
2731:5,2731,0,enc,692,3,0.2833
2731:5,2731,1,stop,0,0,0.6046
2731:5,2731,1,att,699,79,3.5915
2731:5,2731,1,rea,2022,92,6.6929
2731:5,2731,1,enc,692,66,2.4404
2786:6,2786,0,stop,0,0,0.3331
2786:6,2786,0,att,835,3,1.0598
2786:6,2786,0,rea,2430,52,8.8943
2786:6,2786,0,enc,826,3,4.3838
2786:6,2786,1,stop,0,0,0.1199
2786:6,2786,1,att,835,3,1.2988
2786:6,2786,1,rea,2430,9,2.1828
2786:6,2786,1,enc,826,3,0.2921
2825:0,2825,0,stop,0,0,0.2388
2825:0,2825,0,att,550,3,0.2948
2825:0,2825,0,rea,1575,9,3.0562
2825:0,2825,0,enc,718,3,0.9837
2825:0,2825,1,stop,0,0,0.0761
2825:0,2825,1,att,550,3,1.0486
2825:0,2825,1,rea,1575,9,1.6718
2825:0,2825,1,enc,718,3,1.0345
2861:4,2861,0,stop,0,0,0.1847
2861:4,2861,0,att,747,3,0.3198
2861:4,2861,0,rea,2166,9,0.9125
2861:4,2861,0,enc,738,3,1.1034
2861:4,2861,1,stop,0,0,0.1166
2861:4,2861,1,att,747,3,0.4619
2861:4,2861,1,rea,2166,123,7.3799
2861:4,2861,1,enc,738,3,0.794
