key,record,source,label,p_stop_bicubic,p_stop_lanczos,correct_bicubic,correct_lanczos,hard_bicubic,hard_lanczos,wall_s,collide_bicubic,collide_lanczos,gap_bicubic,gap_lanczos
4:17,4,MathVerse_MINI_Vision_Only,0,0.754917,0.731062,0.245083,0.268938,0,0,34.78,,,,
14:6,14,MathVerse_MINI_Vision_Only,1,0.904651,0.904651,0.904651,0.904651,1,1,3.1,,,,
18:0,18,MathVision_MINI,1,0.622463,0.622463,0.622463,0.622463,1,1,0.32,,,,
29:4,29,MathVision_MINI,1,0.731059,0.731059,0.731059,0.731059,1,1,0.2,,,,
33:11,33,MathVerse_MINI_Vision_Only,0,0.754918,0.777302,0.245082,0.222698,0,0,6.95,,,,
39:12,39,MMMU_DEV_VAL,1,0.148048,0.182426,0.148048,0.182426,0,0,1.91,,,,
55:5,55,WeMath,1,0.957912,0.952574,0.957912,0.952574,1,1,3.35,,,,
63:2,63,WeMath,1,0.245087,0.268943,0.245087,0.268943,0,0,0.21,,,,
76:8,76,MathVerse_MINI_Vision_Only,0,0.987568,0.989013,0.012432,0.010987,0,0,5.26,,,,
85:1,85,DynaMath,1,0.946597,0.946597,0.946597,0.946597,1,1,1.24,,,,
94:8,94,DynaMath,1,0.893309,0.904651,0.893309,0.904651,1,1,2.2,,,,
108:2,108,MathVerse_MINI_Vision_Only,1,0.7773,0.73106,0.7773,0.73106,1,1,0.49,,,,
120:3,120,WeMath,0,0.437824,0.437824,0.562176,0.562176,1,1,1.35,,,,
125:3,125,MathVision_MINI,1,0.562178,0.562179,0.562178,0.562179,1,1,0.23,,,,
130:7,130,MathVerse_MINI_Vision_Only,0,0.622461,0.531211,0.377539,0.468789,0,0,0.2,,,,
133:3,133,WeMath,1,0.957912,0.957912,0.957912,0.957912,1,1,0.31,,,,
145:6,145,MathVision_MINI,0,0.437825,0.407335,0.562175,0.592665,1,1,0.27,,,,
157:2,157,MMMU_DEV_VAL,1,0.939914,0.939913,0.939914,0.939913,1,1,0.53,,,,
162:8,162,MathVerse_MINI_Vision_Only,0,0.148048,0.164517,0.851952,0.835483,1,1,0.28,,,,
167:5,167,MathVision_MINI,0,0.09535,0.09535,0.90465,0.90465,1,1,1.1,,,,
177:6,177,MathVerse_MINI_Vision_Only,0,0.106691,0.106691,0.893309,0.893309,1,1,0.47,,,,
194:2,194,MathVision_MINI,0,0.966914,0.970688,0.033086,0.029312,0,0,1.04,,,,
204:1,204,DynaMath,1,0.245088,0.245088,0.245088,0.245088,0,0,0.17,,,,
213:1,213,MathVision_MINI,1,0.957912,0.957912,0.957912,0.957912,1,1,0.19,,,,
226:2,226,MathVision_MINI,1,0.437824,0.437825,0.437824,0.437825,0,0,0.22,,,,
236:6,236,MathVerse_MINI_Vision_Only,0,0.924142,0.924142,0.075858,0.075858,0,0,0.25,,,,
242:11,242,DynaMath,1,0.754915,0.7773,0.754915,0.7773,1,1,0.3,,,,
255:2,255,WeMath,1,0.7773,0.7773,0.7773,0.7773,1,1,0.82,,,,
262:5,262,MathVerse_MINI_Vision_Only,1,0.531212,0.531211,0.531212,0.531211,1,1,0.28,,,,
274:6,274,DynaMath,1,0.437826,0.437825,0.437826,0.437825,0,0,0.23,,,,
283:7,283,MathVerse_MINI_Vision_Only,0,0.679179,0.67918,0.320821,0.32082,0,0,0.29,,,,
298:0,298,MathVerse_MINI_Vision_Only,1,0.377543,0.377542,0.377543,0.377542,0,0,0.18,,,,
301:10,301,MathVision_MINI,0,0.437824,0.407335,0.562176,0.592665,1,1,1.21,,,,
311:3,311,MathVerse_MINI_Vision_Only,1,0.622462,0.622462,0.622462,0.622462,1,1,0.19,,,,
317:11,317,MathVerse_MINI_Vision_Only,1,0.132965,0.148048,0.132965,0.148048,0,0,0.6,,,,
329:10,329,MathVerse_MINI_Vision_Only,0,0.705786,0.705786,0.294214,0.294214,0,0,0.44,,,,
332:3,332,MathVision_MINI,1,0.754916,0.777301,0.754916,0.777301,1,1,2.67,,,,
337:1,337,MathVerse_MINI_Vision_Only,1,0.867037,0.880798,0.867037,0.880798,1,1,0.36,,,,
345:7,345,MathVerse_MINI_Vision_Only,0,0.201815,0.182427,0.798185,0.817573,1,1,0.23,,,,
350:6,350,MathVerse_MINI_Vision_Only,1,0.622461,0.622461,0.622461,0.622461,1,1,0.28,,,,
359:4,359,WeMath,1,0.924142,0.924142,0.924142,0.924142,1,1,2.96,,,,
365:9,365,MathVerse_MINI_Vision_Only,1,0.294216,0.294216,0.294216,0.294216,0,0,0.39,,,,
372:2,372,MathVerse_MINI_Vision_Only,1,0.407339,0.407339,0.407339,0.407339,0,0,0.57,,,,
383:9,383,MathVerse_MINI_Vision_Only,0,0.106692,0.0851,0.893308,0.9149,1,1,0.22,,,,
397:2,397,MathVision_MINI,1,0.468793,0.468793,0.468793,0.468793,0,0,0.19,,,,
400:8,400,MMMU_DEV_VAL,0,0.962673,0.962673,0.037327,0.037327,0,0,0.25,,,,
405:10,405,WeMath,1,0.053403,0.053403,0.053403,0.053403,0,0,2.1,,,,
417:2,417,MathVerse_MINI_Vision_Only,0,0.003173,0.00407,0.996827,0.99593,1,1,0.41,,,,
422:0,422,MathVerse_MINI_Vision_Only,1,0.679183,0.679184,0.679183,0.679184,1,1,0.17,,,,
435:1,435,MathVerse_MINI_Vision_Only,1,0.990292,0.989013,0.990292,0.989013,1,1,0.17,,,,
444:1,444,MathVision_MINI,0,0.777301,0.777301,0.222699,0.222699,0,0,2.16,,,,
446:5,446,MathVerse_MINI_Vision_Only,0,0.979668,0.977023,0.020332,0.022977,0,0,0.41,,,,
453:7,453,DynaMath,1,0.984094,0.984094,0.984094,0.984094,1,1,0.22,,,,
466:2,466,DynaMath,1,0.679179,0.705785,0.679179,0.705785,1,1,0.16,,,,
472:11,472,DynaMath,1,0.67918,0.67918,0.67918,0.67918,1,1,0.32,,,,
478:4,478,DynaMath,1,0.651356,0.67918,0.651356,0.67918,1,1,0.3,,,,
489:7,489,MathVision_MINI,1,0.880797,0.851953,0.880797,0.851953,1,1,1.08,,,,
503:2,503,DynaMath,1,0.880798,0.867037,0.880798,0.867037,1,1,0.17,,,,
508:7,508,MathVerse_MINI_Vision_Only,1,0.468793,0.468793,0.468793,0.468793,0,0,0.24,,,,
518:2,518,WeMath,1,0.89331,0.89331,0.89331,0.89331,1,1,3.04,,,,
526:3,526,DynaMath,1,0.164518,0.164518,0.164518,0.164518,0,0,1.22,,,,
533:1,533,MathVision_MINI,1,0.500002,0.500001,0.500002,0.500001,1,1,0.33,,,,
539:6,539,MathVerse_MINI_Vision_Only,1,0.132965,0.132965,0.132965,0.132965,0,0,0.3,,,,
550:3,550,MathVision_MINI,1,0.500001,0.53121,0.500001,0.53121,1,1,0.18,,,,
556:6,556,MMMU_DEV_VAL,1,0.029313,0.012432,0.029313,0.012432,0,0,0.38,,,,
570:10,570,WeMath,1,0.939913,0.946597,0.939913,0.946597,1,1,0.26,,,,
575:1,575,MathVerse_MINI_Vision_Only,1,0.835484,0.835484,0.835484,0.835484,1,1,0.21,,,,
587:0,587,WeMath,1,0.245086,0.245086,0.245086,0.245086,0,0,0.24,,,,
595:5,595,MMMU_DEV_VAL,0,0.067547,0.075858,0.932453,0.924142,1,1,0.42,,,,
612:11,612,WeMath,0,0.015906,0.015906,0.984094,0.984094,1,1,0.42,,,,
619:6,619,MathVision_MINI,0,0.468792,0.468792,0.531208,0.531208,1,1,0.95,,,,
633:6,633,MathVerse_MINI_Vision_Only,0,0.119204,0.132965,0.880796,0.867035,1,1,0.23,,,,
643:5,643,DynaMath,1,0.132966,0.132966,0.132966,0.132966,0,0,0.21,,,,
646:2,646,MathVerse_MINI_Vision_Only,1,0.7773,0.754916,0.7773,0.754916,1,1,0.23,,,,
661:2,661,MathVision_MINI,1,0.592668,0.592668,0.592668,0.592668,1,1,0.21,,,,
667:5,667,MathVision_MINI,1,0.53121,0.53121,0.53121,0.53121,1,1,0.17,,,,
674:11,674,MathVision_MINI,1,0.182426,0.164517,0.182426,0.164517,0,0,2.87,,,,
690:4,690,MathVerse_MINI_Vision_Only,1,0.957912,0.952574,0.957912,0.952574,1,1,0.26,,,,
703:3,703,MathVerse_MINI_Vision_Only,0,0.851953,0.851953,0.148047,0.148047,0,0,0.18,,,,
716:4,716,MathVision_MINI,0,0.622461,0.651355,0.377539,0.348645,0,0,0.35,,,,
729:5,729,DynaMath,1,0.294216,0.294216,0.294216,0.294216,0,0,0.2,,,,
737:9,737,MathVision_MINI,1,0.320822,0.320822,0.320822,0.320822,0,0,0.32,,,,
739:1,739,DynaMath,1,0.592668,0.562178,0.592668,0.562178,1,1,0.18,,,,
742:1,742,MathVision_MINI,1,0.62246,0.592668,0.62246,0.592668,1,1,0.22,,,,
752:5,752,MathVerse_MINI_Vision_Only,0,0.798188,0.777301,0.201812,0.222699,0,0,0.2,,,,
764:4,764,MathVision_MINI,1,0.53121,0.53121,0.53121,0.53121,1,1,0.18,,,,
774:4,774,MathVision_MINI,1,0.946597,0.939913,0.946597,0.939913,1,1,0.14,,,,
779:4,779,MathVision_MINI,0,0.132966,0.132966,0.867034,0.867034,1,1,0.22,,,,
788:3,788,MathVerse_MINI_Vision_Only,1,0.835486,0.835485,0.835486,0.835485,1,1,0.2,,,,
796:6,796,DynaMath,0,0.53121,0.53121,0.46879,0.46879,0,0,0.28,,,,
798:2,798,MathVerse_MINI_Vision_Only,1,0.880797,0.880797,0.880797,0.880797,1,1,0.17,,,,
808:2,808,MathVision_MINI,1,0.407334,0.407334,0.407334,0.407334,0,0,0.28,,,,
810:9,810,DynaMath,1,0.946597,0.946597,0.946597,0.946597,1,1,0.25,,,,
821:10,821,WeMath,1,0.651356,0.651356,0.651356,0.651356,1,1,0.68,,,,
837:0,837,MathVerse_MINI_Vision_Only,1,0.164518,0.182427,0.164518,0.182427,0,0,0.2,,,,
852:11,852,MathVerse_MINI_Vision_Only,0,0.348646,0.348646,0.651354,0.651354,1,1,3.25,,,,
864:2,864,WeMath,1,0.754916,0.754916,0.754916,0.754916,1,1,2.71,,,,
873:1,873,MathVerse_MINI_Vision_Only,1,0.996406,0.996827,0.996406,0.996827,1,1,0.47,,,,
877:5,877,MathVerse_MINI_Vision_Only,1,0.437825,0.468792,0.437825,0.468792,0,0,0.29,,,,
884:2,884,DynaMath,1,0.946597,0.952574,0.946597,0.952574,1,1,0.18,,,,
899:1,899,DynaMath,1,0.531211,0.562178,0.531211,0.562178,1,1,0.18,,,,
913:1,913,MathVerse_MINI_Vision_Only,1,0.777302,0.754917,0.777302,0.754917,1,1,0.18,,,,
918:0,918,MathVerse_MINI_Vision_Only,1,0.500001,0.468793,0.500001,0.468793,1,0,0.22,,,,
936:3,936,MathVerse_MINI_Vision_Only,0,0.320824,0.348648,0.679176,0.651352,1,1,0.18,,,,
940:9,940,MathVerse_MINI_Vision_Only,1,0.754916,0.777301,0.754916,0.777301,1,1,0.32,,,,
945:11,945,DynaMath,0,0.622461,0.622461,0.377539,0.377539,0,0,0.29,,,,
954:8,954,MathVision_MINI,0,0.164517,0.164517,0.835483,0.835483,1,1,0.65,,,,
967:7,967,MathVision_MINI,1,0.53121,0.562177,0.53121,0.562177,1,1,0.2,,,,
976:11,976,MathVerse_MINI_Vision_Only,1,0.705786,0.67918,0.705786,0.67918,1,1,0.27,,,,
985:8,985,MathVerse_MINI_Vision_Only,0,0.001701,0.002183,0.998299,0.997817,1,1,0.19,,,,
986:7,986,MathVerse_MINI_Vision_Only,1,0.977023,0.977023,0.977023,0.977023,1,1,0.2,,,,
1004:1,1004,MathVision_MINI,1,0.705786,0.705786,0.705786,0.705786,1,1,0.18,,,,
1014:1,1014,MMMU_DEV_VAL,1,0.99478,0.994089,0.99478,0.994089,1,1,0.75,,,,
1019:7,1019,DynaMath,0,0.904651,0.914901,0.095349,0.085099,0,0,2.72,,,,
1031:1,1031,MathVerse_MINI_Vision_Only,1,0.592668,0.562178,0.592668,0.562178,1,1,0.22,,,,
1041:5,1041,DynaMath,0,0.939913,0.939913,0.060087,0.060087,0,0,0.94,,,,
1043:7,1043,MathVision_MINI,1,0.622462,0.651357,0.622462,0.651357,1,1,0.21,,,,
1051:5,1051,MathVerse_MINI_Vision_Only,1,0.89331,0.914901,0.89331,0.914901,1,1,0.19,,,,
1055:6,1055,MathVerse_MINI_Vision_Only,1,0.89331,0.89331,0.89331,0.89331,1,1,0.19,,,,
1063:1,1063,MathVision_MINI,1,0.705787,0.705787,0.705787,0.705787,1,1,0.17,,,,
1067:11,1067,DynaMath,1,0.817574,0.817574,0.817574,0.817574,1,1,0.91,,,,
1077:2,1077,MathVerse_MINI_Vision_Only,1,0.798187,0.798187,0.798187,0.798187,1,1,0.88,,,,
1083:9,1083,MMMU_DEV_VAL,1,0.407337,0.407336,0.407337,0.407336,0,0,0.67,,,,
1097:3,1097,MathVerse_MINI_Vision_Only,1,0.562179,0.562179,0.562179,0.562179,1,1,0.18,,,,
1106:7,1106,MathVision_MINI,1,0.592667,0.592667,0.592667,0.592667,1,1,1.25,,,,
1114:9,1114,MathVision_MINI,0,0.893309,0.893309,0.106691,0.106691,0,0,0.34,,,,
1121:6,1121,MathVision_MINI,1,0.2227,0.222701,0.2227,0.222701,0,0,0.51,,,,
1136:4,1136,MathVerse_MINI_Vision_Only,0,0.651356,0.651356,0.348644,0.348644,0,0,0.22,,,,
1139:12,1139,MathVision_MINI,1,0.245086,0.245085,0.245086,0.245085,0,0,4.82,,,,
1154:4,1154,MathVerse_MINI_Vision_Only,0,0.377544,0.437826,0.622456,0.562174,1,1,0.24,,,,
1166:8,1166,MathVerse_MINI_Vision_Only,0,0.294216,0.320822,0.705784,0.679178,1,1,0.6,,,,
1174:0,1174,MathVerse_MINI_Vision_Only,1,0.0851,0.0851,0.0851,0.0851,0,0,0.16,,,,
1186:3,1186,MathVerse_MINI_Vision_Only,1,0.851953,0.851953,0.851953,0.851953,1,1,0.19,,,,
1192:10,1192,MathVerse_MINI_Vision_Only,1,0.984094,0.982014,0.984094,0.982014,1,1,2.38,,,,
1202:4,1202,MathVerse_MINI_Vision_Only,0,0.294216,0.294216,0.705784,0.705784,1,1,0.42,,,,
1211:2,1211,MMMU_DEV_VAL,1,0.851953,0.835484,0.851953,0.835484,1,1,0.81,,,,
1218:2,1218,MathVerse_MINI_Vision_Only,1,0.957912,0.957912,0.957912,0.957912,1,1,0.19,,,,
1222:13,1222,MathVerse_MINI_Vision_Only,1,0.851953,0.880797,0.851953,0.880797,1,1,0.79,,,,
1224:11,1224,DynaMath,1,0.982014,0.977023,0.982014,0.977023,1,1,0.33,,,,
1241:1,1241,MathVerse_MINI_Vision_Only,1,0.880797,0.835485,0.880797,0.835485,1,1,0.2,,,,
1250:8,1250,MathVerse_MINI_Vision_Only,0,0.531212,0.500003,0.468788,0.499997,0,0,0.26,,,,
1259:5,1259,MathVision_MINI,1,0.952574,0.957912,0.952574,0.957912,1,1,3.11,,,,
1265:2,1265,MathVerse_MINI_Vision_Only,1,0.991423,0.991423,0.991423,0.991423,1,1,0.21,,,,
1285:8,1285,MathVision_MINI,1,0.984094,0.982014,0.984094,0.982014,1,1,4.87,,,,
1293:7,1293,MathVision_MINI,0,0.377542,0.377542,0.622458,0.622458,1,1,1.0,,,,
1303:4,1303,MathVerse_MINI_Vision_Only,1,0.531211,0.53121,0.531211,0.53121,1,1,0.18,,,,
1305:2,1305,MathVerse_MINI_Vision_Only,0,0.817575,0.835484,0.182425,0.164516,0,0,0.19,,,,
1312:1,1312,MathVerse_MINI_Vision_Only,1,0.89331,0.89331,0.89331,0.89331,1,1,0.17,,,,
1323:6,1323,MathVision_MINI,0,0.132965,0.148048,0.867035,0.851952,1,1,0.34,,,,
1325:11,1325,DynaMath,1,0.974043,0.977023,0.974043,0.977023,1,1,0.28,,,,
1331:9,1331,MathVerse_MINI_Vision_Only,1,0.622461,0.622461,0.622461,0.622461,1,1,0.25,,,,
1339:3,1339,DynaMath,1,0.060087,0.060087,0.060087,0.060087,0,0,0.18,,,,
1344:6,1344,DynaMath,1,0.468792,0.468792,0.468792,0.468792,0,0,0.23,,,,
1357:4,1357,WeMath,1,0.119204,0.119204,0.119204,0.119204,0,0,0.86,,,,
1371:2,1371,MathVerse_MINI_Vision_Only,0,0.468792,0.468792,0.531208,0.531208,1,1,0.22,,,,
1377:2,1377,MathVision_MINI,0,0.182426,0.164517,0.817574,0.835483,1,1,0.35,,,,
1381:10,1381,MathVerse_MINI_Vision_Only,1,0.962673,0.957912,0.962673,0.957912,1,1,0.25,,,,
1392:22,1392,MathVerse_MINI_Vision_Only,0,0.468794,0.468794,0.531206,0.531206,1,1,0.35,,,,
1404:2,1404,MathVerse_MINI_Vision_Only,0,0.962673,0.962673,0.037327,0.037327,0,0,0.21,,,,
1414:6,1414,MathVerse_MINI_Vision_Only,0,0.562177,0.562177,0.437823,0.437823,0,0,0.19,,,,
1425:1,1425,MathVerse_MINI_Vision_Only,1,0.939913,0.939914,0.939913,0.939914,1,1,0.2,,,,
1430:11,1430,MathVerse_MINI_Vision_Only,0,0.348646,0.377541,0.651354,0.622459,1,1,0.5,,,,
1445:4,1445,MathVision_MINI,1,0.164517,0.164517,0.164517,0.164517,0,0,0.43,,,,
1455:9,1455,DynaMath,0,0.592669,0.622462,0.407331,0.377538,0,0,0.26,,,,
1468:2,1468,MMMU_DEV_VAL,1,0.67918,0.67918,0.67918,0.67918,1,1,2.26,,,,
1479:5,1479,MathVerse_MINI_Vision_Only,0,0.777302,0.798187,0.222698,0.201813,0,0,0.27,,,,
1485:0,1485,MathVision_MINI,1,0.851953,0.851953,0.851953,0.851953,1,1,6.53,,,,
1491:9,1491,WeMath,1,0.201816,0.201816,0.201816,0.201816,0,0,6.75,,,,
1499:2,1499,DynaMath,1,0.835484,0.851953,0.835484,0.851953,1,1,0.84,,,,
1503:5,1503,MathVision_MINI,1,0.651355,0.62246,0.651355,0.62246,1,1,0.62,,,,
1511:6,1511,WeMath,0,0.377542,0.407335,0.622458,0.592665,1,1,0.48,,,,
1519:8,1519,MMMU_DEV_VAL,1,0.914901,0.89331,0.914901,0.89331,1,1,1.09,,,,
1528:4,1528,DynaMath,1,0.987568,0.987568,0.987568,0.987568,1,1,0.44,,,,
1540:3,1540,MathVision_MINI,1,0.132965,0.148048,0.132965,0.148048,0,0,0.35,,,,
1550:7,1550,MathVision_MINI,1,0.754916,0.754916,0.754916,0.754916,1,1,0.15,,,,
1552:10,1552,MathVerse_MINI_Vision_Only,0,0.914901,0.914901,0.085099,0.085099,0,0,0.34,,,,
1560:5,1560,DynaMath,1,0.377542,0.407334,0.377542,0.407334,0,0,1.2,,,,
1566:5,1566,DynaMath,1,0.022977,0.022977,0.022977,0.022977,0,0,0.45,,,,
1579:1,1579,MathVision_MINI,1,0.119203,0.132964,0.119203,0.132964,0,0,0.88,,,,
1586:6,1586,MathVerse_MINI_Vision_Only,0,0.106691,0.106691,0.893309,0.893309,1,1,0.23,,,,
1606:10,1606,DynaMath,1,0.5,0.5,0.5,0.5,1,1,0.36,,,,
1616:6,1616,MathVision_MINI,1,0.407335,0.407335,0.407335,0.407335,0,0,0.46,,,,
1619:3,1619,MathVerse_MINI_Vision_Only,1,0.731059,0.731059,0.731059,0.731059,1,1,0.18,,,,
1627:7,1627,MathVerse_MINI_Vision_Only,1,0.182426,0.182426,0.182426,0.182426,0,0,0.29,,,,
1636:5,1636,WeMath,1,0.053403,0.053403,0.053403,0.053403,0,0,0.54,,,,
1656:11,1656,MathVerse_MINI_Vision_Only,1,0.914901,0.904651,0.914901,0.904651,1,1,0.36,,,,
1665:2,1665,MathVision_MINI,0,0.562177,0.562178,0.437823,0.437822,0,0,0.14,,,,
1670:3,1670,MMMU_DEV_VAL,0,0.294216,0.348646,0.705784,0.651354,1,1,0.2,,,,
1682:5,1682,MathVerse_MINI_Vision_Only,1,0.705788,0.705789,0.705788,0.705789,1,1,0.48,,,,
1684:11,1684,MMMU_DEV_VAL,1,0.531211,0.562177,0.531211,0.562177,1,1,0.44,,,,
1689:12,1689,MathVerse_MINI_Vision_Only,1,0.952574,0.952574,0.952574,0.952574,1,1,0.34,,,,
1703:2,1703,DynaMath,1,0.679181,0.651357,0.679181,0.651357,1,1,0.16,,,,
1723:11,1723,DynaMath,1,0.89331,0.89331,0.89331,0.89331,1,1,0.21,,,,
1730:5,1730,MMMU_DEV_VAL,1,0.962673,0.957912,0.962673,0.957912,1,1,0.22,,,,
1737:6,1737,WeMath,1,0.989013,0.990292,0.989013,0.990292,1,1,0.19,,,,
1740:6,1740,MathVerse_MINI_Vision_Only,0,0.705787,0.705786,0.294213,0.294214,0,0,0.31,,,,
1742:3,1742,MathVerse_MINI_Vision_Only,0,0.89331,0.89331,0.10669,0.10669,0,0,0.19,,,,
1751:0,1751,MathVerse_MINI_Vision_Only,1,0.89331,0.880797,0.89331,0.880797,1,1,0.2,,,,
1762:2,1762,MathVision_MINI,0,0.148049,0.148048,0.851951,0.851952,1,1,0.3,,,,
1766:1,1766,MathVision_MINI,1,0.939913,0.939913,0.939913,0.939913,1,1,0.19,,,,
1777:9,1777,MathVerse_MINI_Vision_Only,0,0.294216,0.320822,0.705784,0.679178,1,1,0.67,,,,
1789:10,1789,MMMU_DEV_VAL,0,0.245086,0.268943,0.754914,0.731057,1,1,0.58,,,,
1796:5,1796,WeMath,0,0.932453,0.932454,0.067547,0.067546,0,0,0.14,,,,
1804:2,1804,MathVerse_MINI_Vision_Only,0,0.904651,0.914901,0.095349,0.085099,0,0,0.18,,,,
1807:8,1807,MathVerse_MINI_Vision_Only,1,0.468793,0.468793,0.468793,0.468793,0,0,0.36,,,,
1816:2,1816,MathVerse_MINI_Vision_Only,1,0.531215,0.562181,0.531215,0.562181,1,1,0.21,,,,
1831:1,1831,MathVision_MINI,1,0.817575,0.835484,0.817575,0.835484,1,1,0.18,,,,
1842:9,1842,MathVision_MINI,1,0.407334,0.377542,0.407334,0.377542,0,0,0.17,,,,
1850:3,1850,WeMath,1,0.377543,0.407336,0.377543,0.407336,0,0,0.14,,,,
1854:7,1854,MathVerse_MINI_Vision_Only,1,0.851953,0.851954,0.851953,0.851954,1,1,0.2,,,,
1862:2,1862,DynaMath,1,0.974043,0.974043,0.974043,0.974043,1,1,0.25,,,,
1864:2,1864,MathVision_MINI,0,0.348646,0.320822,0.651354,0.679178,1,1,0.23,,,,
1875:6,1875,DynaMath,1,0.946597,0.939913,0.946597,0.939913,1,1,0.3,,,,
1893:1,1893,DynaMath,1,0.119203,0.106691,0.119203,0.106691,0,0,2.45,,,,
1898:6,1898,MathVerse_MINI_Vision_Only,1,0.067548,0.075859,0.067548,0.075859,0,0,1.89,,,,
1913:6,1913,MMMU_DEV_VAL,1,0.67918,0.651356,0.67918,0.651356,1,1,2.69,,,,
1936:4,1936,MathVision_MINI,1,0.531212,0.531212,0.531212,0.531212,1,1,2.37,,,,
1946:3,1946,MathVerse_MINI_Vision_Only,1,0.0851,0.09535,0.0851,0.09535,0,0,0.6,,,,
1956:1,1956,MathVision_MINI,0,0.268943,0.245086,0.731057,0.754914,1,1,0.31,,,,
1962:1,1962,MathVision_MINI,1,0.817575,0.817575,0.817575,0.817575,1,1,0.15,,,,
1968:2,1968,MathVision_MINI,1,0.705787,0.705787,0.705787,0.705787,1,1,0.19,,,,
1977:1,1977,WeMath,1,0.679179,0.705786,0.679179,0.705786,1,1,0.4,,,,
1985:3,1985,DynaMath,0,0.320823,0.320822,0.679177,0.679178,1,1,0.22,,,,
1986:2,1986,DynaMath,0,0.622461,0.622461,0.377539,0.377539,0,0,0.25,,,,
1989:2,1989,MathVision_MINI,1,0.348646,0.348647,0.348646,0.348647,0,0,0.15,,,,
1995:4,1995,MathVision_MINI,1,0.468793,0.468793,0.468793,0.468793,0,0,0.22,,,,
2001:9,2001,MathVision_MINI,0,0.119203,0.119203,0.880797,0.880797,1,1,0.52,,,,
2018:6,2018,MathVerse_MINI_Vision_Only,0,0.777302,0.777302,0.222698,0.222698,0,0,0.18,,,,
2023:5,2023,WeMath,1,0.222702,0.222702,0.222702,0.222702,0,0,0.15,,,,
2029:6,2029,MathVision_MINI,0,0.245085,0.2227,0.754915,0.7773,1,1,0.21,,,,
2038:4,2038,MathVision_MINI,1,0.164519,0.14805,0.164519,0.14805,0,0,0.2,,,,
2059:6,2059,MathVerse_MINI_Vision_Only,1,0.075858,0.067547,0.075858,0.067547,0,0,0.35,,,,
2069:6,2069,MathVision_MINI,1,0.201814,0.222701,0.201814,0.222701,0,0,0.96,,,,
2077:1,2077,MathVerse_MINI_Vision_Only,1,0.914902,0.914901,0.914902,0.914901,1,1,0.17,,,,
2081:1,2081,MathVerse_MINI_Vision_Only,0,0.592671,0.59267,0.407329,0.40733,0,0,0.2,,,,
2089:11,2089,MathVision_MINI,1,0.294216,0.294216,0.294216,0.294216,0,0,2.08,,,,
2092:4,2092,DynaMath,1,0.437824,0.468791,0.437824,0.468791,0,0,0.45,,,,
2104:11,2104,DynaMath,0,0.932453,0.939913,0.067547,0.060087,0,0,0.26,,,,
2112:5,2112,MathVerse_MINI_Vision_Only,1,0.245086,0.222701,0.245086,0.222701,0,0,0.2,,,,
2118:2,2118,MathVision_MINI,0,0.562177,0.592668,0.437823,0.407332,0,0,0.17,,,,
2127:8,2127,MathVision_MINI,0,0.268946,0.268947,0.731054,0.731053,1,1,1.32,,,,
2133:1,2133,MathVision_MINI,1,0.904651,0.880797,0.904651,0.880797,1,1,0.19,,,,
2137:1,2137,WeMath,1,0.651355,0.651355,0.651355,0.651355,1,1,0.2,,,,
2143:5,2143,DynaMath,1,0.500001,0.500001,0.500001,0.500001,1,1,0.18,,,,
2149:5,2149,DynaMath,0,0.798187,0.7773,0.201813,0.2227,0,0,0.51,,,,
2157:1,2157,DynaMath,1,0.867036,0.867036,0.867036,0.867036,1,1,0.17,,,,
2167:0,2167,MathVision_MINI,1,0.67918,0.679179,0.67918,0.679179,1,1,0.21,,,,
2173:9,2173,DynaMath,0,0.164517,0.148048,0.835483,0.851952,1,1,0.83,,,,
2182:1,2182,DynaMath,1,0.679179,0.651356,0.679179,0.651356,1,1,0.17,,,,
2186:6,2186,MathVision_MINI,1,0.679179,0.651355,0.679179,0.651355,1,1,1.24,,,,
2192:4,2192,MMMU_DEV_VAL,1,0.754917,0.777301,0.754917,0.777301,1,1,0.37,,,,
2205:5,2205,WeMath,0,0.377541,0.407334,0.622459,0.592666,1,1,0.32,,,,
2211:1,2211,MathVerse_MINI_Vision_Only,1,0.437826,0.437826,0.437826,0.437826,0,0,0.22,,,,
2218:1,2218,MathVerse_MINI_Vision_Only,0,0.592668,0.592669,0.407332,0.407331,0,0,0.29,,,,
2222:4,2222,WeMath,1,0.984094,0.985936,0.984094,0.985936,1,1,0.16,,,,
2243:4,2243,DynaMath,1,0.946597,0.939914,0.946597,0.939914,1,1,0.22,,,,
2250:2,2250,DynaMath,1,0.89331,0.89331,0.89331,0.89331,1,1,0.72,,,,
2256:5,2256,MathVerse_MINI_Vision_Only,1,0.592668,0.622461,0.592668,0.622461,1,1,0.41,,,,
2268:2,2268,WeMath,1,0.982014,0.979668,0.982014,0.979668,1,1,0.19,,,,
2275:2,2275,WeMath,1,0.754917,0.754917,0.754917,0.754917,1,1,0.15,,,,
2284:2,2284,MathVerse_MINI_Vision_Only,0,0.651359,0.651357,0.348641,0.348643,0,0,0.18,,,,
2288:6,2288,MathVerse_MINI_Vision_Only,1,0.904651,0.924142,0.904651,0.924142,1,1,0.19,,,,
2296:7,2296,MathVerse_MINI_Vision_Only,1,0.754915,0.754915,0.754915,0.754915,1,1,0.52,,,,
2299:6,2299,DynaMath,0,0.62246,0.592667,0.37754,0.407333,0,0,0.45,,,,
2305:4,2305,DynaMath,1,0.679179,0.705785,0.679179,0.705785,1,1,0.21,,,,
2310:5,2310,MathVision_MINI,1,0.798187,0.798187,0.798187,0.798187,1,1,0.19,,,,
2316:10,2316,MathVerse_MINI_Vision_Only,0,0.970688,0.970688,0.029312,0.029312,0,0,0.22,,,,
2323:4,2323,MathVerse_MINI_Vision_Only,0,0.067547,0.067547,0.932453,0.932453,1,1,0.2,,,,
2333:2,2333,MathVerse_MINI_Vision_Only,1,0.182429,0.182428,0.182429,0.182428,0,0,0.22,,,,
2337:3,2337,MMMU_DEV_VAL,1,0.531213,0.59267,0.531213,0.59267,1,1,0.16,,,,
2355:3,2355,DynaMath,1,0.731059,0.731059,0.731059,0.731059,1,1,0.19,,,,
2377:12,2377,MMMU_DEV_VAL,0,0.705791,0.679185,0.294209,0.320815,0,0,0.41,,,,
2388:5,2388,DynaMath,1,0.851953,0.851953,0.851953,0.851953,1,1,0.19,,,,
2395:5,2395,MathVerse_MINI_Vision_Only,0,0.060087,0.060087,0.939913,0.939913,1,1,0.28,,,,
2403:1,2403,MathVerse_MINI_Vision_Only,1,0.952574,0.952574,0.952574,0.952574,1,1,0.19,,,,
2412:3,2412,MathVerse_MINI_Vision_Only,0,0.939913,0.932453,0.060087,0.067547,0,0,0.22,,,,
2420:6,2420,MathVerse_MINI_Vision_Only,0,0.294219,0.268946,0.705781,0.731054,1,1,0.2,,,,
2427:7,2427,MathVision_MINI,0,0.952574,0.946597,0.047426,0.053403,0,0,0.22,,,,
2441:11,2441,MathVerse_MINI_Vision_Only,1,0.5,0.468791,0.5,0.468791,0,0,0.54,,,,
2449:1,2449,MathVision_MINI,1,0.531213,0.500003,0.531213,0.500003,1,1,1.41,,,,
2457:6,2457,MathVerse_MINI_Vision_Only,0,0.012432,0.014064,0.987568,0.985936,1,1,0.23,,,,
2467:0,2467,WeMath,1,0.562178,0.592668,0.562178,0.592668,1,1,0.34,,,,
2479:1,2479,MathVerse_MINI_Vision_Only,1,0.89331,0.904651,0.89331,0.904651,1,1,0.17,,,,
2491:3,2491,MathVerse_MINI_Vision_Only,1,0.73106,0.73106,0.73106,0.73106,1,1,0.18,,,,
2497:3,2497,MathVision_MINI,1,0.106691,0.09535,0.106691,0.09535,0,0,0.34,,,,
2507:3,2507,DynaMath,1,0.075859,0.0851,0.075859,0.0851,0,0,0.18,,,,
2512:2,2512,DynaMath,1,0.867036,0.867036,0.867036,0.867036,1,1,0.18,,,,
2520:12,2520,DynaMath,1,0.562179,0.562179,0.562179,0.562179,1,1,0.26,,,,
2539:5,2539,WeMath,1,0.798187,0.817574,0.798187,0.817574,1,1,0.19,,,,
2551:8,2551,MathVerse_MINI_Vision_Only,0,0.060087,0.067547,0.939913,0.932453,1,1,1.11,,,,
2563:3,2563,MathVerse_MINI_Vision_Only,1,0.377543,0.348648,0.377543,0.348648,0,0,0.23,,,,
2575:3,2575,MathVerse_MINI_Vision_Only,1,0.73106,0.73106,0.73106,0.73106,1,1,0.26,,,,
2598:0,2598,MMMU_DEV_VAL,1,0.798188,0.817575,0.798188,0.817575,1,1,0.89,,,,
2604:9,2604,DynaMath,1,0.777301,0.777301,0.777301,0.777301,1,1,0.32,,,,
2611:8,2611,MathVerse_MINI_Vision_Only,1,0.851953,0.835484,0.851953,0.835484,1,1,0.24,,,,
2631:2,2631,MathVision_MINI,1,0.979668,0.979668,0.979668,0.979668,1,1,0.19,,,,
2636:1,2636,DynaMath,1,0.34865,0.29422,0.34865,0.29422,0,0,0.17,,,,
2644:1,2644,MathVerse_MINI_Vision_Only,1,0.867036,0.851953,0.867036,0.851953,1,1,0.18,,,,
2648:2,2648,MathVision_MINI,1,0.904651,0.89331,0.904651,0.89331,1,1,0.18,,,,
2660:2,2660,MathVerse_MINI_Vision_Only,1,0.592669,0.531212,0.592669,0.531212,1,1,0.17,,,,
2670:11,2670,MathVerse_MINI_Vision_Only,1,0.348646,0.377542,0.348646,0.377542,0,0,0.75,,,,
2676:5,2676,MathVision_MINI,0,0.075859,0.067547,0.924141,0.932453,1,1,0.44,,,,
2685:7,2685,MathVerse_MINI_Vision_Only,0,0.222701,0.222701,0.777299,0.777299,1,1,0.3,,,,
2694:2,2694,MathVerse_MINI_Vision_Only,0,0.679181,0.679181,0.320819,0.320819,0,0,0.18,,,,
2703:3,2703,MathVerse_MINI_Vision_Only,1,0.047426,0.047426,0.047426,0.047426,0,0,0.38,,,,
2715:6,2715,MathVerse_MINI_Vision_Only,1,0.053404,0.053404,0.053404,0.053404,0,0,0.41,,,,
2731:5,2731,MathVerse_MINI_Vision_Only,0,0.348648,0.348648,0.651352,0.651352,1,1,0.21,,,,
2737:11,2737,MathVision_MINI,0,0.348649,0.348649,0.651351,0.651351,1,1,1.17,,,,
2756:5,2756,WeMath,1,0.957912,0.957912,0.957912,0.957912,1,1,0.2,,,,
2768:12,2768,MathVision_MINI,0,0.932453,0.932453,0.067547,0.067547,0,0,0.47,,,,
2778:3,2778,MMMU_DEV_VAL,1,0.651357,0.651357,0.651357,0.651357,1,1,0.22,,,,
2786:1,2786,MathVerse_MINI_Vision_Only,1,0.651358,0.679182,0.651358,0.679182,1,1,0.17,,,,
2797:10,2797,MathVerse_MINI_Vision_Only,1,0.245086,0.268943,0.245086,0.268943,0,0,0.4,,,,
2813:8,2813,DynaMath,0,0.835485,0.817577,0.164515,0.182423,0,0,5.2,,,,
2815:7,2815,DynaMath,1,0.7773,0.7773,0.7773,0.7773,1,1,0.64,,,,
2827:10,2827,WeMath,0,0.053404,0.060087,0.946596,0.939913,1,1,0.42,,,,
2841:5,2841,DynaMath,1,0.798188,0.798187,0.798188,0.798187,1,1,0.23,,,,
2856:1,2856,MathVision_MINI,1,0.946597,0.946597,0.946597,0.946597,1,1,0.18,,,,
2860:9,2860,MathVision_MINI,0,0.407337,0.407336,0.592663,0.592664,1,1,0.98,,,,
2864:1,2864,MathVerse_MINI_Vision_Only,1,0.946597,0.952574,0.946597,0.952574,1,1,0.17,,,,
