key,source,native_h,native_w,out_h,out_w,ratio_h,ratio_w,isotropic,dyadic,identity
1:6,MathVerse_MINI_Vision_Only,717,797,420,448,1.7071,1.779,0,0,0
18:0,MathVision_MINI,300,1365,196,952,1.5306,1.4338,0,0,0
22:0,MathVision_MINI,1807,2520,364,504,4.9643,5.0,0,0,0
46:8,MathVision_MINI,1774,1383,504,392,3.5198,3.5281,0,0,0
81:1,DynaMath,400,400,392,392,1.0204,1.0204,1,0,0
132:4,MathVerse_MINI_Vision_Only,1553,1644,420,448,3.6976,3.6696,0,0,0
133:1,WeMath,211,198,224,196,0.942,1.0102,0,0,0
149:0,MathVision_MINI,1268,1392,420,448,3.019,3.1071,0,0,0
152:0,MathVision_MINI,314,1374,196,924,1.602,1.487,0,0,0
157:2,MMMU_DEV_VAL,271,628,280,616,0.9679,1.0195,0,0,0
167:5,MathVision_MINI,241,235,252,224,0.9563,1.0491,0,0,0
169:4,MathVision_MINI,693,1550,280,644,2.475,2.4068,0,0,0
177:5,MathVerse_MINI_Vision_Only,589,779,364,504,1.6181,1.5456,0,0,0
184:9,MathVerse_MINI_Vision_Only,912,1014,420,448,2.1714,2.2634,0,0,0
242:1,DynaMath,480,640,364,504,1.3187,1.2698,0,0,0
254:1,MathVerse_MINI_Vision_Only,1344,1639,392,476,3.4286,3.4433,0,0,0
255:2,WeMath,353,284,364,280,0.9698,1.0143,0,0,0
299:10,DynaMath,480,640,364,504,1.3187,1.2698,0,0,0
301:10,MathVision_MINI,429,431,420,420,1.0214,1.0262,0,0,0
306:1,MathVision_MINI,591,725,392,476,1.5077,1.5231,0,0,0
312:1,WeMath,770,878,392,476,1.9643,1.8445,0,0,0
350:10,MathVerse_MINI_Vision_Only,534,862,336,560,1.5893,1.5393,0,0,0
352:6,WeMath,135,250,140,252,0.9643,0.9921,0,0,0
435:1,MathVerse_MINI_Vision_Only,511,764,364,532,1.4038,1.4361,0,0,0
441:8,MathVerse_MINI_Vision_Only,765,750,448,420,1.7076,1.7857,0,0,0
444:6,MathVision_MINI,395,402,392,392,1.0077,1.0255,0,0,0
508:3,MathVerse_MINI_Vision_Only,2506,2548,420,448,5.9667,5.6875,0,0,0
518:2,WeMath,54,85,56,84,0.9643,1.0119,0,0,0
520:11,MMMU_DEV_VAL,112,304,112,308,1.0,0.987,0,0,0
522:3,MathVision_MINI,628,866,364,504,1.7253,1.7183,0,0,0
525:1,MathVision_MINI,1182,1243,420,448,2.8143,2.7746,0,0,0
533:1,MathVision_MINI,229,235,224,224,1.0223,1.0491,0,0,0
555:4,MMMU_DEV_VAL,576,612,420,448,1.3714,1.3661,0,0,0
612:11,WeMath,628,1092,336,588,1.869,1.8571,0,0,0
615:2,MathVerse_MINI_Vision_Only,755,812,420,448,1.7976,1.8125,0,0,0
636:8,MMMU_DEV_VAL,724,1243,336,560,2.1548,2.2196,0,0,0
641:8,DynaMath,400,400,392,392,1.0204,1.0204,1,0,0
644:1,MathVerse_MINI_Vision_Only,1400,1212,476,392,2.9412,3.0918,0,0,0
646:6,MathVerse_MINI_Vision_Only,1468,1444,448,420,3.2768,3.4381,0,0,0
661:4,MathVision_MINI,347,685,308,616,1.1266,1.112,0,0,0
674:9,MathVision_MINI,470,475,420,448,1.119,1.0603,0,0,0
678:0,DynaMath,480,640,364,504,1.3187,1.2698,0,0,0
700:10,MathVision_MINI,455,429,448,420,1.0156,1.0214,0,0,0
712:4,MathVision_MINI,324,323,336,336,0.9643,0.9613,0,0,0
714:5,MathVerse_MINI_Vision_Only,560,1119,308,616,1.8182,1.8166,0,0,0
716:13,MathVision_MINI,262,404,252,392,1.0397,1.0306,0,0,0
718:4,MathVerse_MINI_Vision_Only,730,1217,336,560,2.1726,2.1732,0,0,0
739:1,DynaMath,804,1159,364,532,2.2088,2.1786,0,0,0
739:2,DynaMath,804,1159,364,532,2.2088,2.1786,0,0,0
741:2,MathVerse_MINI_Vision_Only,993,963,448,420,2.2165,2.2929,0,0,0
742:1,MathVision_MINI,785,1534,308,616,2.5487,2.4903,0,0,0
752:5,MathVerse_MINI_Vision_Only,1070,1532,364,532,2.9396,2.8797,0,0,0
753:3,MathVision_MINI,412,408,420,420,0.981,0.9714,0,0,0
768:19,MathVerse_MINI_Vision_Only,1412,1215,476,392,2.9664,3.0995,0,0,0
774:4,MathVision_MINI,240,345,252,336,0.9524,1.0268,0,0,0
775:3,MathVerse_MINI_Vision_Only,551,751,364,504,1.5137,1.4901,0,0,0
789:4,MathVision_MINI,454,555,392,476,1.1582,1.166,0,0,0
798:4,MathVerse_MINI_Vision_Only,504,972,308,616,1.6364,1.5779,0,0,0
810:0,DynaMath,389,515,392,504,0.9923,1.0218,0,0,0
810:9,DynaMath,389,515,392,504,0.9923,1.0218,0,0,0
827:5,MathVision_MINI,324,333,336,336,0.9643,0.9911,0,0,0
837:0,MathVerse_MINI_Vision_Only,609,1521,280,700,2.175,2.1729,0,0,0
876:1,MathVerse_MINI_Vision_Only,675,819,392,476,1.7219,1.7206,0,0,0
878:9,MathVision_MINI,421,499,392,476,1.074,1.0483,0,0,0
883:3,MathVerse_MINI_Vision_Only,1073,1564,364,532,2.9478,2.9398,0,0,0
900:4,MathVision_MINI,364,1575,196,924,1.8571,1.7045,0,0,0
916:2,MathVerse_MINI_Vision_Only,1991,1614,476,392,4.1828,4.1173,0,0,0
923:8,MathVision_MINI,395,436,392,448,1.0077,0.9732,0,0,0
936:3,MathVerse_MINI_Vision_Only,502,745,364,532,1.3791,1.4004,0,0,0
940:6,MathVerse_MINI_Vision_Only,2107,1923,448,420,4.7031,4.5786,0,0,0
976:11,MathVerse_MINI_Vision_Only,1412,1215,476,392,2.9664,3.0995,0,0,0
985:8,MathVerse_MINI_Vision_Only,530,847,336,560,1.5774,1.5125,0,0,0
1012:6,MathVerse_MINI_Vision_Only,717,797,420,448,1.7071,1.779,0,0,0
1015:21,DynaMath,400,400,392,392,1.0204,1.0204,1,0,0
1031:1,MathVerse_MINI_Vision_Only,1032,893,476,392,2.1681,2.2781,0,0,0
1054:6,MathVerse_MINI_Vision_Only,679,693,420,448,1.6167,1.5469,0,0,0
1055:15,MathVerse_MINI_Vision_Only,776,771,448,420,1.7321,1.8357,0,0,0
1061:6,WeMath,316,458,308,448,1.026,1.0223,0,0,0
1071:1,MathVision_MINI,725,1529,308,644,2.3539,2.3742,0,0,0
1083:9,MMMU_DEV_VAL,274,906,224,812,1.2232,1.1158,0,0,0
1102:5,DynaMath,400,400,392,392,1.0204,1.0204,1,0,0
1111:4,MathVerse_MINI_Vision_Only,3787,3706,448,420,8.4531,8.8238,0,0,0
1115:10,DynaMath,423,750,336,588,1.2589,1.2755,0,0,0
1139:12,MathVision_MINI,373,601,336,560,1.1101,1.0732,0,0,0
1144:4,MathVision_MINI,437,545,392,476,1.1148,1.145,0,0,0
1186:3,MathVerse_MINI_Vision_Only,1793,1569,476,392,3.7668,4.0026,0,0,0
1191:6,MMMU_DEV_VAL,262,576,252,588,1.0397,0.9796,0,0,0
1219:6,MathVerse_MINI_Vision_Only,560,727,392,504,1.4286,1.4425,0,0,0
1224:11,DynaMath,480,640,364,504,1.3187,1.2698,0,0,0
1289:3,MathVision_MINI,421,429,420,420,1.0024,1.0214,0,0,0
1294:6,MathVision_MINI,859,1669,308,616,2.789,2.7094,0,0,0
1303:4,MathVerse_MINI_Vision_Only,1665,1527,448,420,3.7165,3.6357,0,0,0
1324:6,MathVision_MINI,414,374,420,364,0.9857,1.0275,0,0,0
1325:8,DynaMath,619,627,420,448,1.4738,1.3996,0,0,0
1341:11,DynaMath,480,640,364,504,1.3187,1.2698,0,0,0
1355:1,MMMU_DEV_VAL,127,215,140,224,0.9071,0.9598,0,0,0
1357:4,WeMath,302,498,308,504,0.9805,0.9881,0,0,0
1371:2,MathVerse_MINI_Vision_Only,1615,1888,392,476,4.1199,3.9664,0,0,0
1401:2,MMMU_DEV_VAL,928,1204,392,504,2.3673,2.3889,0,0,0
1409:0,DynaMath,546,778,364,532,1.5,1.4624,0,0,0
1413:5,MathVision_MINI,538,1638,252,756,2.1349,2.1667,0,0,0
1417:0,MathVision_MINI,288,288,280,280,1.0286,1.0286,1,0,0
1427:5,WeMath,241,334,252,336,0.9563,0.994,0,0,0
1437:14,MathVerse_MINI_Vision_Only,1413,1235,476,392,2.9685,3.1505,0,0,0
1455:5,DynaMath,480,640,364,504,1.3187,1.2698,0,0,0
1468:2,MMMU_DEV_VAL,126,546,112,560,1.125,0.975,0,0,0
1482:5,MathVision_MINI,383,1501,224,868,1.7098,1.7293,0,0,0
1493:5,MathVision_MINI,601,1288,280,644,2.1464,2.0,0,0,0
1499:2,DynaMath,101,772,112,784,0.9018,0.9847,0,0,0
1500:3,MathVision_MINI,334,335,336,336,0.994,0.997,0,0,0
1503:3,MathVision_MINI,2529,2520,448,420,5.6451,6.0,0,0,0
1509:3,MathVision_MINI,288,1848,168,1120,1.7143,1.65,0,0,0
1523:11,DynaMath,480,640,364,504,1.3187,1.2698,0,0,0
1559:1,MathVerse_MINI_Vision_Only,1299,1248,448,420,2.8996,2.9714,0,0,0
1561:2,MathVerse_MINI_Vision_Only,1573,2329,364,532,4.3214,4.3778,0,0,0
1569:6,MathVerse_MINI_Vision_Only,2506,2548,420,448,5.9667,5.6875,0,0,0
1584:1,MathVerse_MINI_Vision_Only,614,693,420,448,1.4619,1.5469,0,0,0
1619:3,MathVerse_MINI_Vision_Only,776,1082,364,504,2.1319,2.1468,0,0,0
1625:7,MathVerse_MINI_Vision_Only,696,832,392,476,1.7755,1.7479,0,0,0
1627:7,MathVerse_MINI_Vision_Only,506,827,336,560,1.506,1.4768,0,0,0
1633:8,MathVerse_MINI_Vision_Only,773,1131,364,532,2.1236,2.1259,0,0,0
1671:6,MathVerse_MINI_Vision_Only,965,1260,392,504,2.4617,2.5,0,0,0
1679:4,WeMath,170,166,168,168,1.0119,0.9881,0,0,0
1731:0,MMMU_DEV_VAL,123,766,112,756,1.0982,1.0132,0,0,0
1742:3,MathVerse_MINI_Vision_Only,944,896,448,420,2.1071,2.1333,0,0,0
1751:0,MathVerse_MINI_Vision_Only,978,1194,392,476,2.4949,2.5084,0,0,0
1765:6,MathVision_MINI,1807,2520,364,504,4.9643,5.0,0,0,0
1766:1,MathVision_MINI,753,1685,280,644,2.6893,2.6165,0,0,0
1777:9,MathVerse_MINI_Vision_Only,2331,2917,392,476,5.9464,6.1282,0,0,0
1796:5,WeMath,133,230,140,224,0.95,1.0268,0,0,0
1799:1,WeMath,211,198,224,196,0.942,1.0102,0,0,0
1810:11,DynaMath,480,640,364,504,1.3187,1.2698,0,0,0
1831:1,MathVision_MINI,693,1654,280,672,2.475,2.4613,0,0,0
1875:6,DynaMath,549,1186,280,644,1.9607,1.8416,0,0,0
1877:8,MathVision_MINI,392,404,392,392,1.0,1.0306,0,0,0
1878:0,DynaMath,328,330,336,336,0.9762,0.9821,0,0,0
1897:1,MMMU_DEV_VAL,141,602,140,616,1.0071,0.9773,0,0,0
1986:2,DynaMath,480,640,364,504,1.3187,1.2698,0,0,0
2023:5,WeMath,191,353,196,364,0.9745,0.9698,0,0,0
2075:3,MathVerse_MINI_Vision_Only,1445,1212,476,392,3.0357,3.0918,0,0,0
2077:1,MathVerse_MINI_Vision_Only,598,832,364,504,1.6429,1.6508,0,0,0
2080:6,WeMath,168,284,168,280,1.0,1.0143,0,0,0
2081:1,MathVerse_MINI_Vision_Only,2642,2810,420,448,6.2905,6.2723,0,0,0
2100:3,DynaMath,389,515,392,504,0.9923,1.0218,0,0,0
2106:4,MMMU_DEV_VAL,324,358,336,364,0.9643,0.9835,0,0,0
2109:8,MathVerse_MINI_Vision_Only,682,834,392,476,1.7398,1.7521,0,0,0
2114:0,DynaMath,480,640,364,504,1.3187,1.2698,0,0,0
2130:8,MathVision_MINI,1774,1383,504,392,3.5198,3.5281,0,0,0
2138:1,MathVerse_MINI_Vision_Only,616,609,448,420,1.375,1.45,0,0,0
2145:2,DynaMath,400,400,392,392,1.0204,1.0204,1,0,0
2147:7,MathVerse_MINI_Vision_Only,912,1074,392,476,2.3265,2.2563,0,0,0
2149:5,DynaMath,480,640,364,504,1.3187,1.2698,0,0,0
2161:7,MathVision_MINI,409,599,364,532,1.1236,1.1259,0,0,0
2165:15,MathVerse_MINI_Vision_Only,1468,1444,448,420,3.2768,3.4381,0,0,0
2179:2,MathVerse_MINI_Vision_Only,1897,1532,476,392,3.9853,3.9082,0,0,0
2205:0,WeMath,300,392,308,392,0.974,1.0,0,0,0
2215:3,DynaMath,480,640,364,504,1.3187,1.2698,0,0,0
2231:4,DynaMath,480,640,364,504,1.3187,1.2698,0,0,0
2250:2,DynaMath,400,1000,280,700,1.4286,1.4286,1,0,0
2289:0,MathVerse_MINI_Vision_Only,613,887,364,532,1.6841,1.6673,0,0,0
2292:3,DynaMath,320,950,252,756,1.2698,1.2566,0,0,0
2298:0,MathVerse_MINI_Vision_Only,996,1426,364,532,2.7363,2.6805,0,0,0
2322:6,MathVision_MINI,229,235,224,224,1.0223,1.0491,0,0,0
2330:13,MathVision_MINI,260,1122,196,924,1.3265,1.2143,0,0,0
2333:2,MathVerse_MINI_Vision_Only,652,937,364,532,1.7912,1.7613,0,0,0
2334:2,MathVision_MINI,190,328,196,336,0.9694,0.9762,0,0,0
2338:6,DynaMath,328,335,336,336,0.9762,0.997,0,0,0
2364:3,MathVerse_MINI_Vision_Only,912,1074,392,476,2.3265,2.2563,0,0,0
2380:5,MathVerse_MINI_Vision_Only,652,609,448,420,1.4554,1.45,0,0,0
2412:13,MathVerse_MINI_Vision_Only,1423,1351,448,420,3.1763,3.2167,0,0,0
2413:5,MathVision_MINI,364,1575,196,924,1.8571,1.7045,0,0,0
2425:7,DynaMath,327,407,336,420,0.9732,0.969,0,0,0
2449:1,MathVision_MINI,372,348,364,336,1.022,1.0357,0,0,0
2457:6,MathVerse_MINI_Vision_Only,516,793,336,532,1.5357,1.4906,0,0,0
2461:3,MathVision_MINI,2761,2520,448,420,6.1629,6.0,0,0,0
2495:6,MathVision_MINI,313,296,308,308,1.0162,0.961,0,0,0
2496:0,MathVision_MINI,1038,1606,336,532,3.0893,3.0188,0,0,0
2520:12,DynaMath,480,640,364,504,1.3187,1.2698,0,0,0
2524:21,MathVision_MINI,301,356,308,364,0.9773,0.978,0,0,0
2561:11,MathVerse_MINI_Vision_Only,914,718,504,392,1.8135,1.8316,0,0,0
2597:0,DynaMath,403,530,364,504,1.1071,1.0516,0,0,0
2600:3,MMMU_DEV_VAL,237,1222,196,1008,1.2092,1.2123,0,0,0
2648:2,MathVision_MINI,378,525,364,504,1.0385,1.0417,0,0,0
2672:2,MathVision_MINI,460,307,448,308,1.0268,0.9968,0,0,0
2685:0,MathVerse_MINI_Vision_Only,1041,944,448,420,2.3237,2.2476,0,0,0
2685:7,MathVerse_MINI_Vision_Only,1041,944,448,420,2.3237,2.2476,0,0,0
2703:8,MathVerse_MINI_Vision_Only,1517,1425,448,420,3.3862,3.3929,0,0,0
2731:5,MathVerse_MINI_Vision_Only,1563,1335,476,392,3.2836,3.4056,0,0,0
2769:6,DynaMath,601,324,588,336,1.0221,0.9643,0,0,0
2784:1,MathVerse_MINI_Vision_Only,763,804,420,448,1.8167,1.7946,0,0,0
2786:6,MathVerse_MINI_Vision_Only,716,806,420,448,1.7048,1.7991,0,0,0
2793:1,MathVerse_MINI_Vision_Only,712,784,420,448,1.6952,1.75,0,0,0
2815:4,DynaMath,480,640,364,504,1.3187,1.2698,0,0,0
2818:3,DynaMath,389,515,392,504,0.9923,1.0218,0,0,0
2825:0,MMMU_DEV_VAL,200,240,196,252,1.0204,0.9524,0,0,0
2841:5,DynaMath,400,400,392,392,1.0204,1.0204,1,0,0
2851:2,MathVision_MINI,329,346,336,336,0.9792,1.0298,0,0,0
2858:1,WeMath,242,337,252,336,0.9603,1.003,0,0,0
2863:3,DynaMath,546,778,364,532,1.5,1.4624,0,0,0
2865:11,MMMU_DEV_VAL,2560,1852,504,364,5.0794,5.0879,0,0,0
