key,arm,amplitude,certified,saturated,pix_diff,peak_change,img_lo,img_hi,contrast_kept
22:0,fixed,20,0,1,0,60,0,315,1.0
22:0,placed,20,0,1,0,60,0,435,1.0
22:0,signed,20,0,1,0,60,0,315,1.0
22:0,ranged,20,1,0,428,60,60,255,0.5294
22:0,fixed,10,0,1,0,30,0,285,1.0
22:0,placed,10,0,1,0,30,0,345,1.0
22:0,signed,10,0,1,0,30,0,285,1.0
22:0,ranged,10,1,0,428,30,30,255,0.7647
22:0,fixed,5,0,1,0,15,0,270,1.0
22:0,placed,5,0,1,0,15,0,300,1.0
22:0,signed,5,0,1,0,15,0,270,1.0
22:0,ranged,5,1,0,428,15,15,255,0.8824
22:0,fixed,2,0,1,0,6,0,261,1.0
22:0,placed,2,0,1,0,6,0,273,1.0
22:0,signed,2,0,1,0,6,0,261,1.0
22:0,ranged,2,1,0,428,6,6,255,0.9529
133:1,fixed,20,0,1,0,60,0,315,1.0
133:1,placed,20,0,1,0,60,0,435,1.0
133:1,signed,20,0,1,0,60,0,315,1.0
133:1,ranged,20,1,0,428,60,60,255,0.5294
133:1,fixed,10,0,1,0,30,0,285,1.0
133:1,placed,10,0,1,0,30,0,345,1.0
133:1,signed,10,0,1,0,30,0,285,1.0
133:1,ranged,10,1,0,428,30,30,255,0.7647
133:1,fixed,5,0,1,0,15,0,270,1.0
133:1,placed,5,0,1,0,15,0,300,1.0
133:1,signed,5,0,1,0,15,0,270,1.0
133:1,ranged,5,1,0,428,15,15,255,0.8824
133:1,fixed,2,0,1,0,6,0,261,1.0
133:1,placed,2,0,1,0,6,0,273,1.0
133:1,signed,2,0,1,0,6,0,261,1.0
133:1,ranged,2,1,0,428,6,6,255,0.9529
167:5,fixed,20,0,1,0,60,0,315,1.0
167:5,placed,20,0,1,0,60,0,435,1.0
167:5,signed,20,0,1,0,60,0,315,1.0
167:5,ranged,20,1,0,428,60,60,255,0.5294
167:5,fixed,10,0,1,0,30,0,285,1.0
167:5,placed,10,0,1,0,30,0,345,1.0
167:5,signed,10,0,1,0,30,0,285,1.0
167:5,ranged,10,1,0,428,30,30,255,0.7647
167:5,fixed,5,0,1,0,15,0,270,1.0
167:5,placed,5,0,1,0,15,0,300,1.0
167:5,signed,5,0,1,0,15,0,270,1.0
167:5,ranged,5,1,0,428,15,15,255,0.8824
167:5,fixed,2,0,1,0,6,0,261,1.0
167:5,placed,2,0,1,0,6,0,273,1.0
167:5,signed,2,0,1,0,6,0,261,1.0
167:5,ranged,2,1,0,428,6,6,255,0.9529
242:1,fixed,20,0,1,0,60,0,315,1.0
242:1,placed,20,0,1,0,60,0,435,1.0
242:1,signed,20,0,1,0,60,0,315,1.0
242:1,ranged,20,1,0,428,60,60,255,0.5294
242:1,fixed,10,0,1,0,30,0,285,1.0
242:1,placed,10,0,1,0,30,0,345,1.0
242:1,signed,10,0,1,0,30,0,285,1.0
242:1,ranged,10,1,0,428,30,30,255,0.7647
242:1,fixed,5,0,1,0,15,0,270,1.0
242:1,placed,5,0,1,0,15,0,300,1.0
242:1,signed,5,0,1,0,15,0,270,1.0
242:1,ranged,5,1,0,428,15,15,255,0.8824
242:1,fixed,2,0,1,0,6,0,261,1.0
242:1,placed,2,0,1,0,6,0,273,1.0
242:1,signed,2,0,1,0,6,0,261,1.0
242:1,ranged,2,1,0,428,6,6,255,0.9529
301:10,fixed,20,0,1,0,60,0,315,1.0
301:10,placed,20,0,1,0,60,0,435,1.0
301:10,signed,20,0,1,0,60,0,315,1.0
301:10,ranged,20,1,0,428,60,60,255,0.5294
301:10,fixed,10,0,1,0,30,0,285,1.0
301:10,placed,10,0,1,0,30,0,345,1.0
301:10,signed,10,0,1,0,30,0,285,1.0
301:10,ranged,10,1,0,428,30,30,255,0.7647
301:10,fixed,5,0,1,0,15,0,270,1.0
301:10,placed,5,0,1,0,15,0,300,1.0
301:10,signed,5,0,1,0,15,0,270,1.0
301:10,ranged,5,1,0,428,15,15,255,0.8824
301:10,fixed,2,0,1,0,6,0,261,1.0
301:10,placed,2,0,1,0,6,0,273,1.0
301:10,signed,2,0,1,0,6,0,261,1.0
301:10,ranged,2,1,0,428,6,6,255,0.9529
352:6,fixed,20,0,1,0,60,0,315,1.0
352:6,placed,20,0,1,0,60,0,435,1.0
352:6,signed,20,0,1,0,60,0,315,1.0
352:6,ranged,20,1,0,428,60,60,255,0.5294
352:6,fixed,10,0,1,0,30,0,285,1.0
352:6,placed,10,0,1,0,30,0,345,1.0
352:6,signed,10,0,1,0,30,0,285,1.0
352:6,ranged,10,1,0,428,30,30,255,0.7647
352:6,fixed,5,0,1,0,15,0,270,1.0
352:6,placed,5,0,1,0,15,0,300,1.0
352:6,signed,5,0,1,0,15,0,270,1.0
352:6,ranged,5,1,0,428,15,15,255,0.8824
352:6,fixed,2,0,1,0,6,0,261,1.0
352:6,placed,2,0,1,0,6,0,273,1.0
352:6,signed,2,0,1,0,6,0,261,1.0
352:6,ranged,2,1,0,428,6,6,255,0.9529
508:3,fixed,20,0,1,0,60,0,315,1.0
508:3,placed,20,0,1,0,60,-60,435,1.0
508:3,signed,20,0,1,0,60,0,315,1.0
508:3,ranged,20,1,0,428,60,60,255,0.5294
508:3,fixed,10,0,1,0,30,0,285,1.0
508:3,placed,10,0,1,0,30,-30,345,1.0
508:3,signed,10,0,1,0,30,0,285,1.0
508:3,ranged,10,1,0,428,30,30,255,0.7647
508:3,fixed,5,0,1,0,15,0,270,1.0
508:3,placed,5,0,1,0,15,-15,300,1.0
508:3,signed,5,0,1,0,15,0,270,1.0
508:3,ranged,5,1,0,428,15,15,255,0.8824
508:3,fixed,2,0,1,0,6,0,261,1.0
508:3,placed,2,0,1,0,6,-6,273,1.0
508:3,signed,2,0,1,0,6,0,261,1.0
508:3,ranged,2,1,0,428,6,6,255,0.9529
525:1,fixed,20,0,1,0,60,0,315,1.0
525:1,placed,20,0,1,0,60,0,435,1.0
525:1,signed,20,0,1,0,60,0,315,1.0
525:1,ranged,20,1,0,428,60,60,255,0.5294
525:1,fixed,10,0,1,0,30,0,285,1.0
525:1,placed,10,0,1,0,30,0,345,1.0
525:1,signed,10,0,1,0,30,0,285,1.0
525:1,ranged,10,1,0,428,30,30,255,0.7647
525:1,fixed,5,0,1,0,15,0,270,1.0
525:1,placed,5,0,1,0,15,0,300,1.0
525:1,signed,5,0,1,0,15,0,270,1.0
525:1,ranged,5,1,0,428,15,15,255,0.8824
525:1,fixed,2,0,1,0,6,0,261,1.0
525:1,placed,2,0,1,0,6,0,273,1.0
525:1,signed,2,0,1,0,6,0,261,1.0
525:1,ranged,2,1,0,428,6,6,255,0.9529
615:2,fixed,20,0,1,0,60,0,311,1.0
615:2,placed,20,0,1,0,60,0,431,1.0
615:2,signed,20,0,1,0,60,0,311,1.0
615:2,ranged,20,1,0,428,60,60,252,0.5294
615:2,fixed,10,0,1,0,30,0,281,1.0
615:2,placed,10,0,1,0,30,0,341,1.0
615:2,signed,10,0,1,0,30,0,281,1.0
615:2,ranged,10,1,0,428,30,30,251,0.7647
615:2,fixed,5,0,1,0,15,0,266,1.0
615:2,placed,5,0,1,0,15,0,296,1.0
615:2,signed,5,0,1,0,15,0,266,1.0
615:2,ranged,5,1,0,428,15,15,251,0.8824
615:2,fixed,2,0,1,0,6,0,257,1.0
615:2,placed,2,0,1,0,6,0,269,1.0
615:2,signed,2,0,1,0,6,0,257,1.0
615:2,ranged,2,1,0,428,6,6,251,0.9529
646:6,fixed,20,0,1,0,60,0,315,1.0
646:6,placed,20,0,1,0,60,-60,435,1.0
646:6,signed,20,0,1,0,60,0,315,1.0
646:6,ranged,20,1,0,428,60,60,255,0.5294
646:6,fixed,10,0,1,0,30,0,285,1.0
646:6,placed,10,0,1,0,30,-30,345,1.0
646:6,signed,10,0,1,0,30,0,285,1.0
646:6,ranged,10,1,0,428,30,30,255,0.7647
646:6,fixed,5,0,1,0,15,0,270,1.0
646:6,placed,5,0,1,0,15,-15,300,1.0
646:6,signed,5,0,1,0,15,0,270,1.0
646:6,ranged,5,1,0,428,15,15,255,0.8824
646:6,fixed,2,0,1,0,6,0,261,1.0
646:6,placed,2,0,1,0,6,-6,273,1.0
646:6,signed,2,0,1,0,6,0,261,1.0
646:6,ranged,2,1,0,428,6,6,255,0.9529
700:10,fixed,20,0,1,0,60,0,315,1.0
700:10,placed,20,0,1,0,60,0,435,1.0
700:10,signed,20,0,1,0,60,0,315,1.0
700:10,ranged,20,1,0,428,60,60,255,0.5294
700:10,fixed,10,0,1,0,30,0,285,1.0
700:10,placed,10,0,1,0,30,0,345,1.0
700:10,signed,10,0,1,0,30,0,285,1.0
700:10,ranged,10,1,0,428,30,30,255,0.7647
700:10,fixed,5,0,1,0,15,0,270,1.0
700:10,placed,5,0,1,0,15,0,300,1.0
700:10,signed,5,0,1,0,15,0,270,1.0
700:10,ranged,5,1,0,428,15,15,255,0.8824
700:10,fixed,2,0,1,0,6,0,261,1.0
700:10,placed,2,0,1,0,6,0,273,1.0
700:10,signed,2,0,1,0,6,0,261,1.0
700:10,ranged,2,1,0,428,6,6,255,0.9529
718:4,fixed,20,0,1,0,60,-59,315,1.0
718:4,placed,20,0,1,0,60,-180,435,1.0
718:4,signed,20,0,1,0,60,-60,315,1.0
718:4,ranged,20,1,0,428,60,0,255,0.5294
718:4,fixed,10,0,1,0,30,-29,285,1.0
718:4,placed,10,0,1,0,30,-90,345,1.0
718:4,signed,10,0,1,0,30,-30,285,1.0
718:4,ranged,10,1,0,428,30,0,255,0.7647
718:4,fixed,5,0,1,0,15,-14,270,1.0
718:4,placed,5,0,1,0,15,-45,300,1.0
718:4,signed,5,0,1,0,15,-15,270,1.0
718:4,ranged,5,1,0,428,15,0,255,0.8824
718:4,fixed,2,0,1,0,6,-5,261,1.0
718:4,placed,2,0,1,0,6,-18,273,1.0
718:4,signed,2,0,1,0,6,-6,261,1.0
718:4,ranged,2,1,0,428,6,0,255,0.9529
742:1,fixed,20,0,1,0,60,0,315,1.0
742:1,placed,20,0,1,0,60,0,435,1.0
742:1,signed,20,0,1,0,60,0,315,1.0
742:1,ranged,20,1,0,428,60,60,255,0.5294
742:1,fixed,10,0,1,0,30,0,285,1.0
742:1,placed,10,0,1,0,30,0,345,1.0
742:1,signed,10,0,1,0,30,0,285,1.0
742:1,ranged,10,1,0,428,30,30,255,0.7647
742:1,fixed,5,0,1,0,15,0,270,1.0
742:1,placed,5,0,1,0,15,0,300,1.0
742:1,signed,5,0,1,0,15,0,270,1.0
742:1,ranged,5,1,0,428,15,15,255,0.8824
742:1,fixed,2,0,1,0,6,0,261,1.0
742:1,placed,2,0,1,0,6,0,273,1.0
742:1,signed,2,0,1,0,6,0,261,1.0
742:1,ranged,2,1,0,428,6,6,255,0.9529
774:4,fixed,20,0,1,0,60,0,315,1.0
774:4,placed,20,0,1,0,60,0,435,1.0
774:4,signed,20,0,1,0,60,0,315,1.0
774:4,ranged,20,1,0,428,60,60,255,0.5294
774:4,fixed,10,0,1,0,30,0,285,1.0
774:4,placed,10,0,1,0,30,0,345,1.0
774:4,signed,10,0,1,0,30,0,285,1.0
774:4,ranged,10,1,0,428,30,30,255,0.7647
774:4,fixed,5,0,1,0,15,0,270,1.0
774:4,placed,5,0,1,0,15,0,300,1.0
774:4,signed,5,0,1,0,15,0,270,1.0
774:4,ranged,5,1,0,428,15,15,255,0.8824
774:4,fixed,2,0,1,0,6,0,261,1.0
774:4,placed,2,0,1,0,6,0,273,1.0
774:4,signed,2,0,1,0,6,0,261,1.0
774:4,ranged,2,1,0,428,6,6,255,0.9529
810:0,fixed,20,0,1,0,60,0,315,1.0
810:0,placed,20,0,1,0,60,0,435,1.0
810:0,signed,20,0,1,0,60,0,315,1.0
810:0,ranged,20,1,0,428,60,60,255,0.5294
810:0,fixed,10,0,1,0,30,0,285,1.0
810:0,placed,10,0,1,0,30,0,345,1.0
810:0,signed,10,0,1,0,30,0,285,1.0
810:0,ranged,10,1,0,428,30,30,255,0.7647
810:0,fixed,5,0,1,0,15,0,270,1.0
810:0,placed,5,0,1,0,15,0,300,1.0
810:0,signed,5,0,1,0,15,0,270,1.0
810:0,ranged,5,1,0,428,15,15,255,0.8824
810:0,fixed,2,0,1,0,6,0,261,1.0
810:0,placed,2,0,1,0,6,0,273,1.0
810:0,signed,2,0,1,0,6,0,261,1.0
810:0,ranged,2,1,0,428,6,6,255,0.9529
876:1,fixed,20,0,1,0,60,-60,315,1.0
876:1,placed,20,0,1,0,60,-180,435,1.0
876:1,signed,20,0,1,0,60,-60,315,1.0
876:1,ranged,20,1,0,428,60,0,255,0.5294
876:1,fixed,10,0,1,0,30,-30,285,1.0
876:1,placed,10,0,1,0,30,-90,345,1.0
876:1,signed,10,0,1,0,30,-30,285,1.0
876:1,ranged,10,1,0,428,30,0,255,0.7647
876:1,fixed,5,0,1,0,15,-15,270,1.0
876:1,placed,5,0,1,0,15,-45,300,1.0
876:1,signed,5,0,1,0,15,-15,270,1.0
876:1,ranged,5,1,0,428,15,0,255,0.8824
876:1,fixed,2,0,1,0,6,-6,261,1.0
876:1,placed,2,0,1,0,6,-18,273,1.0
876:1,signed,2,0,1,0,6,-6,261,1.0
876:1,ranged,2,1,0,428,6,0,255,0.9529
916:2,fixed,20,0,1,0,60,-60,315,1.0
916:2,placed,20,0,1,0,60,-180,435,1.0
916:2,signed,20,0,1,0,60,-60,315,1.0
916:2,ranged,20,1,0,428,60,0,255,0.5294
916:2,fixed,10,0,1,0,30,-30,285,1.0
916:2,placed,10,0,1,0,30,-90,345,1.0
916:2,signed,10,0,1,0,30,-30,285,1.0
916:2,ranged,10,1,0,428,30,0,255,0.7647
916:2,fixed,5,0,1,0,15,-15,270,1.0
916:2,placed,5,0,1,0,15,-45,300,1.0
916:2,signed,5,0,1,0,15,-15,270,1.0
916:2,ranged,5,1,0,428,15,0,255,0.8824
916:2,fixed,2,0,1,0,6,-6,261,1.0
916:2,placed,2,0,1,0,6,-18,273,1.0
916:2,signed,2,0,1,0,6,-6,261,1.0
916:2,ranged,2,1,0,428,6,0,255,0.9529
976:11,fixed,20,0,1,0,60,0,315,1.0
976:11,placed,20,0,1,0,60,-180,435,1.0
976:11,signed,20,0,1,0,60,0,315,1.0
976:11,ranged,20,1,0,428,60,60,255,0.5294
976:11,fixed,10,0,1,0,30,0,285,1.0
976:11,placed,10,0,1,0,30,-90,345,1.0
976:11,signed,10,0,1,0,30,0,285,1.0
976:11,ranged,10,1,0,428,30,30,255,0.7647
976:11,fixed,5,0,1,0,15,0,270,1.0
976:11,placed,5,0,1,0,15,-45,300,1.0
976:11,signed,5,0,1,0,15,0,270,1.0
976:11,ranged,5,1,0,428,15,15,255,0.8824
976:11,fixed,2,0,1,0,6,0,261,1.0
976:11,placed,2,0,1,0,6,-18,273,1.0
976:11,signed,2,0,1,0,6,0,261,1.0
976:11,ranged,2,1,0,428,6,6,255,0.9529
1031:1,fixed,20,0,1,0,60,-60,315,1.0
1031:1,placed,20,0,1,0,60,0,434,1.0
1031:1,signed,20,0,1,0,60,-60,315,1.0
1031:1,ranged,20,1,0,428,60,0,255,0.5294
1031:1,fixed,10,0,1,0,30,-30,285,1.0
1031:1,placed,10,0,1,0,30,0,344,1.0
1031:1,signed,10,0,1,0,30,-30,285,1.0
1031:1,ranged,10,1,0,428,30,0,255,0.7647
1031:1,fixed,5,0,1,0,15,-15,270,1.0
1031:1,placed,5,0,1,0,15,0,299,1.0
1031:1,signed,5,0,1,0,15,-15,270,1.0
1031:1,ranged,5,1,0,428,15,0,255,0.8824
1031:1,fixed,2,0,1,0,6,-6,261,1.0
1031:1,placed,2,0,1,0,6,0,272,1.0
1031:1,signed,2,0,1,0,6,-6,261,1.0
1031:1,ranged,2,1,0,428,6,0,255,0.9529
1071:1,fixed,20,0,1,0,60,-60,315,1.0
1071:1,placed,20,0,1,0,60,0,435,1.0
1071:1,signed,20,0,1,0,60,-60,315,1.0
1071:1,ranged,20,1,0,428,60,0,255,0.5294
1071:1,fixed,10,0,1,0,30,-30,285,1.0
1071:1,placed,10,0,1,0,30,0,345,1.0
1071:1,signed,10,0,1,0,30,-30,285,1.0
1071:1,ranged,10,1,0,428,30,0,255,0.7647
1071:1,fixed,5,0,1,0,15,-15,270,1.0
1071:1,placed,5,0,1,0,15,0,300,1.0
1071:1,signed,5,0,1,0,15,-15,270,1.0
1071:1,ranged,5,1,0,428,15,0,255,0.8824
1071:1,fixed,2,0,1,0,6,-6,261,1.0
1071:1,placed,2,0,1,0,6,0,273,1.0
1071:1,signed,2,0,1,0,6,-6,261,1.0
1071:1,ranged,2,1,0,428,6,0,255,0.9529
1115:10,fixed,20,0,1,0,60,-60,315,1.0
1115:10,placed,20,0,1,0,60,0,435,1.0
1115:10,signed,20,0,1,0,60,-60,315,1.0
1115:10,ranged,20,1,0,428,60,0,255,0.5294
1115:10,fixed,10,0,1,0,30,-30,285,1.0
1115:10,placed,10,0,1,0,30,0,345,1.0
1115:10,signed,10,0,1,0,30,-30,285,1.0
1115:10,ranged,10,1,0,428,30,0,255,0.7647
1115:10,fixed,5,0,1,0,15,-15,270,1.0
1115:10,placed,5,0,1,0,15,0,300,1.0
1115:10,signed,5,0,1,0,15,-15,270,1.0
1115:10,ranged,5,1,0,428,15,0,255,0.8824
1115:10,fixed,2,0,1,0,6,-6,261,1.0
1115:10,placed,2,0,1,0,6,0,273,1.0
1115:10,signed,2,0,1,0,6,-6,261,1.0
1115:10,ranged,2,1,0,428,6,0,255,0.9529
1191:6,fixed,20,0,1,0,60,0,315,1.0
1191:6,placed,20,0,1,0,60,0,435,1.0
1191:6,signed,20,0,1,0,60,0,315,1.0
1191:6,ranged,20,1,0,428,60,60,255,0.5294
1191:6,fixed,10,0,1,0,30,0,285,1.0
1191:6,placed,10,0,1,0,30,0,345,1.0
1191:6,signed,10,0,1,0,30,0,285,1.0
1191:6,ranged,10,1,0,428,30,30,255,0.7647
1191:6,fixed,5,0,1,0,15,0,270,1.0
1191:6,placed,5,0,1,0,15,0,300,1.0
1191:6,signed,5,0,1,0,15,0,270,1.0
1191:6,ranged,5,1,0,428,15,15,255,0.8824
1191:6,fixed,2,0,1,0,6,0,261,1.0
1191:6,placed,2,0,1,0,6,0,273,1.0
1191:6,signed,2,0,1,0,6,0,261,1.0
1191:6,ranged,2,1,0,428,6,6,255,0.9529
1294:6,fixed,20,0,1,0,60,0,315,1.0
1294:6,placed,20,0,1,0,60,0,435,1.0
1294:6,signed,20,0,1,0,60,0,315,1.0
1294:6,ranged,20,1,0,428,60,60,255,0.5294
1294:6,fixed,10,0,1,0,30,0,285,1.0
1294:6,placed,10,0,1,0,30,0,345,1.0
1294:6,signed,10,0,1,0,30,0,285,1.0
1294:6,ranged,10,1,0,428,30,30,255,0.7647
1294:6,fixed,5,0,1,0,15,0,270,1.0
1294:6,placed,5,0,1,0,15,0,300,1.0
1294:6,signed,5,0,1,0,15,0,270,1.0
1294:6,ranged,5,1,0,428,15,15,255,0.8824
1294:6,fixed,2,0,1,0,6,0,261,1.0
1294:6,placed,2,0,1,0,6,0,273,1.0
1294:6,signed,2,0,1,0,6,0,261,1.0
1294:6,ranged,2,1,0,428,6,6,255,0.9529
1341:11,fixed,20,0,1,0,60,0,315,1.0
1341:11,placed,20,0,1,0,60,0,435,1.0
1341:11,signed,20,0,1,0,60,0,315,1.0
1341:11,ranged,20,1,0,428,60,60,255,0.5294
1341:11,fixed,10,0,1,0,30,0,285,1.0
1341:11,placed,10,0,1,0,30,0,345,1.0
1341:11,signed,10,0,1,0,30,0,285,1.0
1341:11,ranged,10,1,0,428,30,30,255,0.7647
1341:11,fixed,5,0,1,0,15,0,270,1.0
1341:11,placed,5,0,1,0,15,0,300,1.0
1341:11,signed,5,0,1,0,15,0,270,1.0
1341:11,ranged,5,1,0,428,15,15,255,0.8824
1341:11,fixed,2,0,1,0,6,0,261,1.0
1341:11,placed,2,0,1,0,6,0,273,1.0
1341:11,signed,2,0,1,0,6,0,261,1.0
1341:11,ranged,2,1,0,428,6,6,255,0.9529
1401:2,fixed,20,0,1,0,60,6,314,1.0
1401:2,placed,20,0,1,0,60,6,434,1.0
1401:2,signed,20,0,1,0,60,6,314,1.0
1401:2,ranged,20,1,0,428,60,63,254,0.5294
1401:2,fixed,10,0,1,0,30,6,284,1.0
1401:2,placed,10,0,1,0,30,6,344,1.0
1401:2,signed,10,0,1,0,30,6,284,1.0
1401:2,ranged,10,1,0,428,30,34,254,0.7647
1401:2,fixed,5,0,1,0,15,6,269,1.0
1401:2,placed,5,0,1,0,15,6,299,1.0
1401:2,signed,5,0,1,0,15,6,269,1.0
1401:2,ranged,5,1,0,428,15,20,254,0.8824
1401:2,fixed,2,0,1,0,6,6,260,1.0
1401:2,placed,2,0,1,0,6,6,272,1.0
1401:2,signed,2,0,1,0,6,6,260,1.0
1401:2,ranged,2,1,0,428,6,11,254,0.9529
1427:5,fixed,20,0,1,0,60,0,315,1.0
1427:5,placed,20,0,1,0,60,0,435,1.0
1427:5,signed,20,0,1,0,60,0,315,1.0
1427:5,ranged,20,1,0,428,60,60,255,0.5294
1427:5,fixed,10,0,1,0,30,0,285,1.0
1427:5,placed,10,0,1,0,30,0,345,1.0
1427:5,signed,10,0,1,0,30,0,285,1.0
1427:5,ranged,10,1,0,428,30,30,255,0.7647
1427:5,fixed,5,0,1,0,15,0,270,1.0
1427:5,placed,5,0,1,0,15,0,300,1.0
1427:5,signed,5,0,1,0,15,0,270,1.0
1427:5,ranged,5,1,0,428,15,15,255,0.8824
1427:5,fixed,2,0,1,0,6,0,261,1.0
1427:5,placed,2,0,1,0,6,0,273,1.0
1427:5,signed,2,0,1,0,6,0,261,1.0
1427:5,ranged,2,1,0,428,6,6,255,0.9529
1482:5,fixed,20,0,1,0,60,0,315,1.0
1482:5,placed,20,0,1,0,60,0,435,1.0
1482:5,signed,20,0,1,0,60,0,315,1.0
1482:5,ranged,20,1,0,428,60,60,255,0.5294
1482:5,fixed,10,0,1,0,30,0,285,1.0
1482:5,placed,10,0,1,0,30,0,345,1.0
1482:5,signed,10,0,1,0,30,0,285,1.0
1482:5,ranged,10,1,0,428,30,30,255,0.7647
1482:5,fixed,5,0,1,0,15,0,270,1.0
1482:5,placed,5,0,1,0,15,0,300,1.0
1482:5,signed,5,0,1,0,15,0,270,1.0
1482:5,ranged,5,1,0,428,15,15,255,0.8824
1482:5,fixed,2,0,1,0,6,0,261,1.0
1482:5,placed,2,0,1,0,6,0,273,1.0
1482:5,signed,2,0,1,0,6,0,261,1.0
1482:5,ranged,2,1,0,428,6,6,255,0.9529
1503:3,fixed,20,0,1,0,60,0,315,1.0
1503:3,placed,20,0,1,0,60,0,435,1.0
1503:3,signed,20,0,1,0,60,0,315,1.0
1503:3,ranged,20,1,0,428,60,60,255,0.5294
1503:3,fixed,10,0,1,0,30,0,285,1.0
1503:3,placed,10,0,1,0,30,0,345,1.0
1503:3,signed,10,0,1,0,30,0,285,1.0
1503:3,ranged,10,1,0,428,30,30,255,0.7647
1503:3,fixed,5,0,1,0,15,0,270,1.0
1503:3,placed,5,0,1,0,15,0,300,1.0
1503:3,signed,5,0,1,0,15,0,270,1.0
1503:3,ranged,5,1,0,428,15,15,255,0.8824
1503:3,fixed,2,0,1,0,6,0,261,1.0
1503:3,placed,2,0,1,0,6,0,273,1.0
1503:3,signed,2,0,1,0,6,0,261,1.0
1503:3,ranged,2,1,0,428,6,6,255,0.9529
1561:2,fixed,20,0,1,0,60,-60,315,1.0
1561:2,placed,20,0,1,0,60,-180,435,1.0
1561:2,signed,20,0,1,0,60,-60,315,1.0
1561:2,ranged,20,1,0,428,60,0,255,0.5294
1561:2,fixed,10,0,1,0,30,-30,285,1.0
1561:2,placed,10,0,1,0,30,-90,345,1.0
1561:2,signed,10,0,1,0,30,-30,285,1.0
1561:2,ranged,10,1,0,428,30,0,255,0.7647
1561:2,fixed,5,0,1,0,15,-15,270,1.0
1561:2,placed,5,0,1,0,15,-45,300,1.0
1561:2,signed,5,0,1,0,15,-15,270,1.0
1561:2,ranged,5,1,0,428,15,0,255,0.8824
1561:2,fixed,2,0,1,0,6,-6,261,1.0
1561:2,placed,2,0,1,0,6,-18,273,1.0
1561:2,signed,2,0,1,0,6,-6,261,1.0
1561:2,ranged,2,1,0,428,6,0,255,0.9529
1625:7,fixed,20,0,1,0,60,-60,315,1.0
1625:7,placed,20,0,1,0,60,-180,435,1.0
1625:7,signed,20,0,1,0,60,-60,315,1.0
1625:7,ranged,20,1,0,428,60,0,255,0.5294
1625:7,fixed,10,0,1,0,30,-30,285,1.0
1625:7,placed,10,0,1,0,30,-90,345,1.0
1625:7,signed,10,0,1,0,30,-30,285,1.0
1625:7,ranged,10,1,0,428,30,0,255,0.7647
1625:7,fixed,5,0,1,0,15,-15,270,1.0
1625:7,placed,5,0,1,0,15,-45,300,1.0
1625:7,signed,5,0,1,0,15,-15,270,1.0
1625:7,ranged,5,1,0,428,15,0,255,0.8824
1625:7,fixed,2,0,1,0,6,-6,261,1.0
1625:7,placed,2,0,1,0,6,-18,273,1.0
1625:7,signed,2,0,1,0,6,-6,261,1.0
1625:7,ranged,2,1,0,428,6,0,255,0.9529
1679:4,fixed,20,0,1,0,60,0,315,1.0
1679:4,placed,20,0,1,0,60,0,435,1.0
1679:4,signed,20,0,1,0,60,0,315,1.0
1679:4,ranged,20,1,0,428,60,60,255,0.5294
1679:4,fixed,10,0,1,0,30,0,285,1.0
1679:4,placed,10,0,1,0,30,0,345,1.0
1679:4,signed,10,0,1,0,30,0,285,1.0
1679:4,ranged,10,1,0,428,30,30,255,0.7647
1679:4,fixed,5,0,1,0,15,0,270,1.0
1679:4,placed,5,0,1,0,15,0,300,1.0
1679:4,signed,5,0,1,0,15,0,270,1.0
1679:4,ranged,5,1,0,428,15,15,255,0.8824
1679:4,fixed,2,0,1,0,6,0,261,1.0
1679:4,placed,2,0,1,0,6,0,273,1.0
1679:4,signed,2,0,1,0,6,0,261,1.0
1679:4,ranged,2,1,0,428,6,6,255,0.9529
1765:6,fixed,20,0,1,0,60,0,315,1.0
1765:6,placed,20,0,1,0,60,0,435,1.0
1765:6,signed,20,0,1,0,60,0,315,1.0
1765:6,ranged,20,1,0,428,60,60,255,0.5294
1765:6,fixed,10,0,1,0,30,0,285,1.0
1765:6,placed,10,0,1,0,30,0,345,1.0
1765:6,signed,10,0,1,0,30,0,285,1.0
1765:6,ranged,10,1,0,428,30,30,255,0.7647
1765:6,fixed,5,0,1,0,15,0,270,1.0
1765:6,placed,5,0,1,0,15,0,300,1.0
1765:6,signed,5,0,1,0,15,0,270,1.0
1765:6,ranged,5,1,0,428,15,15,255,0.8824
1765:6,fixed,2,0,1,0,6,0,261,1.0
1765:6,placed,2,0,1,0,6,0,273,1.0
1765:6,signed,2,0,1,0,6,0,261,1.0
1765:6,ranged,2,1,0,428,6,6,255,0.9529
1799:1,fixed,20,0,1,0,60,0,315,1.0
1799:1,placed,20,0,1,0,60,0,435,1.0
1799:1,signed,20,0,1,0,60,0,315,1.0
1799:1,ranged,20,1,0,428,60,60,255,0.5294
1799:1,fixed,10,0,1,0,30,0,285,1.0
1799:1,placed,10,0,1,0,30,0,345,1.0
1799:1,signed,10,0,1,0,30,0,285,1.0
1799:1,ranged,10,1,0,428,30,30,255,0.7647
1799:1,fixed,5,0,1,0,15,0,270,1.0
1799:1,placed,5,0,1,0,15,0,300,1.0
1799:1,signed,5,0,1,0,15,0,270,1.0
1799:1,ranged,5,1,0,428,15,15,255,0.8824
1799:1,fixed,2,0,1,0,6,0,261,1.0
1799:1,placed,2,0,1,0,6,0,273,1.0
1799:1,signed,2,0,1,0,6,0,261,1.0
1799:1,ranged,2,1,0,428,6,6,255,0.9529
1877:8,fixed,20,0,1,0,60,0,315,1.0
1877:8,placed,20,0,1,0,60,0,435,1.0
1877:8,signed,20,0,1,0,60,0,315,1.0
1877:8,ranged,20,1,0,428,60,60,255,0.5294
1877:8,fixed,10,0,1,0,30,0,285,1.0
1877:8,placed,10,0,1,0,30,0,345,1.0
1877:8,signed,10,0,1,0,30,0,285,1.0
1877:8,ranged,10,1,0,428,30,30,255,0.7647
1877:8,fixed,5,0,1,0,15,0,270,1.0
1877:8,placed,5,0,1,0,15,0,300,1.0
1877:8,signed,5,0,1,0,15,0,270,1.0
1877:8,ranged,5,1,0,428,15,15,255,0.8824
1877:8,fixed,2,0,1,0,6,0,261,1.0
1877:8,placed,2,0,1,0,6,0,273,1.0
1877:8,signed,2,0,1,0,6,0,261,1.0
1877:8,ranged,2,1,0,428,6,6,255,0.9529
2023:5,fixed,20,0,1,0,60,0,315,1.0
2023:5,placed,20,0,1,0,60,0,435,1.0
2023:5,signed,20,0,1,0,60,0,315,1.0
2023:5,ranged,20,1,0,428,60,60,255,0.5294
2023:5,fixed,10,0,1,0,30,0,285,1.0
2023:5,placed,10,0,1,0,30,0,345,1.0
2023:5,signed,10,0,1,0,30,0,285,1.0
2023:5,ranged,10,1,0,428,30,30,255,0.7647
2023:5,fixed,5,0,1,0,15,0,270,1.0
2023:5,placed,5,0,1,0,15,0,300,1.0
2023:5,signed,5,0,1,0,15,0,270,1.0
2023:5,ranged,5,1,0,428,15,15,255,0.8824
2023:5,fixed,2,0,1,0,6,0,261,1.0
2023:5,placed,2,0,1,0,6,0,273,1.0
2023:5,signed,2,0,1,0,6,0,261,1.0
2023:5,ranged,2,1,0,428,6,6,255,0.9529
2081:1,fixed,20,0,1,0,60,0,315,1.0
2081:1,placed,20,0,1,0,60,-60,435,1.0
2081:1,signed,20,0,1,0,60,0,315,1.0
2081:1,ranged,20,1,0,428,60,60,255,0.5294
2081:1,fixed,10,0,1,0,30,0,285,1.0
2081:1,placed,10,0,1,0,30,-30,345,1.0
2081:1,signed,10,0,1,0,30,0,285,1.0
2081:1,ranged,10,1,0,428,30,30,255,0.7647
2081:1,fixed,5,0,1,0,15,0,270,1.0
2081:1,placed,5,0,1,0,15,-15,300,1.0
2081:1,signed,5,0,1,0,15,0,270,1.0
2081:1,ranged,5,1,0,428,15,15,255,0.8824
2081:1,fixed,2,0,1,0,6,0,261,1.0
2081:1,placed,2,0,1,0,6,-6,273,1.0
2081:1,signed,2,0,1,0,6,0,261,1.0
2081:1,ranged,2,1,0,428,6,6,255,0.9529
2114:0,fixed,20,0,1,0,60,0,315,1.0
2114:0,placed,20,0,1,0,60,0,435,1.0
2114:0,signed,20,0,1,0,60,0,315,1.0
2114:0,ranged,20,1,0,428,60,60,255,0.5294
2114:0,fixed,10,0,1,0,30,0,285,1.0
2114:0,placed,10,0,1,0,30,0,345,1.0
2114:0,signed,10,0,1,0,30,0,285,1.0
2114:0,ranged,10,1,0,428,30,30,255,0.7647
2114:0,fixed,5,0,1,0,15,0,270,1.0
2114:0,placed,5,0,1,0,15,0,300,1.0
2114:0,signed,5,0,1,0,15,0,270,1.0
2114:0,ranged,5,1,0,428,15,15,255,0.8824
2114:0,fixed,2,0,1,0,6,0,261,1.0
2114:0,placed,2,0,1,0,6,0,273,1.0
2114:0,signed,2,0,1,0,6,0,261,1.0
2114:0,ranged,2,1,0,428,6,6,255,0.9529
2147:7,fixed,20,0,1,0,60,0,315,1.0
2147:7,placed,20,0,1,0,60,-120,435,1.0
2147:7,signed,20,0,1,0,60,0,315,1.0
2147:7,ranged,20,1,0,428,60,60,255,0.5294
2147:7,fixed,10,0,1,0,30,0,285,1.0
2147:7,placed,10,0,1,0,30,-60,345,1.0
2147:7,signed,10,0,1,0,30,0,285,1.0
2147:7,ranged,10,1,0,428,30,30,255,0.7647
2147:7,fixed,5,0,1,0,15,0,270,1.0
2147:7,placed,5,0,1,0,15,-30,300,1.0
2147:7,signed,5,0,1,0,15,0,270,1.0
2147:7,ranged,5,1,0,428,15,15,255,0.8824
2147:7,fixed,2,0,1,0,6,0,261,1.0
2147:7,placed,2,0,1,0,6,-12,273,1.0
2147:7,signed,2,0,1,0,6,0,261,1.0
2147:7,ranged,2,1,0,428,6,6,255,0.9529
2179:2,fixed,20,0,1,0,60,-60,315,1.0
2179:2,placed,20,0,1,0,60,-51,309,1.0
2179:2,signed,20,0,1,0,60,-60,315,1.0
2179:2,ranged,20,1,0,428,60,0,255,0.5294
2179:2,fixed,10,0,1,0,30,-30,285,1.0
2179:2,placed,10,1,0,428,30,0,255,1.0
2179:2,signed,10,0,1,0,30,-30,285,1.0
2179:2,ranged,10,1,0,428,30,0,255,0.7647
2179:2,fixed,5,0,1,0,15,-15,270,1.0
2179:2,placed,5,1,0,428,15,0,255,1.0
2179:2,signed,5,0,1,0,15,-15,270,1.0
2179:2,ranged,5,1,0,428,15,0,255,0.8824
2179:2,fixed,2,0,1,0,6,-6,261,1.0
2179:2,placed,2,1,0,428,6,0,255,1.0
2179:2,signed,2,0,1,0,6,-6,261,1.0
2179:2,ranged,2,1,0,428,6,0,255,0.9529
2250:2,fixed,20,0,1,0,60,0,315,1.0
2250:2,placed,20,0,1,0,60,0,435,1.0
2250:2,signed,20,0,1,0,60,0,315,1.0
2250:2,ranged,20,1,0,428,60,60,255,0.5294
2250:2,fixed,10,0,1,0,30,0,285,1.0
2250:2,placed,10,0,1,0,30,0,345,1.0
2250:2,signed,10,0,1,0,30,0,285,1.0
2250:2,ranged,10,1,0,428,30,30,255,0.7647
2250:2,fixed,5,0,1,0,15,0,270,1.0
2250:2,placed,5,0,1,0,15,0,300,1.0
2250:2,signed,5,0,1,0,15,0,270,1.0
2250:2,ranged,5,1,0,428,15,15,255,0.8824
2250:2,fixed,2,0,1,0,6,0,261,1.0
2250:2,placed,2,0,1,0,6,0,273,1.0
2250:2,signed,2,0,1,0,6,0,261,1.0
2250:2,ranged,2,1,0,428,6,6,255,0.9529
2322:6,fixed,20,0,1,0,60,0,315,1.0
2322:6,placed,20,0,1,0,60,0,435,1.0
2322:6,signed,20,0,1,0,60,0,315,1.0
2322:6,ranged,20,1,0,428,60,60,255,0.5294
2322:6,fixed,10,0,1,0,30,0,285,1.0
2322:6,placed,10,0,1,0,30,0,345,1.0
2322:6,signed,10,0,1,0,30,0,285,1.0
2322:6,ranged,10,1,0,428,30,30,255,0.7647
2322:6,fixed,5,0,1,0,15,0,270,1.0
2322:6,placed,5,0,1,0,15,0,300,1.0
2322:6,signed,5,0,1,0,15,0,270,1.0
2322:6,ranged,5,1,0,428,15,15,255,0.8824
2322:6,fixed,2,0,1,0,6,0,261,1.0
2322:6,placed,2,0,1,0,6,0,273,1.0
2322:6,signed,2,0,1,0,6,0,261,1.0
2322:6,ranged,2,1,0,428,6,6,255,0.9529
2338:6,fixed,20,0,1,0,60,0,315,1.0
2338:6,placed,20,0,1,0,60,0,435,1.0
2338:6,signed,20,0,1,0,60,0,315,1.0
2338:6,ranged,20,1,0,428,60,60,255,0.5294
2338:6,fixed,10,0,1,0,30,0,285,1.0
2338:6,placed,10,0,1,0,30,0,345,1.0
2338:6,signed,10,0,1,0,30,0,285,1.0
2338:6,ranged,10,1,0,428,30,30,255,0.7647
2338:6,fixed,5,0,1,0,15,0,270,1.0
2338:6,placed,5,0,1,0,15,0,300,1.0
2338:6,signed,5,0,1,0,15,0,270,1.0
2338:6,ranged,5,1,0,428,15,15,255,0.8824
2338:6,fixed,2,0,1,0,6,0,261,1.0
2338:6,placed,2,0,1,0,6,0,273,1.0
2338:6,signed,2,0,1,0,6,0,261,1.0
2338:6,ranged,2,1,0,428,6,6,255,0.9529
2413:5,fixed,20,0,1,0,60,0,315,1.0
2413:5,placed,20,0,1,0,60,0,435,1.0
2413:5,signed,20,0,1,0,60,0,315,1.0
2413:5,ranged,20,1,0,428,60,60,255,0.5294
2413:5,fixed,10,0,1,0,30,0,285,1.0
2413:5,placed,10,0,1,0,30,0,345,1.0
2413:5,signed,10,0,1,0,30,0,285,1.0
2413:5,ranged,10,1,0,428,30,30,255,0.7647
2413:5,fixed,5,0,1,0,15,0,270,1.0
2413:5,placed,5,0,1,0,15,0,300,1.0
2413:5,signed,5,0,1,0,15,0,270,1.0
2413:5,ranged,5,1,0,428,15,15,255,0.8824
2413:5,fixed,2,0,1,0,6,0,261,1.0
2413:5,placed,2,0,1,0,6,0,273,1.0
2413:5,signed,2,0,1,0,6,0,261,1.0
2413:5,ranged,2,1,0,428,6,6,255,0.9529
2461:3,fixed,20,0,1,0,60,0,315,1.0
2461:3,placed,20,0,1,0,60,0,435,1.0
2461:3,signed,20,0,1,0,60,0,315,1.0
2461:3,ranged,20,1,0,428,60,60,255,0.5294
2461:3,fixed,10,0,1,0,30,0,285,1.0
2461:3,placed,10,0,1,0,30,0,345,1.0
2461:3,signed,10,0,1,0,30,0,285,1.0
2461:3,ranged,10,1,0,428,30,30,255,0.7647
2461:3,fixed,5,0,1,0,15,0,270,1.0
2461:3,placed,5,0,1,0,15,0,300,1.0
2461:3,signed,5,0,1,0,15,0,270,1.0
2461:3,ranged,5,1,0,428,15,15,255,0.8824
2461:3,fixed,2,0,1,0,6,0,261,1.0
2461:3,placed,2,0,1,0,6,0,273,1.0
2461:3,signed,2,0,1,0,6,0,261,1.0
2461:3,ranged,2,1,0,428,6,6,255,0.9529
2524:21,fixed,20,0,1,0,60,0,315,1.0
2524:21,placed,20,0,1,0,60,0,435,1.0
2524:21,signed,20,0,1,0,60,0,315,1.0
2524:21,ranged,20,1,0,428,60,60,255,0.5294
2524:21,fixed,10,0,1,0,30,0,285,1.0
2524:21,placed,10,0,1,0,30,0,345,1.0
2524:21,signed,10,0,1,0,30,0,285,1.0
2524:21,ranged,10,1,0,428,30,30,255,0.7647
2524:21,fixed,5,0,1,0,15,0,270,1.0
2524:21,placed,5,0,1,0,15,0,300,1.0
2524:21,signed,5,0,1,0,15,0,270,1.0
2524:21,ranged,5,1,0,428,15,15,255,0.8824
2524:21,fixed,2,0,1,0,6,0,261,1.0
2524:21,placed,2,0,1,0,6,0,273,1.0
2524:21,signed,2,0,1,0,6,0,261,1.0
2524:21,ranged,2,1,0,428,6,6,255,0.9529
2648:2,fixed,20,0,1,0,60,0,315,1.0
2648:2,placed,20,0,1,0,60,0,435,1.0
2648:2,signed,20,0,1,0,60,0,315,1.0
2648:2,ranged,20,1,0,428,60,60,255,0.5294
2648:2,fixed,10,0,1,0,30,0,285,1.0
2648:2,placed,10,0,1,0,30,0,345,1.0
2648:2,signed,10,0,1,0,30,0,285,1.0
2648:2,ranged,10,1,0,428,30,30,255,0.7647
2648:2,fixed,5,0,1,0,15,0,270,1.0
2648:2,placed,5,0,1,0,15,0,300,1.0
2648:2,signed,5,0,1,0,15,0,270,1.0
2648:2,ranged,5,1,0,428,15,15,255,0.8824
2648:2,fixed,2,0,1,0,6,0,261,1.0
2648:2,placed,2,0,1,0,6,0,273,1.0
2648:2,signed,2,0,1,0,6,0,261,1.0
2648:2,ranged,2,1,0,428,6,6,255,0.9529
2703:8,fixed,20,0,1,0,60,0,315,1.0
2703:8,placed,20,0,1,0,60,-120,435,1.0
2703:8,signed,20,0,1,0,60,0,315,1.0
2703:8,ranged,20,1,0,428,60,60,255,0.5294
2703:8,fixed,10,0,1,0,30,0,285,1.0
2703:8,placed,10,0,1,0,30,-60,345,1.0
2703:8,signed,10,0,1,0,30,0,285,1.0
2703:8,ranged,10,1,0,428,30,30,255,0.7647
2703:8,fixed,5,0,1,0,15,0,270,1.0
2703:8,placed,5,0,1,0,15,-30,300,1.0
2703:8,signed,5,0,1,0,15,0,270,1.0
2703:8,ranged,5,1,0,428,15,15,255,0.8824
2703:8,fixed,2,0,1,0,6,0,261,1.0
2703:8,placed,2,0,1,0,6,-12,273,1.0
2703:8,signed,2,0,1,0,6,0,261,1.0
2703:8,ranged,2,1,0,428,6,6,255,0.9529
2786:6,fixed,20,0,1,0,60,0,315,1.0
2786:6,placed,20,0,1,0,60,-180,435,1.0
2786:6,signed,20,0,1,0,60,0,315,1.0
2786:6,ranged,20,1,0,428,60,60,255,0.5294
2786:6,fixed,10,0,1,0,30,0,285,1.0
2786:6,placed,10,0,1,0,30,-90,345,1.0
2786:6,signed,10,0,1,0,30,0,285,1.0
2786:6,ranged,10,1,0,428,30,30,255,0.7647
2786:6,fixed,5,0,1,0,15,0,270,1.0
2786:6,placed,5,0,1,0,15,-45,300,1.0
2786:6,signed,5,0,1,0,15,0,270,1.0
2786:6,ranged,5,1,0,428,15,15,255,0.8824
2786:6,fixed,2,0,1,0,6,0,261,1.0
2786:6,placed,2,0,1,0,6,-18,273,1.0
2786:6,signed,2,0,1,0,6,0,261,1.0
2786:6,ranged,2,1,0,428,6,6,255,0.9529
2825:0,fixed,20,0,1,0,60,-22,315,1.0
2825:0,placed,20,0,1,0,60,-22,355,1.0
2825:0,signed,20,0,1,0,60,-22,315,1.0
2825:0,ranged,20,1,0,428,60,20,255,0.5294
2825:0,fixed,10,0,1,0,30,0,285,1.0
2825:0,placed,10,0,1,0,30,0,295,1.0
2825:0,signed,10,0,1,0,30,0,285,1.0
2825:0,ranged,10,1,0,428,30,29,255,0.7647
2825:0,fixed,5,0,1,0,15,0,270,1.0
2825:0,placed,5,0,1,0,15,0,265,1.0
2825:0,signed,5,0,1,0,15,0,270,1.0
2825:0,ranged,5,1,0,428,15,15,255,0.8824
2825:0,fixed,2,0,1,0,6,0,261,1.0
2825:0,placed,2,1,0,428,6,0,255,1.0
2825:0,signed,2,0,1,0,6,0,261,1.0
2825:0,ranged,2,1,0,428,6,6,255,0.9529
2863:3,fixed,20,0,1,0,60,-60,315,1.0
2863:3,placed,20,0,1,0,60,-180,435,1.0
2863:3,signed,20,0,1,0,60,-60,315,1.0
2863:3,ranged,20,1,0,428,60,0,255,0.5294
2863:3,fixed,10,0,1,0,30,-30,285,1.0
2863:3,placed,10,0,1,0,30,-90,345,1.0
2863:3,signed,10,0,1,0,30,-30,285,1.0
2863:3,ranged,10,1,0,428,30,0,255,0.7647
2863:3,fixed,5,0,1,0,15,-15,270,1.0
2863:3,placed,5,0,1,0,15,-45,300,1.0
2863:3,signed,5,0,1,0,15,-15,270,1.0
2863:3,ranged,5,1,0,428,15,0,255,0.8824
2863:3,fixed,2,0,1,0,6,-6,261,1.0
2863:3,placed,2,0,1,0,6,-18,273,1.0
2863:3,signed,2,0,1,0,6,-6,261,1.0
2863:3,ranged,2,1,0,428,6,0,255,0.9529
