router,features,seed,pair,native_action,nonstop_action
ridge,proj,0,0,stop,rea
ridge,proj,0,1,stop,rea
ridge,proj,0,2,stop,rea
ridge,proj,0,3,stop,rea
ridge,proj,0,4,stop,rea
ridge,proj,0,5,stop,rea
ridge,proj,0,6,stop,rea
ridge,proj,0,7,stop,rea
ridge,proj,0,8,stop,rea
ridge,proj,0,9,stop,rea
ridge,proj,0,10,stop,rea
ridge,proj,0,11,stop,rea
ridge,proj,0,12,stop,rea
ridge,proj,0,13,stop,rea
ridge,proj,0,14,stop,rea
ridge,proj,0,15,stop,rea
ridge,proj,0,16,stop,rea
ridge,proj,0,17,stop,rea
ridge,proj,0,18,stop,rea
ridge,proj,0,19,stop,rea
ridge,proj,0,20,stop,rea
ridge,proj,0,21,stop,rea
ridge,proj,0,22,stop,rea
ridge,proj,0,23,stop,rea
ridge,proj,0,24,stop,rea
ridge,proj,0,25,stop,rea
ridge,proj,0,26,stop,rea
ridge,proj,0,27,stop,rea
ridge,proj,0,28,stop,rea
ridge,proj,0,29,stop,rea
ridge,proj,0,30,stop,rea
ridge,proj,0,31,stop,rea
ridge,proj,0,32,stop,rea
ridge,proj,0,33,stop,rea
ridge,proj,0,34,stop,rea
ridge,proj,0,35,stop,rea
ridge,proj,0,36,stop,rea
ridge,proj,0,37,stop,rea
ridge,proj,0,38,stop,rea
ridge,proj,0,39,stop,rea
ridge,proj,1,0,stop,rea
ridge,proj,1,1,stop,rea
ridge,proj,1,2,stop,rea
ridge,proj,1,3,stop,rea
ridge,proj,1,4,stop,rea
ridge,proj,1,5,stop,rea
ridge,proj,1,6,stop,rea
ridge,proj,1,7,stop,rea
ridge,proj,1,8,stop,rea
ridge,proj,1,9,stop,rea
ridge,proj,1,10,stop,rea
ridge,proj,1,11,stop,rea
ridge,proj,1,12,stop,rea
ridge,proj,1,13,stop,rea
ridge,proj,1,14,stop,rea
ridge,proj,1,15,stop,rea
ridge,proj,1,16,stop,rea
ridge,proj,1,17,stop,rea
ridge,proj,1,18,stop,rea
ridge,proj,1,19,stop,rea
ridge,proj,1,20,stop,rea
ridge,proj,1,21,stop,rea
ridge,proj,1,22,stop,rea
ridge,proj,1,23,stop,rea
ridge,proj,1,24,stop,rea
ridge,proj,1,25,stop,rea
ridge,proj,1,26,stop,rea
ridge,proj,1,27,stop,rea
ridge,proj,1,28,stop,rea
ridge,proj,1,29,stop,rea
ridge,proj,1,30,stop,rea
ridge,proj,1,31,stop,rea
ridge,proj,1,32,stop,rea
ridge,proj,1,33,stop,rea
ridge,proj,1,34,stop,rea
ridge,proj,1,35,stop,rea
ridge,proj,1,36,stop,rea
ridge,proj,1,37,stop,rea
ridge,proj,1,38,stop,rea
ridge,proj,1,39,stop,rea
gbt,proj,0,0,att,att
gbt,proj,0,1,enc,enc
gbt,proj,0,2,att,att
gbt,proj,0,3,enc,enc
gbt,proj,0,4,enc,enc
gbt,proj,0,5,att,att
gbt,proj,0,6,stop,rea
gbt,proj,0,7,att,att
gbt,proj,0,8,enc,enc
gbt,proj,0,9,enc,enc
gbt,proj,0,10,att,att
gbt,proj,0,11,enc,enc
gbt,proj,0,12,enc,enc
gbt,proj,0,13,stop,enc
gbt,proj,0,14,att,att
gbt,proj,0,15,enc,enc
gbt,proj,0,16,att,att
gbt,proj,0,17,enc,enc
gbt,proj,0,18,att,att
gbt,proj,0,19,att,att
gbt,proj,0,20,enc,enc
gbt,proj,0,21,att,att
gbt,proj,0,22,enc,enc
gbt,proj,0,23,att,att
gbt,proj,0,24,enc,enc
gbt,proj,0,25,att,att
gbt,proj,0,26,stop,att
gbt,proj,0,27,enc,enc
gbt,proj,0,28,enc,enc
gbt,proj,0,29,enc,enc
gbt,proj,0,30,enc,enc
gbt,proj,0,31,enc,enc
gbt,proj,0,32,rea,rea
gbt,proj,0,33,stop,att
gbt,proj,0,34,att,att
gbt,proj,0,35,att,att
gbt,proj,0,36,enc,enc
gbt,proj,0,37,att,att
gbt,proj,0,38,enc,enc
gbt,proj,0,39,att,att
gbt,proj,1,0,enc,enc
gbt,proj,1,1,att,att
gbt,proj,1,2,att,att
gbt,proj,1,3,att,att
gbt,proj,1,4,att,att
gbt,proj,1,5,att,att
gbt,proj,1,6,att,att
gbt,proj,1,7,stop,att
gbt,proj,1,8,enc,enc
gbt,proj,1,9,enc,enc
gbt,proj,1,10,enc,enc
gbt,proj,1,11,enc,enc
gbt,proj,1,12,att,att
gbt,proj,1,13,stop,att
gbt,proj,1,14,enc,enc
gbt,proj,1,15,stop,rea
gbt,proj,1,16,enc,enc
gbt,proj,1,17,rea,rea
gbt,proj,1,18,enc,enc
gbt,proj,1,19,att,att
gbt,proj,1,20,att,att
gbt,proj,1,21,enc,enc
gbt,proj,1,22,enc,enc
gbt,proj,1,23,enc,enc
gbt,proj,1,24,att,att
gbt,proj,1,25,att,att
gbt,proj,1,26,att,att
gbt,proj,1,27,att,att
gbt,proj,1,28,att,att
gbt,proj,1,29,att,att
gbt,proj,1,30,stop,att
gbt,proj,1,31,enc,enc
gbt,proj,1,32,att,att
gbt,proj,1,33,enc,enc
gbt,proj,1,34,enc,enc
gbt,proj,1,35,att,att
gbt,proj,1,36,rea,rea
gbt,proj,1,37,stop,enc
gbt,proj,1,38,att,att
gbt,proj,1,39,enc,enc
ridge,enc,0,0,rea,rea
ridge,enc,0,1,rea,rea
ridge,enc,0,2,rea,rea
ridge,enc,0,3,rea,rea
ridge,enc,0,4,rea,rea
ridge,enc,0,5,rea,rea
ridge,enc,0,6,rea,rea
ridge,enc,0,7,rea,rea
ridge,enc,0,8,rea,rea
ridge,enc,0,9,rea,rea
ridge,enc,0,10,rea,rea
ridge,enc,0,11,rea,rea
ridge,enc,0,12,rea,rea
ridge,enc,0,13,rea,rea
ridge,enc,0,14,rea,rea
ridge,enc,0,15,rea,rea
ridge,enc,0,16,rea,rea
ridge,enc,0,17,rea,rea
ridge,enc,0,18,rea,rea
ridge,enc,0,19,rea,rea
ridge,enc,0,20,rea,rea
ridge,enc,0,21,rea,rea
ridge,enc,0,22,rea,rea
ridge,enc,0,23,rea,rea
ridge,enc,0,24,rea,rea
ridge,enc,0,25,rea,rea
ridge,enc,0,26,rea,rea
ridge,enc,0,27,rea,rea
ridge,enc,0,28,rea,rea
ridge,enc,0,29,rea,rea
ridge,enc,0,30,rea,rea
ridge,enc,0,31,rea,rea
ridge,enc,0,32,rea,rea
ridge,enc,0,33,rea,rea
ridge,enc,0,34,rea,rea
ridge,enc,0,35,rea,rea
ridge,enc,0,36,rea,rea
ridge,enc,0,37,rea,rea
ridge,enc,0,38,rea,rea
ridge,enc,0,39,rea,rea
ridge,enc,1,0,rea,rea
ridge,enc,1,1,rea,rea
ridge,enc,1,2,rea,rea
ridge,enc,1,3,rea,rea
ridge,enc,1,4,rea,rea
ridge,enc,1,5,rea,rea
ridge,enc,1,6,rea,rea
ridge,enc,1,7,rea,rea
ridge,enc,1,8,rea,rea
ridge,enc,1,9,rea,rea
ridge,enc,1,10,rea,rea
ridge,enc,1,11,rea,rea
ridge,enc,1,12,rea,rea
ridge,enc,1,13,rea,rea
ridge,enc,1,14,rea,rea
ridge,enc,1,15,rea,rea
ridge,enc,1,16,rea,rea
ridge,enc,1,17,rea,rea
ridge,enc,1,18,rea,rea
ridge,enc,1,19,rea,rea
ridge,enc,1,20,rea,rea
ridge,enc,1,21,rea,rea
ridge,enc,1,22,rea,rea
ridge,enc,1,23,rea,rea
ridge,enc,1,24,rea,rea
ridge,enc,1,25,rea,rea
ridge,enc,1,26,rea,rea
ridge,enc,1,27,rea,rea
ridge,enc,1,28,rea,rea
ridge,enc,1,29,rea,rea
ridge,enc,1,30,rea,rea
ridge,enc,1,31,rea,rea
ridge,enc,1,32,rea,rea
ridge,enc,1,33,rea,rea
ridge,enc,1,34,rea,rea
ridge,enc,1,35,rea,rea
ridge,enc,1,36,rea,rea
ridge,enc,1,37,rea,rea
ridge,enc,1,38,rea,rea
ridge,enc,1,39,rea,rea
gbt,enc,0,0,enc,enc
gbt,enc,0,1,enc,enc
gbt,enc,0,2,enc,enc
gbt,enc,0,3,enc,enc
gbt,enc,0,4,enc,enc
gbt,enc,0,5,enc,enc
gbt,enc,0,6,rea,rea
gbt,enc,0,7,stop,enc
gbt,enc,0,8,enc,enc
gbt,enc,0,9,enc,enc
gbt,enc,0,10,enc,enc
gbt,enc,0,11,enc,enc
gbt,enc,0,12,enc,enc
gbt,enc,0,13,enc,enc
gbt,enc,0,14,stop,enc
gbt,enc,0,15,enc,enc
gbt,enc,0,16,enc,enc
gbt,enc,0,17,enc,enc
gbt,enc,0,18,enc,enc
gbt,enc,0,19,stop,enc
gbt,enc,0,20,enc,enc
gbt,enc,0,21,enc,enc
gbt,enc,0,22,enc,enc
gbt,enc,0,23,enc,enc
gbt,enc,0,24,enc,enc
gbt,enc,0,25,stop,enc
gbt,enc,0,26,enc,enc
gbt,enc,0,27,enc,enc
gbt,enc,0,28,enc,enc
gbt,enc,0,29,enc,enc
gbt,enc,0,30,enc,enc
gbt,enc,0,31,enc,enc
gbt,enc,0,32,rea,rea
gbt,enc,0,33,enc,enc
gbt,enc,0,34,enc,enc
gbt,enc,0,35,stop,enc
gbt,enc,0,36,enc,enc
gbt,enc,0,37,enc,enc
gbt,enc,0,38,stop,enc
gbt,enc,0,39,enc,enc
gbt,enc,1,0,enc,enc
gbt,enc,1,1,enc,enc
gbt,enc,1,2,enc,enc
gbt,enc,1,3,enc,enc
gbt,enc,1,4,enc,enc
gbt,enc,1,5,enc,enc
gbt,enc,1,6,enc,enc
gbt,enc,1,7,rea,rea
gbt,enc,1,8,enc,enc
gbt,enc,1,9,enc,enc
gbt,enc,1,10,stop,rea
gbt,enc,1,11,enc,enc
gbt,enc,1,12,enc,enc
gbt,enc,1,13,enc,enc
gbt,enc,1,14,enc,enc
gbt,enc,1,15,att,att
gbt,enc,1,16,stop,enc
gbt,enc,1,17,enc,enc
gbt,enc,1,18,enc,enc
gbt,enc,1,19,enc,enc
gbt,enc,1,20,enc,enc
gbt,enc,1,21,stop,enc
gbt,enc,1,22,enc,enc
gbt,enc,1,23,enc,enc
gbt,enc,1,24,enc,enc
gbt,enc,1,25,enc,enc
gbt,enc,1,26,enc,enc
gbt,enc,1,27,enc,enc
gbt,enc,1,28,enc,enc
gbt,enc,1,29,enc,enc
gbt,enc,1,30,stop,enc
gbt,enc,1,31,rea,rea
gbt,enc,1,32,enc,enc
gbt,enc,1,33,enc,enc
gbt,enc,1,34,enc,enc
gbt,enc,1,35,enc,enc
gbt,enc,1,36,enc,enc
gbt,enc,1,37,enc,enc
gbt,enc,1,38,enc,enc
gbt,enc,1,39,enc,enc
ridge,proj+enc,0,0,stop,rea
ridge,proj+enc,0,1,stop,rea
ridge,proj+enc,0,2,stop,rea
ridge,proj+enc,0,3,stop,rea
ridge,proj+enc,0,4,stop,rea
ridge,proj+enc,0,5,stop,rea
ridge,proj+enc,0,6,stop,rea
ridge,proj+enc,0,7,stop,rea
ridge,proj+enc,0,8,stop,rea
ridge,proj+enc,0,9,stop,rea
ridge,proj+enc,0,10,stop,rea
ridge,proj+enc,0,11,stop,rea
ridge,proj+enc,0,12,stop,rea
ridge,proj+enc,0,13,stop,rea
ridge,proj+enc,0,14,stop,rea
ridge,proj+enc,0,15,stop,rea
ridge,proj+enc,0,16,stop,rea
ridge,proj+enc,0,17,rea,rea
ridge,proj+enc,0,18,stop,rea
ridge,proj+enc,0,19,stop,rea
ridge,proj+enc,0,20,stop,rea
ridge,proj+enc,0,21,stop,rea
ridge,proj+enc,0,22,rea,rea
ridge,proj+enc,0,23,stop,rea
ridge,proj+enc,0,24,stop,rea
ridge,proj+enc,0,25,stop,rea
ridge,proj+enc,0,26,stop,rea
ridge,proj+enc,0,27,stop,rea
ridge,proj+enc,0,28,stop,rea
ridge,proj+enc,0,29,stop,rea
ridge,proj+enc,0,30,stop,rea
ridge,proj+enc,0,31,stop,rea
ridge,proj+enc,0,32,stop,rea
ridge,proj+enc,0,33,stop,rea
ridge,proj+enc,0,34,stop,rea
ridge,proj+enc,0,35,stop,rea
ridge,proj+enc,0,36,stop,rea
ridge,proj+enc,0,37,stop,rea
ridge,proj+enc,0,38,stop,rea
ridge,proj+enc,0,39,stop,rea
ridge,proj+enc,1,0,stop,rea
ridge,proj+enc,1,1,stop,rea
ridge,proj+enc,1,2,stop,rea
ridge,proj+enc,1,3,stop,rea
ridge,proj+enc,1,4,stop,rea
ridge,proj+enc,1,5,stop,rea
ridge,proj+enc,1,6,stop,rea
ridge,proj+enc,1,7,stop,rea
ridge,proj+enc,1,8,stop,rea
ridge,proj+enc,1,9,rea,rea
ridge,proj+enc,1,10,stop,rea
ridge,proj+enc,1,11,stop,rea
ridge,proj+enc,1,12,stop,rea
ridge,proj+enc,1,13,stop,rea
ridge,proj+enc,1,14,stop,rea
ridge,proj+enc,1,15,stop,rea
ridge,proj+enc,1,16,rea,rea
ridge,proj+enc,1,17,stop,rea
ridge,proj+enc,1,18,stop,rea
ridge,proj+enc,1,19,stop,rea
ridge,proj+enc,1,20,stop,rea
ridge,proj+enc,1,21,stop,rea
ridge,proj+enc,1,22,stop,rea
ridge,proj+enc,1,23,stop,rea
ridge,proj+enc,1,24,stop,rea
ridge,proj+enc,1,25,stop,rea
ridge,proj+enc,1,26,stop,rea
ridge,proj+enc,1,27,stop,rea
ridge,proj+enc,1,28,stop,rea
ridge,proj+enc,1,29,stop,rea
ridge,proj+enc,1,30,stop,rea
ridge,proj+enc,1,31,rea,rea
ridge,proj+enc,1,32,stop,rea
ridge,proj+enc,1,33,rea,rea
ridge,proj+enc,1,34,stop,rea
ridge,proj+enc,1,35,stop,rea
ridge,proj+enc,1,36,stop,rea
ridge,proj+enc,1,37,stop,rea
ridge,proj+enc,1,38,stop,rea
ridge,proj+enc,1,39,stop,rea
gbt,proj+enc,0,0,att,att
gbt,proj+enc,0,1,att,att
gbt,proj+enc,0,2,att,att
gbt,proj+enc,0,3,rea,rea
gbt,proj+enc,0,4,att,att
gbt,proj+enc,0,5,att,att
gbt,proj+enc,0,6,rea,rea
gbt,proj+enc,0,7,att,att
gbt,proj+enc,0,8,stop,att
gbt,proj+enc,0,9,att,att
gbt,proj+enc,0,10,att,att
gbt,proj+enc,0,11,stop,att
gbt,proj+enc,0,12,att,att
gbt,proj+enc,0,13,rea,rea
gbt,proj+enc,0,14,stop,att
gbt,proj+enc,0,15,att,att
gbt,proj+enc,0,16,att,att
gbt,proj+enc,0,17,att,att
gbt,proj+enc,0,18,att,att
gbt,proj+enc,0,19,rea,rea
gbt,proj+enc,0,20,stop,att
gbt,proj+enc,0,21,att,att
gbt,proj+enc,0,22,stop,rea
gbt,proj+enc,0,23,att,att
gbt,proj+enc,0,24,att,att
gbt,proj+enc,0,25,att,att
gbt,proj+enc,0,26,stop,att
gbt,proj+enc,0,27,att,att
gbt,proj+enc,0,28,stop,rea
gbt,proj+enc,0,29,stop,rea
gbt,proj+enc,0,30,att,att
gbt,proj+enc,0,31,stop,rea
gbt,proj+enc,0,32,rea,rea
gbt,proj+enc,0,33,stop,att
gbt,proj+enc,0,34,att,att
gbt,proj+enc,0,35,att,att
gbt,proj+enc,0,36,att,att
gbt,proj+enc,0,37,att,att
gbt,proj+enc,0,38,att,att
gbt,proj+enc,0,39,att,att
gbt,proj+enc,1,0,stop,rea
gbt,proj+enc,1,1,att,att
gbt,proj+enc,1,2,att,att
gbt,proj+enc,1,3,att,att
gbt,proj+enc,1,4,att,att
gbt,proj+enc,1,5,stop,rea
gbt,proj+enc,1,6,att,att
gbt,proj+enc,1,7,rea,rea
gbt,proj+enc,1,8,att,att
gbt,proj+enc,1,9,stop,rea
gbt,proj+enc,1,10,stop,rea
gbt,proj+enc,1,11,stop,att
gbt,proj+enc,1,12,rea,rea
gbt,proj+enc,1,13,att,att
gbt,proj+enc,1,14,att,att
gbt,proj+enc,1,15,att,att
gbt,proj+enc,1,16,stop,rea
gbt,proj+enc,1,17,stop,rea
gbt,proj+enc,1,18,stop,att
gbt,proj+enc,1,19,att,att
gbt,proj+enc,1,20,att,att
gbt,proj+enc,1,21,att,att
gbt,proj+enc,1,22,att,att
gbt,proj+enc,1,23,att,att
gbt,proj+enc,1,24,rea,rea
gbt,proj+enc,1,25,att,att
gbt,proj+enc,1,26,att,att
gbt,proj+enc,1,27,att,att
gbt,proj+enc,1,28,rea,rea
gbt,proj+enc,1,29,att,att
gbt,proj+enc,1,30,att,att
gbt,proj+enc,1,31,rea,rea
gbt,proj+enc,1,32,rea,rea
gbt,proj+enc,1,33,att,att
gbt,proj+enc,1,34,att,att
gbt,proj+enc,1,35,att,att
gbt,proj+enc,1,36,att,att
gbt,proj+enc,1,37,att,att
gbt,proj+enc,1,38,att,att
gbt,proj+enc,1,39,att,att
