kernel,n_in,n_out,ratio,gate_ok,gs_bound_min,gs_windows,width,shortest_maxabs,shortest_span,verdict,width_invariant,elapsed_s,gs_bound_sublattice,lll_shortest_maxabs,lll_shortest_span,lll_verdict
bicubic,896,448,2.0,1,0.707107,54,32,3,6,certified,1,19.7,0.75,3,6,certified
bicubic,896,448,2.0,1,0.707107,54,64,3,6,certified,1,4.8,0.75,3,6,certified
bicubic,896,448,2.0,1,0.707107,54,128,3,6,certified,1,75.3,0.75,3,6,certified
bicubic,896,448,2.0,1,0.707107,54,256,3,6,certified,1,189.2,0.75,3,6,certified
bicubic,896,224,4.0,1,1.25087,54,32,148,264,dagger,1,4.1,25.2939,5,10,certified
bicubic,896,224,4.0,1,1.25087,54,64,148,264,dagger,1,8.5,25.2939,5,10,certified
bicubic,896,224,4.0,1,1.25087,54,128,148,264,dagger,1,39.1,25.2939,5,10,certified
bicubic,896,224,4.0,1,1.25087,54,256,148,264,dagger,1,64.7,25.2939,5,10,certified
bicubic,672,224,3.0,1,4.17342,40,32,,,-,1,0.3,2.56541e+10,13,23,certified
bicubic,672,224,3.0,1,4.17342,40,64,,,-,1,1.5,2.56541e+10,13,23,certified
bicubic,672,224,3.0,1,4.17342,40,128,,,-,1,10.4,2.56541e+10,13,23,certified
bicubic,672,224,3.0,1,4.17342,40,256,,,-,1,57.2,2.56541e+10,13,23,certified
bicubic,1344,448,3.0,1,4.17342,82,32,,,-,1,0.8,2.56541e+10,13,23,certified
bicubic,1344,448,3.0,1,4.17342,82,64,,,-,1,3.2,2.56541e+10,13,23,certified
bicubic,1344,448,3.0,1,4.17342,82,128,,,-,1,20.4,2.56541e+10,13,23,certified
bicubic,1344,448,3.0,1,4.17342,82,256,,,-,1,139.2,2.56541e+10,13,23,certified
bicubic,896,112,8.0,1,0.552778,54,32,84,154,certified,1,0.4,0.448792,2,4,certified
bicubic,896,112,8.0,1,0.552778,54,64,84,154,certified,1,0.7,0.448792,2,4,certified
bicubic,896,112,8.0,1,0.552778,54,128,84,154,certified,1,4.1,0.448792,2,4,certified
bicubic,896,112,8.0,1,0.552778,54,256,84,154,certified,1,24.5,0.448792,2,4,certified
bicubic,1344,224,6.0,1,0.589804,82,32,,,-,1,0.4,5.19548e+08,2,4,certified
bicubic,1344,224,6.0,1,0.589804,82,64,,,-,1,1.8,5.19548e+08,2,4,certified
bicubic,1344,224,6.0,1,0.589804,82,128,,,-,1,23.3,5.19548e+08,2,4,certified
bicubic,1344,224,6.0,1,0.589804,82,256,,,-,1,114.5,5.19548e+08,2,4,certified
bicubic,672,448,1.5,1,1.62421e+12,40,32,,,-,1,1.0,1.64768e+12,6710691358631,,-
bicubic,672,448,1.5,1,1.62421e+12,40,64,,,-,1,9.5,1.64768e+12,6710691358631,,-
bicubic,672,448,1.5,1,1.62421e+12,40,128,,,-,1,39.5,1.64768e+12,6710691358631,,-
bicubic,672,448,1.5,1,1.62421e+12,40,256,,,-,1,212.3,1.64768e+12,6710691358631,,-
bicubic,896,298,3.0067,1,734.525,54,32,,,-,1,0.6,5.30106e+14,2188,,-
bicubic,896,298,3.0067,1,734.525,54,64,,,-,1,2.4,5.30106e+14,2188,,-
bicubic,896,298,3.0067,1,734.525,54,128,,,-,1,13.6,5.30106e+14,2188,,-
bicubic,896,298,3.0067,1,734.525,54,256,,,-,1,74.3,5.30106e+14,2188,,-
