model,prompt_mode,trial,arm,field,dtype,shape,image_dependent,in_digest,digest_a16,digest_b16,same,perturb_check,processor_class,image_processor_class,resample,versions
llava-hf__llava-1.5-7b-hf,bare,0,certified,attention_mask,int64,"(1, 10)",0,1,2b5c1b87ce020132,2b5c1b87ce020132,1,1,LlavaProcessor,CLIPImageProcessor,3,transformers=5.14.1;torchvision=0.28.0+cu126;Pillow=12.3.0;numpy=2.5.1;torch=2.13.0+cu126
llava-hf__llava-1.5-7b-hf,bare,0,certified,input_ids,int64,"(1, 10)",0,1,8885b75335c89045,8885b75335c89045,1,1,LlavaProcessor,CLIPImageProcessor,3,transformers=5.14.1;torchvision=0.28.0+cu126;Pillow=12.3.0;numpy=2.5.1;torch=2.13.0+cu126
llava-hf__llava-1.5-7b-hf,bare,0,certified,pixel_values,float32,"(1, 3, 336, 336)",1,1,16cb03754e71da76,16cb03754e71da76,1,1,LlavaProcessor,CLIPImageProcessor,3,transformers=5.14.1;torchvision=0.28.0+cu126;Pillow=12.3.0;numpy=2.5.1;torch=2.13.0+cu126
llava-hf__llava-1.5-7b-hf,bare,0,certified,__state__,,(3 fields),1,1,485927ff00e9ce43,485927ff00e9ce43,1,1,LlavaProcessor,CLIPImageProcessor,3,transformers=5.14.1;torchvision=0.28.0+cu126;Pillow=12.3.0;numpy=2.5.1;torch=2.13.0+cu126
llava-hf__llava-1.5-7b-hf,bare,0,control,attention_mask,int64,"(1, 10)",0,1,2b5c1b87ce020132,2b5c1b87ce020132,1,1,LlavaProcessor,CLIPImageProcessor,3,transformers=5.14.1;torchvision=0.28.0+cu126;Pillow=12.3.0;numpy=2.5.1;torch=2.13.0+cu126
llava-hf__llava-1.5-7b-hf,bare,0,control,input_ids,int64,"(1, 10)",0,1,8885b75335c89045,8885b75335c89045,1,1,LlavaProcessor,CLIPImageProcessor,3,transformers=5.14.1;torchvision=0.28.0+cu126;Pillow=12.3.0;numpy=2.5.1;torch=2.13.0+cu126
llava-hf__llava-1.5-7b-hf,bare,0,control,pixel_values,float32,"(1, 3, 336, 336)",1,1,6ea6183af3c9d79d,8bb6552467b9c854,0,1,LlavaProcessor,CLIPImageProcessor,3,transformers=5.14.1;torchvision=0.28.0+cu126;Pillow=12.3.0;numpy=2.5.1;torch=2.13.0+cu126
llava-hf__llava-1.5-7b-hf,bare,0,control,__state__,,(3 fields),1,1,8d3eb4de08f93191,0255a4fa6bd6a9f6,0,1,LlavaProcessor,CLIPImageProcessor,3,transformers=5.14.1;torchvision=0.28.0+cu126;Pillow=12.3.0;numpy=2.5.1;torch=2.13.0+cu126
llava-hf__llava-1.5-7b-hf,bare,1,certified,attention_mask,int64,"(1, 10)",0,1,2b5c1b87ce020132,2b5c1b87ce020132,1,1,LlavaProcessor,CLIPImageProcessor,3,transformers=5.14.1;torchvision=0.28.0+cu126;Pillow=12.3.0;numpy=2.5.1;torch=2.13.0+cu126
llava-hf__llava-1.5-7b-hf,bare,1,certified,input_ids,int64,"(1, 10)",0,1,8885b75335c89045,8885b75335c89045,1,1,LlavaProcessor,CLIPImageProcessor,3,transformers=5.14.1;torchvision=0.28.0+cu126;Pillow=12.3.0;numpy=2.5.1;torch=2.13.0+cu126
llava-hf__llava-1.5-7b-hf,bare,1,certified,pixel_values,float32,"(1, 3, 336, 336)",1,1,0a82ba3eb8d13f41,0a82ba3eb8d13f41,1,1,LlavaProcessor,CLIPImageProcessor,3,transformers=5.14.1;torchvision=0.28.0+cu126;Pillow=12.3.0;numpy=2.5.1;torch=2.13.0+cu126
llava-hf__llava-1.5-7b-hf,bare,1,certified,__state__,,(3 fields),1,1,2a4590f63bc1b2f3,2a4590f63bc1b2f3,1,1,LlavaProcessor,CLIPImageProcessor,3,transformers=5.14.1;torchvision=0.28.0+cu126;Pillow=12.3.0;numpy=2.5.1;torch=2.13.0+cu126
llava-hf__llava-1.5-7b-hf,bare,2,certified,attention_mask,int64,"(1, 10)",0,1,2b5c1b87ce020132,2b5c1b87ce020132,1,1,LlavaProcessor,CLIPImageProcessor,3,transformers=5.14.1;torchvision=0.28.0+cu126;Pillow=12.3.0;numpy=2.5.1;torch=2.13.0+cu126
llava-hf__llava-1.5-7b-hf,bare,2,certified,input_ids,int64,"(1, 10)",0,1,8885b75335c89045,8885b75335c89045,1,1,LlavaProcessor,CLIPImageProcessor,3,transformers=5.14.1;torchvision=0.28.0+cu126;Pillow=12.3.0;numpy=2.5.1;torch=2.13.0+cu126
llava-hf__llava-1.5-7b-hf,bare,2,certified,pixel_values,float32,"(1, 3, 336, 336)",1,1,1e978260776f07cc,1e978260776f07cc,1,1,LlavaProcessor,CLIPImageProcessor,3,transformers=5.14.1;torchvision=0.28.0+cu126;Pillow=12.3.0;numpy=2.5.1;torch=2.13.0+cu126
llava-hf__llava-1.5-7b-hf,bare,2,certified,__state__,,(3 fields),1,1,a3d69aee645de572,a3d69aee645de572,1,1,LlavaProcessor,CLIPImageProcessor,3,transformers=5.14.1;torchvision=0.28.0+cu126;Pillow=12.3.0;numpy=2.5.1;torch=2.13.0+cu126
llava-hf__llava-1.5-7b-hf,bare,3,certified,attention_mask,int64,"(1, 10)",0,1,2b5c1b87ce020132,2b5c1b87ce020132,1,1,LlavaProcessor,CLIPImageProcessor,3,transformers=5.14.1;torchvision=0.28.0+cu126;Pillow=12.3.0;numpy=2.5.1;torch=2.13.0+cu126
llava-hf__llava-1.5-7b-hf,bare,3,certified,input_ids,int64,"(1, 10)",0,1,8885b75335c89045,8885b75335c89045,1,1,LlavaProcessor,CLIPImageProcessor,3,transformers=5.14.1;torchvision=0.28.0+cu126;Pillow=12.3.0;numpy=2.5.1;torch=2.13.0+cu126
llava-hf__llava-1.5-7b-hf,bare,3,certified,pixel_values,float32,"(1, 3, 336, 336)",1,1,76d4040a0c135d16,76d4040a0c135d16,1,1,LlavaProcessor,CLIPImageProcessor,3,transformers=5.14.1;torchvision=0.28.0+cu126;Pillow=12.3.0;numpy=2.5.1;torch=2.13.0+cu126
llava-hf__llava-1.5-7b-hf,bare,3,certified,__state__,,(3 fields),1,1,6076344e7bbba212,6076344e7bbba212,1,1,LlavaProcessor,CLIPImageProcessor,3,transformers=5.14.1;torchvision=0.28.0+cu126;Pillow=12.3.0;numpy=2.5.1;torch=2.13.0+cu126
llava-hf__llava-1.5-7b-hf,bare,4,certified,attention_mask,int64,"(1, 10)",0,1,2b5c1b87ce020132,2b5c1b87ce020132,1,1,LlavaProcessor,CLIPImageProcessor,3,transformers=5.14.1;torchvision=0.28.0+cu126;Pillow=12.3.0;numpy=2.5.1;torch=2.13.0+cu126
llava-hf__llava-1.5-7b-hf,bare,4,certified,input_ids,int64,"(1, 10)",0,1,8885b75335c89045,8885b75335c89045,1,1,LlavaProcessor,CLIPImageProcessor,3,transformers=5.14.1;torchvision=0.28.0+cu126;Pillow=12.3.0;numpy=2.5.1;torch=2.13.0+cu126
llava-hf__llava-1.5-7b-hf,bare,4,certified,pixel_values,float32,"(1, 3, 336, 336)",1,1,b4dd996329b74299,b4dd996329b74299,1,1,LlavaProcessor,CLIPImageProcessor,3,transformers=5.14.1;torchvision=0.28.0+cu126;Pillow=12.3.0;numpy=2.5.1;torch=2.13.0+cu126
llava-hf__llava-1.5-7b-hf,bare,4,certified,__state__,,(3 fields),1,1,7c7888099c502594,7c7888099c502594,1,1,LlavaProcessor,CLIPImageProcessor,3,transformers=5.14.1;torchvision=0.28.0+cu126;Pillow=12.3.0;numpy=2.5.1;torch=2.13.0+cu126
llava-hf__llava-1.5-7b-hf,scored,0,certified,attention_mask,int64,"(1, 617)",0,1,7e5125df1668d119,7e5125df1668d119,1,1,LlavaProcessor,CLIPImageProcessor,3,transformers=5.14.1;torchvision=0.28.0+cu126;Pillow=12.3.0;numpy=2.5.1;torch=2.13.0+cu126
llava-hf__llava-1.5-7b-hf,scored,0,certified,input_ids,int64,"(1, 617)",0,1,9e6cf8a515a05df5,9e6cf8a515a05df5,1,1,LlavaProcessor,CLIPImageProcessor,3,transformers=5.14.1;torchvision=0.28.0+cu126;Pillow=12.3.0;numpy=2.5.1;torch=2.13.0+cu126
llava-hf__llava-1.5-7b-hf,scored,0,certified,pixel_values,float32,"(1, 3, 336, 336)",1,1,16cb03754e71da76,16cb03754e71da76,1,1,LlavaProcessor,CLIPImageProcessor,3,transformers=5.14.1;torchvision=0.28.0+cu126;Pillow=12.3.0;numpy=2.5.1;torch=2.13.0+cu126
llava-hf__llava-1.5-7b-hf,scored,0,certified,__state__,,(3 fields),1,1,ed857ac35db84458,ed857ac35db84458,1,1,LlavaProcessor,CLIPImageProcessor,3,transformers=5.14.1;torchvision=0.28.0+cu126;Pillow=12.3.0;numpy=2.5.1;torch=2.13.0+cu126
llava-hf__llava-1.5-7b-hf,scored,0,control,attention_mask,int64,"(1, 617)",0,1,7e5125df1668d119,7e5125df1668d119,1,1,LlavaProcessor,CLIPImageProcessor,3,transformers=5.14.1;torchvision=0.28.0+cu126;Pillow=12.3.0;numpy=2.5.1;torch=2.13.0+cu126
llava-hf__llava-1.5-7b-hf,scored,0,control,input_ids,int64,"(1, 617)",0,1,9e6cf8a515a05df5,9e6cf8a515a05df5,1,1,LlavaProcessor,CLIPImageProcessor,3,transformers=5.14.1;torchvision=0.28.0+cu126;Pillow=12.3.0;numpy=2.5.1;torch=2.13.0+cu126
llava-hf__llava-1.5-7b-hf,scored,0,control,pixel_values,float32,"(1, 3, 336, 336)",1,1,6ea6183af3c9d79d,8bb6552467b9c854,0,1,LlavaProcessor,CLIPImageProcessor,3,transformers=5.14.1;torchvision=0.28.0+cu126;Pillow=12.3.0;numpy=2.5.1;torch=2.13.0+cu126
llava-hf__llava-1.5-7b-hf,scored,0,control,__state__,,(3 fields),1,1,7f22a7b9713402d9,68a0a0eab375cc0b,0,1,LlavaProcessor,CLIPImageProcessor,3,transformers=5.14.1;torchvision=0.28.0+cu126;Pillow=12.3.0;numpy=2.5.1;torch=2.13.0+cu126
llava-hf__llava-1.5-7b-hf,scored,1,certified,attention_mask,int64,"(1, 617)",0,1,7e5125df1668d119,7e5125df1668d119,1,1,LlavaProcessor,CLIPImageProcessor,3,transformers=5.14.1;torchvision=0.28.0+cu126;Pillow=12.3.0;numpy=2.5.1;torch=2.13.0+cu126
llava-hf__llava-1.5-7b-hf,scored,1,certified,input_ids,int64,"(1, 617)",0,1,9e6cf8a515a05df5,9e6cf8a515a05df5,1,1,LlavaProcessor,CLIPImageProcessor,3,transformers=5.14.1;torchvision=0.28.0+cu126;Pillow=12.3.0;numpy=2.5.1;torch=2.13.0+cu126
llava-hf__llava-1.5-7b-hf,scored,1,certified,pixel_values,float32,"(1, 3, 336, 336)",1,1,0a82ba3eb8d13f41,0a82ba3eb8d13f41,1,1,LlavaProcessor,CLIPImageProcessor,3,transformers=5.14.1;torchvision=0.28.0+cu126;Pillow=12.3.0;numpy=2.5.1;torch=2.13.0+cu126
llava-hf__llava-1.5-7b-hf,scored,1,certified,__state__,,(3 fields),1,1,6426fb42fbc3ed0b,6426fb42fbc3ed0b,1,1,LlavaProcessor,CLIPImageProcessor,3,transformers=5.14.1;torchvision=0.28.0+cu126;Pillow=12.3.0;numpy=2.5.1;torch=2.13.0+cu126
llava-hf__llava-1.5-7b-hf,scored,2,certified,attention_mask,int64,"(1, 617)",0,1,7e5125df1668d119,7e5125df1668d119,1,1,LlavaProcessor,CLIPImageProcessor,3,transformers=5.14.1;torchvision=0.28.0+cu126;Pillow=12.3.0;numpy=2.5.1;torch=2.13.0+cu126
llava-hf__llava-1.5-7b-hf,scored,2,certified,input_ids,int64,"(1, 617)",0,1,9e6cf8a515a05df5,9e6cf8a515a05df5,1,1,LlavaProcessor,CLIPImageProcessor,3,transformers=5.14.1;torchvision=0.28.0+cu126;Pillow=12.3.0;numpy=2.5.1;torch=2.13.0+cu126
llava-hf__llava-1.5-7b-hf,scored,2,certified,pixel_values,float32,"(1, 3, 336, 336)",1,1,1e978260776f07cc,1e978260776f07cc,1,1,LlavaProcessor,CLIPImageProcessor,3,transformers=5.14.1;torchvision=0.28.0+cu126;Pillow=12.3.0;numpy=2.5.1;torch=2.13.0+cu126
llava-hf__llava-1.5-7b-hf,scored,2,certified,__state__,,(3 fields),1,1,ef08100d2353e66a,ef08100d2353e66a,1,1,LlavaProcessor,CLIPImageProcessor,3,transformers=5.14.1;torchvision=0.28.0+cu126;Pillow=12.3.0;numpy=2.5.1;torch=2.13.0+cu126
llava-hf__llava-1.5-7b-hf,scored,3,certified,attention_mask,int64,"(1, 617)",0,1,7e5125df1668d119,7e5125df1668d119,1,1,LlavaProcessor,CLIPImageProcessor,3,transformers=5.14.1;torchvision=0.28.0+cu126;Pillow=12.3.0;numpy=2.5.1;torch=2.13.0+cu126
llava-hf__llava-1.5-7b-hf,scored,3,certified,input_ids,int64,"(1, 617)",0,1,9e6cf8a515a05df5,9e6cf8a515a05df5,1,1,LlavaProcessor,CLIPImageProcessor,3,transformers=5.14.1;torchvision=0.28.0+cu126;Pillow=12.3.0;numpy=2.5.1;torch=2.13.0+cu126
llava-hf__llava-1.5-7b-hf,scored,3,certified,pixel_values,float32,"(1, 3, 336, 336)",1,1,76d4040a0c135d16,76d4040a0c135d16,1,1,LlavaProcessor,CLIPImageProcessor,3,transformers=5.14.1;torchvision=0.28.0+cu126;Pillow=12.3.0;numpy=2.5.1;torch=2.13.0+cu126
llava-hf__llava-1.5-7b-hf,scored,3,certified,__state__,,(3 fields),1,1,88bec43c93952a37,88bec43c93952a37,1,1,LlavaProcessor,CLIPImageProcessor,3,transformers=5.14.1;torchvision=0.28.0+cu126;Pillow=12.3.0;numpy=2.5.1;torch=2.13.0+cu126
llava-hf__llava-1.5-7b-hf,scored,4,certified,attention_mask,int64,"(1, 617)",0,1,7e5125df1668d119,7e5125df1668d119,1,1,LlavaProcessor,CLIPImageProcessor,3,transformers=5.14.1;torchvision=0.28.0+cu126;Pillow=12.3.0;numpy=2.5.1;torch=2.13.0+cu126
llava-hf__llava-1.5-7b-hf,scored,4,certified,input_ids,int64,"(1, 617)",0,1,9e6cf8a515a05df5,9e6cf8a515a05df5,1,1,LlavaProcessor,CLIPImageProcessor,3,transformers=5.14.1;torchvision=0.28.0+cu126;Pillow=12.3.0;numpy=2.5.1;torch=2.13.0+cu126
llava-hf__llava-1.5-7b-hf,scored,4,certified,pixel_values,float32,"(1, 3, 336, 336)",1,1,b4dd996329b74299,b4dd996329b74299,1,1,LlavaProcessor,CLIPImageProcessor,3,transformers=5.14.1;torchvision=0.28.0+cu126;Pillow=12.3.0;numpy=2.5.1;torch=2.13.0+cu126
llava-hf__llava-1.5-7b-hf,scored,4,certified,__state__,,(3 fields),1,1,917a8dc5ed0d10a1,917a8dc5ed0d10a1,1,1,LlavaProcessor,CLIPImageProcessor,3,transformers=5.14.1;torchvision=0.28.0+cu126;Pillow=12.3.0;numpy=2.5.1;torch=2.13.0+cu126
