key,record,label,rep,crop_idx,g_enc
29:14,29,1,0,0,-0.03377
29:14,29,1,0,1,-0.028432
29:14,29,1,0,2,0.106568
29:14,29,1,0,3,0.072189
29:14,29,1,0,4,-0.049901
29:14,29,1,0,5,-0.03377
29:14,29,1,0,6,-0.052881
29:14,29,1,0,7,-0.052881
29:14,29,1,0,8,-0.046546
29:14,29,1,0,9,-0.049901
29:14,29,1,1,0,-0.03377
29:14,29,1,1,1,-0.028432
29:14,29,1,1,2,-0.022455
29:14,29,1,1,3,-0.028432
29:14,29,1,1,4,0.057106
29:14,29,1,1,5,-0.03377
29:14,29,1,1,6,-0.052881
29:14,29,1,1,7,-0.052881
29:14,29,1,1,8,-0.046546
29:14,29,1,1,9,-0.049901
69:0,69,1,0,0,-0.092667
69:0,69,1,0,1,-0.122458
69:0,69,1,0,2,-0.151353
69:0,69,1,0,3,-0.062175
69:0,69,1,0,4,-0.062176
69:0,69,1,0,5,-0.092667
69:0,69,1,0,6,-0.092667
69:0,69,1,0,7,-0.062176
69:0,69,1,0,8,-0.062175
69:0,69,1,0,9,-0.092667
69:0,69,1,1,0,-0.092667
69:0,69,1,1,1,-0.122458
69:0,69,1,1,2,-0.151353
69:0,69,1,1,3,0.254913
69:0,69,1,1,4,0.231056
69:0,69,1,1,5,-0.092667
69:0,69,1,1,6,-0.092667
69:0,69,1,1,7,0.231056
69:0,69,1,1,8,-0.062175
69:0,69,1,1,9,-0.092667
113:1,113,1,0,0,-0.075736
113:1,113,1,0,1,-0.10356
113:1,113,1,0,2,-0.406267
113:1,113,1,0,3,-0.434091
113:1,113,1,0,4,-0.10356
113:1,113,1,0,5,-0.406266
113:1,113,1,0,6,-0.406266
113:1,113,1,0,7,-0.406267
113:1,113,1,0,8,-0.075736
113:1,113,1,0,9,-0.434091
113:1,113,1,1,0,-0.406266
113:1,113,1,1,1,-0.406266
113:1,113,1,1,2,-0.406267
113:1,113,1,1,3,-0.434091
113:1,113,1,1,4,-0.406267
113:1,113,1,1,5,-0.406266
113:1,113,1,1,6,-0.406266
113:1,113,1,1,7,-0.132456
113:1,113,1,1,8,-0.406266
113:1,113,1,1,9,-0.132456
136:5,136,0,0,0,0.390394
136:5,136,0,0,1,0.950392
136:5,136,0,0,2,0.085538
136:5,136,0,0,3,0.273393
136:5,136,0,0,4,0.575028
136:5,136,0,0,5,0.359904
136:5,136,0,0,6,0.631746
136:5,136,0,0,7,0.57503
136:5,136,0,0,8,0.545236
136:5,136,0,0,9,0.950392
136:5,136,0,1,0,0.603924
136:5,136,0,1,1,0.950392
136:5,136,0,1,2,0.085538
136:5,136,0,1,3,0.059264
136:5,136,0,1,4,0.575028
136:5,136,0,1,5,0.631747
136:5,136,0,1,6,0.631746
136:5,136,0,1,7,0.57503
136:5,136,0,1,8,0.707484
136:5,136,0,1,9,0.483779
169:4,169,1,0,0,-0.179178
169:4,169,1,0,1,-0.231059
169:4,169,1,0,2,-0.179178
169:4,169,1,0,3,-0.231058
169:4,169,1,0,4,-0.179178
169:4,169,1,0,5,-0.179178
169:4,169,1,0,6,-0.254915
169:4,169,1,0,7,-0.335483
169:4,169,1,0,8,-0.2773
169:4,169,1,0,9,-0.298187
169:4,169,1,1,0,-0.179178
169:4,169,1,1,1,-0.231059
169:4,169,1,1,2,-0.179178
169:4,169,1,1,3,-0.231058
169:4,169,1,1,4,-0.179178
169:4,169,1,1,5,-0.179178
169:4,169,1,1,6,-0.254915
169:4,169,1,1,7,-0.335483
169:4,169,1,1,8,-0.2773
169:4,169,1,1,9,-0.298187
217:1,217,1,0,0,-0.129698
217:1,217,1,0,1,-0.129698
217:1,217,1,0,2,-0.187525
217:1,217,1,0,3,-0.129698
217:1,217,1,0,4,-0.111789
217:1,217,1,0,5,-0.129698
217:1,217,1,0,6,-0.209117
217:1,217,1,0,7,-0.111789
217:1,217,1,0,8,-0.161251
217:1,217,1,0,9,-0.273884
217:1,217,1,1,0,-0.129698
217:1,217,1,1,1,-0.129698
217:1,217,1,1,2,-0.187525
217:1,217,1,1,3,-0.129698
217:1,217,1,1,4,-0.111789
217:1,217,1,1,5,-0.129698
217:1,217,1,1,6,-0.209117
217:1,217,1,1,7,-0.111789
217:1,217,1,1,8,-0.161251
217:1,217,1,1,9,-0.273884
255:4,255,1,0,0,-0.201618
255:4,255,1,0,1,-0.103497
255:4,255,1,0,2,-0.229441
255:4,255,1,0,3,-0.258336
255:4,255,1,0,4,-0.258337
255:4,255,1,0,5,-0.201618
255:4,255,1,0,6,-0.258336
255:4,255,1,0,7,-0.28813
255:4,255,1,0,8,-0.31862
255:4,255,1,0,9,-0.31862
255:4,255,1,1,0,-0.08261
255:4,255,1,1,1,-0.229441
255:4,255,1,1,2,-0.229441
255:4,255,1,1,3,-0.258336
255:4,255,1,1,4,-0.125881
255:4,255,1,1,5,-0.201618
255:4,255,1,1,6,-0.258336
255:4,255,1,1,7,-0.125882
255:4,255,1,1,8,-0.149738
255:4,255,1,1,9,-0.31862
299:10,299,1,0,0,-0.106566
299:10,299,1,0,1,-0.106566
299:10,299,1,0,2,-0.019491
299:10,299,1,0,3,-0.218355
299:10,299,1,0,4,-0.106566
299:10,299,1,0,5,0.0
299:10,299,1,0,6,-0.218355
299:10,299,1,0,7,-0.146841
299:10,299,1,0,8,-0.043345
299:10,299,1,0,9,-0.244962
299:10,299,1,1,0,0.0
299:10,299,1,1,1,-0.106566
299:10,299,1,1,2,-0.125954
299:10,299,1,1,3,-0.218355
299:10,299,1,1,4,-0.106566
299:10,299,1,1,5,-0.106566
299:10,299,1,1,6,-0.218355
299:10,299,1,1,7,-0.019491
299:10,299,1,1,8,-0.146841
299:10,299,1,1,9,-0.244962
330:0,330,1,0,0,-0.302707
330:0,330,1,0,1,-0.21353
330:0,330,1,0,2,-0.357139
330:0,330,1,0,3,-0.647287
330:0,330,1,0,4,-0.028895
330:0,330,1,0,5,-0.058688
330:0,330,1,0,6,-0.213529
330:0,330,1,0,7,-0.6254
330:0,330,1,0,8,-0.603931
330:0,330,1,0,9,-0.213528
330:0,330,1,1,0,-0.302707
330:0,330,1,1,1,-0.21353
330:0,330,1,1,2,-0.357139
330:0,330,1,1,3,-0.302708
330:0,330,1,1,4,-0.244019
330:0,330,1,1,5,-0.302707
330:0,330,1,1,6,-0.213529
330:0,330,1,1,7,-0.382412
330:0,330,1,1,8,-0.468928
330:0,330,1,1,9,-0.213528
350:10,350,0,0,0,0.274369
350:10,350,0,0,1,0.300643
350:10,350,0,0,2,0.288131
350:10,350,0,0,3,0.300643
350:10,350,0,0,4,0.28813
350:10,350,0,0,5,0.274369
350:10,350,0,0,6,0.28813
350:10,350,0,0,7,0.300643
350:10,350,0,0,8,0.259286
350:10,350,0,0,9,0.274369
350:10,350,0,1,0,0.274369
350:10,350,0,1,1,0.300643
350:10,350,0,1,2,0.288131
350:10,350,0,1,3,0.300643
350:10,350,0,1,4,0.28813
350:10,350,0,1,5,0.274369
350:10,350,0,1,6,0.28813
350:10,350,0,1,7,0.224907
350:10,350,0,1,8,0.259286
350:10,350,0,1,9,0.274369
384:2,384,1,0,0,-0.125944
384:2,384,1,0,1,-0.125945
384:2,384,1,0,2,-0.125945
384:2,384,1,0,3,-0.125945
384:2,384,1,0,4,-0.098121
384:2,384,1,0,5,-0.098121
384:2,384,1,0,6,-0.071515
384:2,384,1,0,7,-0.125944
384:2,384,1,0,8,-0.15484
384:2,384,1,0,9,-0.098121
384:2,384,1,1,0,-0.125944
384:2,384,1,1,1,-0.125945
384:2,384,1,1,2,-0.125945
384:2,384,1,1,3,-0.125945
384:2,384,1,1,4,-0.098121
384:2,384,1,1,5,-0.098121
384:2,384,1,1,6,-0.071515
384:2,384,1,1,7,-0.125944
384:2,384,1,1,8,-0.071515
384:2,384,1,1,9,-0.098121
417:3,417,0,0,0,0.000546
417:3,417,0,0,1,0.000971
417:3,417,0,0,2,0.001303
417:3,417,0,0,3,0.000772
417:3,417,0,0,4,-0.000328
417:3,417,0,0,5,0.000546
417:3,417,0,0,6,-0.0
417:3,417,0,0,7,-0.0
417:3,417,0,0,8,0.000546
417:3,417,0,0,9,0.000546
417:3,417,0,1,0,0.000546
417:3,417,0,1,1,0.000971
417:3,417,0,1,2,0.001303
417:3,417,0,1,3,0.000772
417:3,417,0,1,4,-0.000328
417:3,417,0,1,5,0.000546
417:3,417,0,1,6,-0.0
417:3,417,0,1,7,-0.0
417:3,417,0,1,8,0.000546
417:3,417,0,1,9,0.000546
448:1,448,1,0,0,-0.525113
448:1,448,1,0,1,-0.494624
448:1,448,1,0,2,-0.226665
448:1,448,1,0,3,-0.339781
448:1,448,1,0,4,-0.226664
448:1,448,1,0,5,-0.525113
448:1,448,1,0,6,-0.253272
448:1,448,1,0,7,-0.25327
448:1,448,1,0,8,-0.201391
448:1,448,1,0,9,-0.583802
448:1,448,1,1,0,-0.525113
448:1,448,1,1,1,-0.494624
448:1,448,1,1,2,-0.226665
448:1,448,1,1,3,-0.339781
448:1,448,1,1,4,-0.226664
448:1,448,1,1,5,-0.281094
448:1,448,1,1,6,-0.525113
448:1,448,1,1,7,-0.25327
448:1,448,1,1,8,-0.494621
448:1,448,1,1,9,-0.583802
478:10,478,1,0,0,-0.120145
478:10,478,1,0,1,-0.120145
478:10,478,1,0,2,-0.089178
478:10,478,1,0,3,-0.089178
478:10,478,1,0,4,-0.120145
478:10,478,1,0,5,-0.120145
478:10,478,1,0,6,-0.120145
478:10,478,1,0,7,-0.120145
478:10,478,1,0,8,-0.151354
478:10,478,1,0,9,-0.151354
478:10,478,1,1,0,-0.120145
478:10,478,1,1,1,-0.120145
478:10,478,1,1,2,-0.089178
478:10,478,1,1,3,-0.089178
478:10,478,1,1,4,-0.120145
478:10,478,1,1,5,-0.120145
478:10,478,1,1,6,0.0
478:10,478,1,1,7,-0.120145
478:10,478,1,1,8,-0.151354
478:10,478,1,1,9,0.027823
520:11,520,1,0,0,-0.236009
520:11,520,1,0,1,-0.043272
520:11,520,1,0,2,0.0
520:11,520,1,0,3,-0.236009
520:11,520,1,0,4,-0.266976
520:11,520,1,0,5,-0.236009
520:11,520,1,0,6,-0.043272
520:11,520,1,0,7,-0.329395
520:11,520,1,0,8,-0.266977
520:11,520,1,0,9,-0.298185
520:11,520,1,1,0,-0.236009
520:11,520,1,1,1,-0.298185
520:11,520,1,1,2,-0.205519
520:11,520,1,1,3,-0.236009
520:11,520,1,1,4,-0.266976
520:11,520,1,1,5,-0.236009
520:11,520,1,1,6,-0.266976
520:11,520,1,1,7,-0.329395
520:11,520,1,1,8,-0.266977
520:11,520,1,1,9,-0.298185
551:8,551,1,0,0,-0.020888
551:8,551,1,0,1,-0.206795
551:8,551,1,0,2,-0.127351
551:8,551,1,0,3,-0.127351
551:8,551,1,0,4,-0.137601
551:8,551,1,0,5,-0.127351
551:8,551,1,0,6,-0.0
551:8,551,1,0,7,-0.137602
551:8,551,1,0,8,-0.137602
551:8,551,1,0,9,-0.127352
551:8,551,1,1,0,-0.127351
551:8,551,1,1,1,-0.155154
551:8,551,1,1,2,-0.127351
551:8,551,1,1,3,-0.040275
551:8,551,1,1,4,-0.137601
551:8,551,1,1,5,-0.127351
551:8,551,1,1,6,-0.127351
551:8,551,1,1,7,-0.137602
551:8,551,1,1,8,-0.058184
551:8,551,1,1,9,-0.127352
587:3,587,1,0,0,-0.112121
587:3,587,1,0,1,-0.149736
587:3,587,1,0,2,-0.097038
587:3,587,1,0,3,-0.112121
587:3,587,1,0,4,-0.097038
587:3,587,1,0,5,-0.097038
587:3,587,1,0,6,-0.138395
587:3,587,1,0,7,-0.112121
587:3,587,1,0,8,-0.112121
587:3,587,1,0,9,-0.125882
587:3,587,1,1,0,-0.112121
587:3,587,1,1,1,-0.149736
587:3,587,1,1,2,-0.097038
587:3,587,1,1,3,-0.112121
587:3,587,1,1,4,-0.097038
587:3,587,1,1,5,-0.097038
587:3,587,1,1,6,-0.138395
587:3,587,1,1,7,-0.112121
587:3,587,1,1,8,-0.112121
587:3,587,1,1,9,-0.125882
636:8,636,1,0,0,-0.110626
636:8,636,1,0,1,-0.109495
636:8,636,1,0,2,-0.106771
636:8,636,1,0,3,-0.109495
636:8,636,1,0,4,-0.108216
636:8,636,1,0,5,-0.110626
636:8,636,1,0,6,-0.108216
636:8,636,1,0,7,-0.110626
636:8,636,1,0,8,-0.111626
636:8,636,1,0,9,-0.108216
636:8,636,1,1,0,-0.110626
636:8,636,1,1,1,-0.115133
636:8,636,1,1,2,-0.111626
636:8,636,1,1,3,-0.109495
636:8,636,1,1,4,-0.108216
636:8,636,1,1,5,-0.110626
636:8,636,1,1,6,-0.108216
636:8,636,1,1,7,-0.106771
636:8,636,1,1,8,-0.111626
636:8,636,1,1,9,-0.108216
667:8,667,0,0,0,0.304273
667:8,667,0,0,1,0.335483
667:8,667,0,0,2,0.129698
667:8,667,0,0,3,0.273306
667:8,667,0,0,4,0.304273
667:8,667,0,0,5,0.304273
667:8,667,0,0,6,0.156304
667:8,667,0,0,7,0.156304
667:8,667,0,0,8,0.304273
667:8,667,0,0,9,0.335482
667:8,667,0,1,0,0.304273
667:8,667,0,1,1,0.156304
667:8,667,0,1,2,0.129698
667:8,667,0,1,3,0.273306
667:8,667,0,1,4,0.156304
667:8,667,0,1,5,0.304273
667:8,667,0,1,6,0.304273
667:8,667,0,1,7,0.156304
667:8,667,0,1,8,0.304273
667:8,667,0,1,9,0.156304
716:13,716,0,0,0,0.103497
716:13,716,0,0,1,0.045313
716:13,716,0,0,2,0.103497
716:13,716,0,0,3,0.149738
716:13,716,0,0,4,0.103497
716:13,716,0,0,5,0.125882
716:13,716,0,0,6,0.149737
716:13,716,0,0,7,0.103497
716:13,716,0,0,8,0.045313
716:13,716,0,0,9,0.103497
716:13,716,0,1,0,0.103497
716:13,716,0,1,1,0.149737
716:13,716,0,1,2,0.103497
716:13,716,0,1,3,0.149738
716:13,716,0,1,4,0.028844
716:13,716,0,1,5,0.045313
716:13,716,0,1,6,0.045314
716:13,716,0,1,7,0.028844
716:13,716,0,1,8,0.125882
716:13,716,0,1,9,0.028844
742:12,742,0,0,0,0.84878
742:12,742,0,0,1,0.851465
742:12,742,0,0,2,-0.015083
742:12,742,0,0,3,-0.028844
742:12,742,0,0,4,0.629252
742:12,742,0,0,5,0.0
742:12,742,0,0,6,0.756603
742:12,742,0,0,7,0.850783
742:12,742,0,0,8,0.850452
742:12,742,0,0,9,0.84948
742:12,742,0,1,0,0.0
742:12,742,0,1,1,-0.015083
742:12,742,0,1,2,0.58301
742:12,742,0,1,3,-0.028844
742:12,742,0,1,4,0.0
742:12,742,0,1,5,0.848359
742:12,742,0,1,6,0.0
742:12,742,0,1,7,0.074653
742:12,742,0,1,8,0.84878
742:12,742,0,1,9,0.828975
779:12,779,0,0,0,0.209115
779:12,779,0,0,1,0.047865
779:12,779,0,0,2,0.116714
779:12,779,0,0,3,0.537359
779:12,779,0,0,4,0.1376
779:12,779,0,0,5,0.235721
779:12,779,0,0,6,0.446109
779:12,779,0,0,7,0.159986
779:12,779,0,0,8,0.097326
779:12,779,0,0,9,0.183842
779:12,779,0,1,0,0.116714
779:12,779,0,1,1,0.322234
779:12,779,0,1,2,0.116714
779:12,779,0,1,3,0.137601
779:12,779,0,1,4,0.669815
779:12,779,0,1,5,0.116714
779:12,779,0,1,6,0.116714
779:12,779,0,1,7,0.159986
779:12,779,0,1,8,0.097326
779:12,779,0,1,9,0.183842
808:5,808,1,0,0,-0.006683
808:5,808,1,0,1,-0.017999
808:5,808,1,0,2,-0.006683
808:5,808,1,0,3,-0.006683
808:5,808,1,0,4,-0.02276
808:5,808,1,0,5,-0.006683
808:5,808,1,0,6,-0.02276
808:5,808,1,0,7,0.00746
808:5,808,1,0,8,-0.006683
808:5,808,1,0,9,-0.006683
808:5,808,1,1,0,-0.012661
808:5,808,1,1,1,-0.006683
808:5,808,1,1,2,0.015772
808:5,808,1,1,3,0.00746
808:5,808,1,1,4,-0.02276
808:5,808,1,1,5,-0.006683
808:5,808,1,1,6,-0.006683
808:5,808,1,1,7,0.0
808:5,808,1,1,8,-0.02276
808:5,808,1,1,9,0.046604
852:12,852,0,0,0,0.215774
852:12,852,0,0,1,0.215774
852:12,852,0,0,2,0.215774
852:12,852,0,0,3,0.215774
852:12,852,0,0,4,0.212
852:12,852,0,0,5,0.212
852:12,852,0,0,6,0.215774
852:12,852,0,0,7,0.219129
852:12,852,0,0,8,0.219129
852:12,852,0,0,9,0.215774
852:12,852,0,1,0,0.215774
852:12,852,0,1,1,0.215774
852:12,852,0,1,2,0.215774
852:12,852,0,1,3,0.215774
852:12,852,0,1,4,0.212
852:12,852,0,1,5,0.212
852:12,852,0,1,6,0.215774
852:12,852,0,1,7,0.219129
852:12,852,0,1,8,0.219129
852:12,852,0,1,9,0.215774
884:3,884,1,0,0,-0.100621
884:3,884,1,0,1,-0.11709
884:3,884,1,0,2,0.005338
884:3,884,1,0,3,-0.071777
884:3,884,1,0,4,-0.154387
884:3,884,1,0,5,-0.100621
884:3,884,1,0,6,-0.020121
884:3,884,1,0,7,-0.085538
884:3,884,1,0,8,-0.037673
884:3,884,1,0,9,-0.085538
884:3,884,1,1,0,-0.100621
884:3,884,1,1,1,-0.952239
884:3,884,1,1,2,0.005338
884:3,884,1,1,3,-0.020121
884:3,884,1,1,4,-0.11709
884:3,884,1,1,5,-0.100621
884:3,884,1,1,6,-0.390396
884:3,884,1,1,7,-0.085538
884:3,884,1,1,8,-0.037673
884:3,884,1,1,9,-0.037673
936:7,936,0,0,0,0.0526
936:7,936,0,0,1,-0.0
936:7,936,0,0,2,0.042417
936:7,936,0,0,3,0.051478
936:7,936,0,0,4,0.05208
936:7,936,0,0,5,-0.031698
936:7,936,0,0,6,0.042417
936:7,936,0,0,7,0.044827
936:7,936,0,0,8,0.039341
936:7,936,0,0,9,-1e-06
936:7,936,0,1,0,-0.031698
936:7,936,0,1,1,-0.0
936:7,936,0,1,2,0.047493
936:7,936,0,1,3,-0.041947
936:7,936,0,1,4,0.048184
936:7,936,0,1,5,-0.041947
936:7,936,0,1,6,-0.022457
936:7,936,0,1,7,-0.022456
936:7,936,0,1,8,-1e-06
936:7,936,0,1,9,-1e-06
969:3,969,1,0,0,-0.366694
969:3,969,1,0,1,-0.463664
969:3,969,1,0,2,-0.530501
969:3,969,1,0,3,-0.262269
969:3,969,1,0,4,-0.153669
969:3,969,1,0,5,-0.435861
969:3,969,1,0,6,-0.513224
969:3,969,1,0,7,-0.286125
969:3,969,1,0,8,-0.236994
969:3,969,1,0,9,-0.501898
969:3,969,1,1,0,-0.262269
969:3,969,1,1,1,-0.513224
969:3,969,1,1,2,-0.531052
969:3,969,1,1,3,-0.031209
969:3,969,1,1,4,-0.182565
969:3,969,1,1,5,-0.501898
969:3,969,1,1,6,-0.182565
969:3,969,1,1,7,-0.483784
969:3,969,1,1,8,0.286364
969:3,969,1,1,9,-0.424519
1005:4,1005,1,0,0,0.037673
1005:4,1005,1,0,1,-0.079417
1005:4,1005,1,0,2,-0.021591
1005:4,1005,1,0,3,-0.079417
1005:4,1005,1,0,4,-0.322234
1005:4,1005,1,0,5,0.037673
1005:4,1005,1,0,6,-0.137601
1005:4,1005,1,0,7,-0.079417
1005:4,1005,1,0,8,-0.0
1005:4,1005,1,0,9,-0.209115
1005:4,1005,1,1,0,0.037673
1005:4,1005,1,1,1,-0.079417
1005:4,1005,1,1,2,-0.021591
1005:4,1005,1,1,3,-0.079417
1005:4,1005,1,1,4,-0.322234
1005:4,1005,1,1,5,0.037673
1005:4,1005,1,1,6,-0.159986
1005:4,1005,1,1,7,-0.079417
1005:4,1005,1,1,8,-0.0
1005:4,1005,1,1,9,-0.209115
1042:4,1042,1,0,0,-0.111789
1042:4,1042,1,0,1,-0.092402
1042:4,1042,1,0,2,-0.092402
1042:4,1042,1,0,3,-0.146168
1042:4,1042,1,0,4,-0.111789
1042:4,1042,1,0,5,-0.092401
1042:4,1042,1,0,6,-0.111789
1042:4,1042,1,0,7,-0.111789
1042:4,1042,1,0,8,-0.111789
1042:4,1042,1,0,9,-0.092402
1042:4,1042,1,1,0,-0.111789
1042:4,1042,1,1,1,-0.092402
1042:4,1042,1,1,2,-0.092402
1042:4,1042,1,1,3,-0.146168
1042:4,1042,1,1,4,-0.111789
1042:4,1042,1,1,5,-0.092401
1042:4,1042,1,1,6,-0.111789
1042:4,1042,1,1,7,-0.111789
1042:4,1042,1,1,8,-0.111789
1042:4,1042,1,1,9,-0.092402
1065:0,1065,1,0,0,-0.414902
1065:0,1065,1,0,1,-0.351954
1065:0,1065,1,0,2,-0.452576
1065:0,1065,1,0,3,-0.404652
1065:0,1065,1,0,4,-0.367037
1065:0,1065,1,0,5,-0.462675
1065:0,1065,1,0,6,-0.367037
1065:0,1065,1,0,7,-0.424143
1065:0,1065,1,0,8,-0.414902
1065:0,1065,1,0,9,-0.317575
1065:0,1065,1,1,0,-0.424143
1065:0,1065,1,1,1,-0.432455
1065:0,1065,1,1,2,-0.452576
1065:0,1065,1,1,3,-0.404652
1065:0,1065,1,1,4,-0.367037
1065:0,1065,1,1,5,-0.414902
1065:0,1065,1,1,6,-0.367037
1065:0,1065,1,1,7,-0.424143
1065:0,1065,1,1,8,-0.414902
1065:0,1065,1,1,9,-0.317575
1098:9,1098,1,0,0,-0.011316
1098:9,1098,1,0,1,-0.005977
1098:9,1098,1,0,2,-0.020317
1098:9,1098,1,0,3,-0.011315
1098:9,1098,1,0,4,-0.011316
1098:9,1098,1,0,5,-0.030426
1098:9,1098,1,0,6,-0.005977
1098:9,1098,1,0,7,-0.016076
1098:9,1098,1,0,8,-0.011316
1098:9,1098,1,0,9,0.022455
1098:9,1098,1,1,0,-0.011316
1098:9,1098,1,1,1,-0.030426
1098:9,1098,1,1,2,-0.020317
1098:9,1098,1,1,3,-0.011315
1098:9,1098,1,1,4,-0.011316
1098:9,1098,1,1,5,-0.011316
1098:9,1098,1,1,6,-0.042417
1098:9,1098,1,1,7,-0.016076
1098:9,1098,1,1,8,-0.011316
1098:9,1098,1,1,9,-0.016076
1139:2,1139,1,0,0,-0.004241
1139:2,1139,1,0,1,-0.008015
1139:2,1139,1,0,2,0.0
1139:2,1139,1,0,3,0.0
1139:2,1139,1,0,4,0.0
1139:2,1139,1,0,5,0.0
1139:2,1139,1,0,6,-0.008015
1139:2,1139,1,0,7,-0.008015
1139:2,1139,1,0,8,-0.008015
1139:2,1139,1,0,9,-0.004241
1139:2,1139,1,1,0,-0.004241
1139:2,1139,1,1,1,-0.008015
1139:2,1139,1,1,2,0.0
1139:2,1139,1,1,3,0.0
1139:2,1139,1,1,4,0.0
1139:2,1139,1,1,5,0.0
1139:2,1139,1,1,6,-0.008015
1139:2,1139,1,1,7,-0.008015
1139:2,1139,1,1,8,-0.008015
1139:2,1139,1,1,9,-0.004241
1174:5,1174,0,0,0,0.817498
1174:5,1174,0,0,1,0.273305
1174:5,1174,0,0,2,0.566537
1174:5,1174,0,0,3,0.242815
1174:5,1174,0,0,4,0.687435
1174:5,1174,0,0,5,0.815152
1174:5,1174,0,0,6,0.759625
1174:5,1174,0,0,7,0.826907
1174:5,1174,0,0,8,0.823053
1174:5,1174,0,0,9,0.806172
1174:5,1174,0,1,0,0.817498
1174:5,1174,0,1,1,0.653054
1174:5,1174,0,1,2,0.566537
1174:5,1174,0,1,3,0.242815
1174:5,1174,0,1,4,0.687435
1174:5,1174,0,1,5,0.782081
1174:5,1174,0,1,6,0.759625
1174:5,1174,0,1,7,0.83468
1174:5,1174,0,1,8,0.823053
1174:5,1174,0,1,9,0.806172
1211:4,1211,1,0,0,-0.19985
1211:4,1211,1,0,1,-0.508358
1211:4,1211,1,0,2,-0.548633
1211:4,1211,1,0,3,-0.293236
1211:4,1211,1,0,4,-0.485973
1211:4,1211,1,0,5,-0.485973
1211:4,1211,1,0,6,-0.611856
1211:4,1211,1,0,7,-0.1086
1211:4,1211,1,0,8,-0.410237
1211:4,1211,1,0,9,-0.168883
1211:4,1211,1,1,0,-0.485973
1211:4,1211,1,1,1,-0.508358
1211:4,1211,1,1,2,-0.548633
1211:4,1211,1,1,3,-0.529245
1211:4,1211,1,1,4,-0.485973
1211:4,1211,1,1,5,-0.485973
1211:4,1211,1,1,6,-0.436844
1211:4,1211,1,1,7,-0.410238
1211:4,1211,1,1,8,-0.410237
1211:4,1211,1,1,9,-0.63571
1244:7,1244,1,0,0,0.017552
1244:7,1244,1,0,1,0.0
1244:7,1244,1,0,2,-0.235719
1244:7,1244,1,0,3,0.031696
1244:7,1244,1,0,4,-0.847354
1244:7,1244,1,0,5,-0.867475
1244:7,1244,1,0,6,0.009241
1244:7,1244,1,0,7,-0.906324
1244:7,1244,1,0,8,0.009241
1244:7,1244,1,0,9,-0.01025
1244:7,1244,1,1,0,-0.183841
1244:7,1244,1,1,1,0.0
1244:7,1244,1,1,2,-0.29244
1244:7,1244,1,1,3,0.0
1244:7,1244,1,1,4,-0.861497
1244:7,1244,1,1,5,0.017552
1244:7,1244,1,1,6,-0.209114
1244:7,1244,1,1,7,-0.537358
1244:7,1244,1,1,8,-0.713086
1244:7,1244,1,1,9,-0.23572
1289:1,1289,0,0,0,0.172773
1289:1,1289,0,0,1,0.172773
1289:1,1289,0,0,2,0.187856
1289:1,1289,0,0,3,0.187856
1289:1,1289,0,0,4,0.172773
1289:1,1289,0,0,5,0.201618
1289:1,1289,0,0,6,0.201618
1289:1,1289,0,0,7,0.187856
1289:1,1289,0,0,8,0.187856
1289:1,1289,0,0,9,0.201618
1289:1,1289,0,1,0,0.172773
1289:1,1289,0,1,1,0.172773
1289:1,1289,0,1,2,0.187856
1289:1,1289,0,1,3,0.187856
1289:1,1289,0,1,4,0.172773
1289:1,1289,0,1,5,0.201618
1289:1,1289,0,1,6,0.201618
1289:1,1289,0,1,7,0.187856
1289:1,1289,0,1,8,0.187856
1289:1,1289,0,1,9,0.201618
1315:6,1315,1,0,0,-0.016469
1315:6,1315,1,0,1,-0.444614
1315:6,1315,1,0,2,-0.351946
1315:6,1315,1,0,3,-0.053766
1315:6,1315,1,0,4,-0.074652
1315:6,1315,1,0,5,0.0
1315:6,1315,1,0,6,-0.034378
1315:6,1315,1,0,7,-0.200597
1315:6,1315,1,0,8,-0.034378
1315:6,1315,1,0,9,-0.016469
1315:6,1315,1,1,0,-0.28977
1315:6,1315,1,1,1,-0.259283
1315:6,1315,1,1,2,-0.097037
1315:6,1315,1,1,3,-0.053766
1315:6,1315,1,1,4,-0.074652
1315:6,1315,1,1,5,0.0
1315:6,1315,1,1,6,-0.034378
1315:6,1315,1,1,7,-0.200597
1315:6,1315,1,1,8,-0.034378
1315:6,1315,1,1,9,-0.016469
1340:8,1340,1,0,0,-0.147971
1340:8,1340,1,0,1,0.210384
1340:8,1340,1,0,2,0.236991
1340:8,1340,1,0,3,-0.174576
1340:8,1340,1,0,4,-0.174575
1340:8,1340,1,0,5,-0.174576
1340:8,1340,1,0,6,-0.223705
1340:8,1340,1,0,7,-0.147968
1340:8,1340,1,0,8,0.210384
1340:8,1340,1,0,9,0.062416
1340:8,1340,1,1,0,-0.147971
1340:8,1340,1,1,1,0.210384
1340:8,1340,1,1,2,-0.147969
1340:8,1340,1,1,3,-0.174576
1340:8,1340,1,1,4,0.153666
1340:8,1340,1,1,5,-0.199852
1340:8,1340,1,1,6,-0.223705
1340:8,1340,1,1,7,0.23699
1340:8,1340,1,1,8,0.210384
1340:8,1340,1,1,9,-0.431469
1377:12,1377,0,0,0,0.347247
1377:12,1377,0,0,1,0.331476
1377:12,1377,0,0,2,0.339787
1377:12,1377,0,0,3,0.322234
1377:12,1377,0,0,4,0.339787
1377:12,1377,0,0,5,0.347247
1377:12,1377,0,0,6,0.339787
1377:12,1377,0,0,7,0.322234
1377:12,1377,0,0,8,0.347247
1377:12,1377,0,0,9,0.339787
1377:12,1377,0,1,0,0.347247
1377:12,1377,0,1,1,0.331476
1377:12,1377,0,1,2,0.339787
1377:12,1377,0,1,3,0.322234
1377:12,1377,0,1,4,0.339787
1377:12,1377,0,1,5,0.347247
1377:12,1377,0,1,6,0.339787
1377:12,1377,0,1,7,0.322234
1377:12,1377,0,1,8,0.347247
1377:12,1377,0,1,9,0.339787
1417:0,1417,1,0,0,-0.210386
1417:0,1417,1,0,1,0.075735
1417:0,1417,1,0,2,-0.179176
1417:0,1417,1,0,3,-0.147968
1417:0,1417,1,0,4,-0.179177
1417:0,1417,1,0,5,-0.210386
1417:0,1417,1,0,6,0.075736
1417:0,1417,1,0,7,-0.210386
1417:0,1417,1,0,8,-0.179177
1417:0,1417,1,0,9,-0.179177
1417:0,1417,1,1,0,-0.210386
1417:0,1417,1,1,1,0.075735
1417:0,1417,1,1,2,-0.179176
1417:0,1417,1,1,3,-0.477365
1417:0,1417,1,1,4,0.075736
1417:0,1417,1,1,5,0.075735
1417:0,1417,1,1,6,0.075736
1417:0,1417,1,1,7,0.075736
1417:0,1417,1,1,8,-0.631755
1417:0,1417,1,1,9,0.119006
1457:1,1457,1,0,0,-0.074113
1457:1,1457,1,0,1,-0.064767
1457:1,1457,1,0,2,-0.072668
1457:1,1457,1,0,3,-0.081927
1457:1,1457,1,0,4,-0.069193
1457:1,1457,1,0,5,-0.072668
1457:1,1457,1,0,6,-0.069193
1457:1,1457,1,0,7,-0.074113
1457:1,1457,1,0,8,-0.084869
1457:1,1457,1,0,9,-0.072668
1457:1,1457,1,1,0,-0.074113
1457:1,1457,1,1,1,-0.064767
1457:1,1457,1,1,2,-0.072668
1457:1,1457,1,1,3,-0.062122
1457:1,1457,1,1,4,-0.069193
1457:1,1457,1,1,5,-0.072668
1457:1,1457,1,1,6,-0.069193
1457:1,1457,1,1,7,-0.084764
1457:1,1457,1,1,8,-0.072668
1457:1,1457,1,1,9,-0.072668
1492:12,1492,0,0,0,0.05656
1492:12,1492,0,0,1,0.053483
1492:12,1492,0,0,2,0.053483
1492:12,1492,0,0,3,0.053483
1492:12,1492,0,0,4,0.055115
1492:12,1492,0,0,5,0.05656
1492:12,1492,0,0,6,0.053483
1492:12,1492,0,0,7,0.055115
1492:12,1492,0,0,8,0.055115
1492:12,1492,0,0,9,0.055115
1492:12,1492,0,1,0,0.05656
1492:12,1492,0,1,1,0.053483
1492:12,1492,0,1,2,0.053483
1492:12,1492,0,1,3,0.053483
1492:12,1492,0,1,4,0.055115
1492:12,1492,0,1,5,0.05656
1492:12,1492,0,1,6,0.053483
1492:12,1492,0,1,7,0.055115
1492:12,1492,0,1,8,0.055115
1492:12,1492,0,1,9,0.055115
1523:11,1523,1,0,0,-0.028432
1523:11,1523,1,0,1,-0.022455
1523:11,1523,1,0,2,-0.028432
1523:11,1523,1,0,3,-0.028432
1523:11,1523,1,0,4,-0.022455
1523:11,1523,1,0,5,-0.028432
1523:11,1523,1,0,6,-0.042772
1523:11,1523,1,0,7,-0.022455
1523:11,1523,1,0,8,-0.022455
1523:11,1523,1,0,9,-0.042772
1523:11,1523,1,1,0,-0.028432
1523:11,1523,1,1,1,-0.022455
1523:11,1523,1,1,2,-0.028432
1523:11,1523,1,1,3,-0.028432
1523:11,1523,1,1,4,-0.022455
1523:11,1523,1,1,5,-0.028432
1523:11,1523,1,1,6,-0.042772
1523:11,1523,1,1,7,-0.022455
1523:11,1523,1,1,8,-0.022455
1523:11,1523,1,1,9,-0.042772
1553:3,1553,1,0,0,-0.02944
1553:3,1553,1,0,1,-0.034995
1553:3,1553,1,0,2,-0.047091
1553:3,1553,1,0,3,-0.047268
1553:3,1553,1,0,4,-0.044625
1553:3,1553,1,0,5,0.012661
1553:3,1553,1,0,6,-0.027094
1553:3,1553,1,0,7,-0.045925
1553:3,1553,1,0,8,-0.042817
1553:3,1553,1,0,9,-0.042206
1553:3,1553,1,1,0,-0.027094
1553:3,1553,1,1,1,-0.039849
1553:3,1553,1,1,2,-0.047268
1553:3,1553,1,1,3,-0.046394
1553:3,1553,1,1,4,-0.018114
1553:3,1553,1,1,5,-0.043356
1553:3,1553,1,1,6,0.047924
1553:3,1553,1,1,7,-0.043356
1553:3,1553,1,1,8,0.071778
1553:3,1553,1,1,9,-0.045499
1594:5,1594,0,0,0,-0.04913
1594:5,1594,0,0,1,-0.023856
1594:5,1594,0,0,2,-0.10356
1594:5,1594,0,0,3,-0.103561
1594:5,1594,0,0,4,-0.103561
1594:5,1594,0,0,5,-0.075737
1594:5,1594,0,0,6,-0.04913
1594:5,1594,0,0,7,-0.132455
1594:5,1594,0,0,8,-0.162249
1594:5,1594,0,0,9,-0.10356
1594:5,1594,0,1,0,-0.075737
1594:5,1594,0,1,1,-0.075736
1594:5,1594,0,1,2,-0.10356
1594:5,1594,0,1,3,-0.103561
1594:5,1594,0,1,4,-0.103561
1594:5,1594,0,1,5,-0.075737
1594:5,1594,0,1,6,-0.04913
1594:5,1594,0,1,7,-0.132455
1594:5,1594,0,1,8,-0.162249
1594:5,1594,0,1,9,-0.10356
1633:8,1633,1,0,0,-0.146168
1633:8,1633,1,0,1,-0.129699
1633:8,1633,1,0,2,-0.161251
1633:8,1633,1,0,3,-0.146168
1633:8,1633,1,0,4,-0.146168
1633:8,1633,1,0,5,-0.129698
1633:8,1633,1,0,6,-0.146168
1633:8,1633,1,0,7,-0.146168
1633:8,1633,1,0,8,-0.146168
1633:8,1633,1,0,9,-0.161251
1633:8,1633,1,1,0,-0.146168
1633:8,1633,1,1,1,-0.129699
1633:8,1633,1,1,2,-0.161251
1633:8,1633,1,1,3,-0.146168
1633:8,1633,1,1,4,-0.146168
1633:8,1633,1,1,5,-0.129698
1633:8,1633,1,1,6,-0.146168
1633:8,1633,1,1,7,-0.146168
1633:8,1633,1,1,8,-0.146168
1633:8,1633,1,1,9,-0.161251
1671:4,1671,0,0,0,0.172773
1671:4,1671,0,0,1,0.200596
1671:4,1671,0,0,2,0.229491
1671:4,1671,0,0,3,0.200597
1671:4,1671,0,0,4,0.146167
1671:4,1671,0,0,5,0.146167
1671:4,1671,0,0,6,0.146167
1671:4,1671,0,0,7,0.200596
1671:4,1671,0,0,8,0.200597
1671:4,1671,0,0,9,0.200597
1671:4,1671,0,1,0,0.172773
1671:4,1671,0,1,1,0.200596
1671:4,1671,0,1,2,0.034378
1671:4,1671,0,1,3,0.200597
1671:4,1671,0,1,4,0.146167
1671:4,1671,0,1,5,0.146167
1671:4,1671,0,1,6,0.146167
1671:4,1671,0,1,7,0.200596
1671:4,1671,0,1,8,0.200597
1671:4,1671,0,1,9,0.200597
1708:2,1708,1,0,0,-0.635708
1708:2,1708,1,0,1,-0.559972
1708:2,1708,1,0,2,-0.732748
1708:2,1708,1,0,3,-0.761593
1708:2,1708,1,0,4,-0.67898
1708:2,1708,1,0,5,-0.559973
1708:2,1708,1,0,6,-0.635707
1708:2,1708,1,0,7,-0.874105
1708:2,1708,1,0,8,-0.559971
1708:2,1708,1,0,9,-0.611851
1708:2,1708,1,1,0,-0.635708
1708:2,1708,1,1,1,-0.318619
1708:2,1708,1,1,2,-0.732748
1708:2,1708,1,1,3,-0.879628
1708:2,1708,1,1,4,-0.67898
1708:2,1708,1,1,5,-0.635708
1708:2,1708,1,1,6,-0.635707
1708:2,1708,1,1,7,-0.85484
1708:2,1708,1,1,8,-0.559971
1708:2,1708,1,1,9,-0.611851
1740:10,1740,0,0,0,0.26742
1740:10,1740,0,0,1,0.214132
1740:10,1740,0,0,2,0.225473
1740:10,1740,0,0,3,0.225473
1740:10,1740,0,0,4,0.253276
1740:10,1740,0,0,5,0.26742
1740:10,1740,0,0,6,0.260736
1740:10,1740,0,0,7,0.253276
1740:10,1740,0,0,8,0.253276
1740:10,1740,0,0,9,0.260736
1740:10,1740,0,1,0,0.26742
1740:10,1740,0,1,1,0.214132
1740:10,1740,0,1,2,0.225473
1740:10,1740,0,1,3,0.225473
1740:10,1740,0,1,4,0.253276
1740:10,1740,0,1,5,0.26742
1740:10,1740,0,1,6,0.260736
1740:10,1740,0,1,7,0.253276
1740:10,1740,0,1,8,0.253276
1740:10,1740,0,1,9,0.260736
1769:2,1769,1,0,0,-0.895126
1769:2,1769,1,0,1,-0.847354
1769:2,1769,1,0,2,-0.923876
1769:2,1769,1,0,3,-0.921466
1769:2,1769,1,0,4,-0.895126
1769:2,1769,1,0,5,-0.895126
1769:2,1769,1,0,6,-0.730638
1769:2,1769,1,0,7,-0.930753
1769:2,1769,1,0,8,-0.929281
1769:2,1769,1,0,9,-0.927233
1769:2,1769,1,1,0,-0.895126
1769:2,1769,1,1,1,-0.847354
1769:2,1769,1,1,2,-0.923876
1769:2,1769,1,1,3,-0.921466
1769:2,1769,1,1,4,-0.895126
1769:2,1769,1,1,5,-0.895126
1769:2,1769,1,1,6,-0.730638
1769:2,1769,1,1,7,-0.930753
1769:2,1769,1,1,8,-0.929281
1769:2,1769,1,1,9,-0.927233
1806:0,1806,1,0,0,-0.192107
1806:0,1806,1,0,1,-0.168729
1806:0,1806,1,0,2,-0.148411
1806:0,1806,1,0,3,-0.187751
1806:0,1806,1,0,4,-0.178837
1806:0,1806,1,0,5,-0.175858
1806:0,1806,1,0,6,-0.134268
1806:0,1806,1,0,7,-0.125956
1806:0,1806,1,0,8,-0.168729
1806:0,1806,1,0,9,-0.175857
1806:0,1806,1,1,0,-0.154389
1806:0,1806,1,1,1,-0.200314
1806:0,1806,1,1,2,-0.148411
1806:0,1806,1,1,3,-0.178837
1806:0,1806,1,1,4,-0.164488
1806:0,1806,1,1,5,-0.154389
1806:0,1806,1,1,6,-0.134268
1806:0,1806,1,1,7,-0.183829
1806:0,1806,1,1,8,-0.168729
1806:0,1806,1,1,9,-0.175857
1843:9,1843,1,0,0,-0.116714
1843:9,1843,1,0,1,-0.106464
1843:9,1843,1,0,2,-0.116714
1843:9,1843,1,0,3,-0.116714
1843:9,1843,1,0,4,-0.116714
1843:9,1843,1,0,5,-0.116714
1843:9,1843,1,0,6,-0.106464
1843:9,1843,1,0,7,-0.116714
1843:9,1843,1,0,8,-0.116714
1843:9,1843,1,0,9,-0.116714
1843:9,1843,1,1,0,-0.116714
1843:9,1843,1,1,1,-0.106464
1843:9,1843,1,1,2,-0.116714
1843:9,1843,1,1,3,-0.116714
1843:9,1843,1,1,4,-0.116714
1843:9,1843,1,1,5,-0.116714
1843:9,1843,1,1,6,-0.106464
1843:9,1843,1,1,7,-0.116714
1843:9,1843,1,1,8,-0.116714
1843:9,1843,1,1,9,-0.116714
1864:4,1864,0,0,0,0.266975
1864:4,1864,0,0,1,0.223706
1864:4,1864,0,0,2,0.223704
1864:4,1864,0,0,3,0.246089
1864:4,1864,0,0,4,0.223705
1864:4,1864,0,0,5,0.246088
1864:4,1864,0,0,6,0.223705
1864:4,1864,0,0,7,0.286365
1864:4,1864,0,0,8,0.061456
1864:4,1864,0,0,9,0.286366
1864:4,1864,0,1,0,0.030966
1864:4,1864,0,1,1,0.030968
1864:4,1864,0,1,2,0.223704
1864:4,1864,0,1,3,0.246089
1864:4,1864,0,1,4,0.223705
1864:4,1864,0,1,5,0.246088
1864:4,1864,0,1,6,0.223705
1864:4,1864,0,1,7,0.286365
1864:4,1864,0,1,8,0.266976
1864:4,1864,0,1,9,0.286366
1918:9,1918,1,0,0,-0.01718
1918:9,1918,1,0,1,-0.0151
1918:9,1918,1,0,2,-0.0151
1918:9,1918,1,0,3,-0.0151
1918:9,1918,1,0,4,-0.0151
1918:9,1918,1,0,5,-0.0151
1918:9,1918,1,0,6,-0.0151
1918:9,1918,1,0,7,-0.010109
1918:9,1918,1,0,8,-0.012754
1918:9,1918,1,0,9,-0.01718
1918:9,1918,1,1,0,-0.01718
1918:9,1918,1,1,1,-0.0151
1918:9,1918,1,1,2,-0.0151
1918:9,1918,1,1,3,-0.0151
1918:9,1918,1,1,4,-0.0151
1918:9,1918,1,1,5,-0.0151
1918:9,1918,1,1,6,-0.0151
1918:9,1918,1,1,7,-0.010109
1918:9,1918,1,1,8,-0.012754
1918:9,1918,1,1,9,-0.01718
1962:6,1962,1,0,0,0.0
1962:6,1962,1,0,1,-0.005782
1962:6,1962,1,0,2,-0.001473
1962:6,1962,1,0,3,-0.003099
1962:6,1962,1,0,4,0.000884
1962:6,1962,1,0,5,0.0
1962:6,1962,1,0,6,-0.001473
1962:6,1962,1,0,7,0.0
1962:6,1962,1,0,8,-0.001473
1962:6,1962,1,0,9,-0.006067
1962:6,1962,1,1,0,0.0
1962:6,1962,1,1,1,-0.002083
1962:6,1962,1,1,2,-0.001473
1962:6,1962,1,1,3,-0.003099
1962:6,1962,1,1,4,0.000884
1962:6,1962,1,1,5,0.0
1962:6,1962,1,1,6,-0.00614
1962:6,1962,1,1,7,0.0
1962:6,1962,1,1,8,0.0
1962:6,1962,1,1,9,-0.002623
1986:9,1986,0,0,0,0.031696
1986:9,1986,0,0,1,0.043011
1986:9,1986,0,0,2,0.043011
1986:9,1986,0,0,3,0.043011
1986:9,1986,0,0,4,0.031696
1986:9,1986,0,0,5,0.031696
1986:9,1986,0,0,6,-0.021592
1986:9,1986,0,0,7,0.037673
1986:9,1986,0,0,8,0.043011
1986:9,1986,0,0,9,0.043012
1986:9,1986,0,1,0,0.031696
1986:9,1986,0,1,1,0.043011
1986:9,1986,0,1,2,-0.159987
1986:9,1986,0,1,3,-0.116714
1986:9,1986,0,1,4,0.031696
1986:9,1986,0,1,5,0.031696
1986:9,1986,0,1,6,-0.097326
1986:9,1986,0,1,7,-0.021591
1986:9,1986,0,1,8,0.043011
1986:9,1986,0,1,9,0.043012
2018:11,2018,0,0,0,0.572488
2018:11,2018,0,0,1,0.514661
2018:11,2018,0,0,2,0.358353
2018:11,2018,0,0,3,0.410233
2018:11,2018,0,0,4,0.619093
2018:11,2018,0,0,5,0.572488
2018:11,2018,0,0,6,0.58383
2018:11,2018,0,0,7,0.603321
2018:11,2018,0,0,8,0.559975
2018:11,2018,0,0,9,0.572488
2018:11,2018,0,1,0,0.531133
2018:11,2018,0,1,1,0.514661
2018:11,2018,0,1,2,0.027825
2018:11,2018,0,1,3,0.410233
2018:11,2018,0,1,4,0.514663
2018:11,2018,0,1,5,0.572488
2018:11,2018,0,1,6,0.58383
2018:11,2018,0,1,7,0.665118
2018:11,2018,0,1,8,0.559975
2018:11,2018,0,1,9,0.603323
2059:12,2059,1,0,0,-0.21413
2059:12,2059,1,0,1,-0.138394
2059:12,2059,1,0,2,-0.21413
2059:12,2059,1,0,3,-0.241954
2059:12,2059,1,0,4,-0.241954
2059:12,2059,1,0,5,-0.138394
2059:12,2059,1,0,6,-0.16225
2059:12,2059,1,0,7,-0.187524
2059:12,2059,1,0,8,-0.187523
2059:12,2059,1,0,9,-0.241954
2059:12,2059,1,1,0,-0.116009
2059:12,2059,1,1,1,-0.138394
2059:12,2059,1,1,2,-0.116009
2059:12,2059,1,1,3,-0.16225
2059:12,2059,1,1,4,-0.241954
2059:12,2059,1,1,5,-0.241954
2059:12,2059,1,1,6,-0.241954
2059:12,2059,1,1,7,-0.116009
2059:12,2059,1,1,8,-0.075735
2059:12,2059,1,1,9,-0.241954
2089:13,2089,1,0,0,-0.187524
2089:13,2089,1,0,1,-0.187524
2089:13,2089,1,0,2,-0.198865
2089:13,2089,1,0,3,-0.187524
2089:13,2089,1,0,4,-0.187524
2089:13,2089,1,0,5,-0.025274
2089:13,2089,1,0,6,-0.198865
2089:13,2089,1,0,7,-0.187524
2089:13,2089,1,0,8,-0.187524
2089:13,2089,1,0,9,-0.187524
2089:13,2089,1,1,0,0.0
2089:13,2089,1,1,1,-0.187524
2089:13,2089,1,1,2,-0.198865
2089:13,2089,1,1,3,-0.187524
2089:13,2089,1,1,4,-0.187524
2089:13,2089,1,1,5,-0.187524
2089:13,2089,1,1,6,-0.198865
2089:13,2089,1,1,7,-0.187524
2089:13,2089,1,1,8,-0.187524
2089:13,2089,1,1,9,-0.187524
2120:4,2120,0,0,0,-0.059143
2120:4,2120,0,0,1,-0.0
2120:4,2120,0,0,2,0.013526
2120:4,2120,0,0,3,0.011894
2120:4,2120,0,0,4,-0.04159
2120:4,2120,0,0,5,-0.049902
2120:4,2120,0,0,6,-0.027447
2120:4,2120,0,0,7,-0.093247
2120:4,2120,0,0,8,-0.080736
2120:4,2120,0,0,9,-0.016131
2120:4,2120,0,1,0,-0.059143
2120:4,2120,0,1,1,0.025622
2120:4,2120,0,1,2,0.020046
2120:4,2120,0,1,3,0.011894
2120:4,2120,0,1,4,-0.04159
2120:4,2120,0,1,5,-0.049902
2120:4,2120,0,1,6,-0.027447
2120:4,2120,0,1,7,-0.093247
2120:4,2120,0,1,8,-0.080736
2120:4,2120,0,1,9,-0.016131
2144:2,2144,1,0,0,-0.01434
2144:2,2144,1,0,1,-0.189614
2144:2,2144,1,0,2,-0.559576
2144:2,2144,1,0,3,-0.034461
2144:2,2144,1,0,4,-0.052013
2144:2,2144,1,0,5,-0.01434
2144:2,2144,1,0,6,-0.009002
2144:2,2144,1,0,7,-0.062263
2144:2,2144,1,0,8,-0.027001
2144:2,2144,1,0,9,-0.027001
2144:2,2144,1,1,0,-0.01434
2144:2,2144,1,1,1,-0.189612
2144:2,2144,1,1,2,-0.46691
2144:2,2144,1,1,3,-0.034461
2144:2,2144,1,1,4,-0.052013
2144:2,2144,1,1,5,-0.01434
2144:2,2144,1,1,6,-0.009002
2144:2,2144,1,1,7,-0.099878
2144:2,2144,1,1,8,-0.027001
2144:2,2144,1,1,9,-0.027001
2176:10,2176,0,0,0,-0.11072
2176:10,2176,0,0,1,-0.11072
2176:10,2176,0,0,2,-0.100621
2176:10,2176,0,0,3,-0.105959
2176:10,2176,0,0,4,-0.11072
2176:10,2176,0,0,5,0.034378
2176:10,2176,0,0,6,-0.100621
2176:10,2176,0,0,7,0.200597
2176:10,2176,0,0,8,0.444618
2176:10,2176,0,0,9,0.053766
2176:10,2176,0,1,0,-0.11072
2176:10,2176,0,1,1,-0.11072
2176:10,2176,0,1,2,0.016469
2176:10,2176,0,1,3,-0.105959
2176:10,2176,0,1,4,-0.11072
2176:10,2176,0,1,5,-0.11072
2176:10,2176,0,1,6,0.200598
2176:10,2176,0,1,7,0.074652
2176:10,2176,0,1,8,-0.072188
2176:10,2176,0,1,9,-0.094643
2206:2,2206,1,0,0,-0.399757
2206:2,2206,1,0,1,-0.273813
2206:2,2206,1,0,2,-0.440032
2206:2,2206,1,0,3,-0.273812
2206:2,2206,1,0,4,-0.420645
2206:2,2206,1,0,5,-0.420644
2206:2,2206,1,0,6,-0.474411
2206:2,2206,1,0,7,-0.184634
2206:2,2206,1,0,8,-0.301636
2206:2,2206,1,0,9,-0.060282
2206:2,2206,1,1,0,-0.273812
2206:2,2206,1,1,1,-0.420645
2206:2,2206,1,1,2,-0.440032
2206:2,2206,1,1,3,-0.399758
2206:2,2206,1,1,4,-0.420645
2206:2,2206,1,1,5,-0.273812
2206:2,2206,1,1,6,-0.474411
2206:2,2206,1,1,7,-0.353517
2206:2,2206,1,1,8,-0.301636
2206:2,2206,1,1,9,-0.060282
2246:9,2246,0,0,0,0.045314
2246:9,2246,0,0,1,0.045314
2246:9,2246,0,0,2,0.045314
2246:9,2246,0,0,3,0.057826
2246:9,2246,0,0,4,0.045314
2246:9,2246,0,0,5,0.045314
2246:9,2246,0,0,6,0.057826
2246:9,2246,0,0,7,0.069168
2246:9,2246,0,0,8,0.057826
2246:9,2246,0,0,9,0.069167
2246:9,2246,0,1,0,0.045314
2246:9,2246,0,1,1,0.045314
2246:9,2246,0,1,2,0.045314
2246:9,2246,0,1,3,0.057826
2246:9,2246,0,1,4,0.045314
2246:9,2246,0,1,5,0.045314
2246:9,2246,0,1,6,0.057826
2246:9,2246,0,1,7,0.069168
2246:9,2246,0,1,8,0.057826
2246:9,2246,0,1,9,0.069167
2276:4,2276,1,0,0,-0.01434
2276:4,2276,1,0,1,-0.01434
2276:4,2276,1,0,2,-0.010099
2276:4,2276,1,0,3,-0.021469
2276:4,2276,1,0,4,-0.01434
2276:4,2276,1,0,5,-0.01434
2276:4,2276,1,0,6,-0.018114
2276:4,2276,1,0,7,-0.01434
2276:4,2276,1,0,8,-0.018114
2276:4,2276,1,0,9,-0.01434
2276:4,2276,1,1,0,-0.01434
2276:4,2276,1,1,1,-0.01434
2276:4,2276,1,1,2,-0.010099
2276:4,2276,1,1,3,-0.021469
2276:4,2276,1,1,4,-0.01434
2276:4,2276,1,1,5,-0.01434
2276:4,2276,1,1,6,-0.018114
2276:4,2276,1,1,7,-0.01434
2276:4,2276,1,1,8,-0.018114
2276:4,2276,1,1,9,-0.01434
2299:13,2299,0,0,0,0.301637
2299:13,2299,0,0,1,0.179178
2299:13,2299,0,0,2,0.147969
2299:13,2299,0,0,3,0.147969
2299:13,2299,0,0,4,0.241354
2299:13,2299,0,0,5,0.301637
2299:13,2299,0,0,6,0.330533
2299:13,2299,0,0,7,0.271844
2299:13,2299,0,0,8,0.301637
2299:13,2299,0,0,9,0.179179
2299:13,2299,0,1,0,0.301637
2299:13,2299,0,1,1,0.179178
2299:13,2299,0,1,2,-0.0
2299:13,2299,0,1,3,0.301638
2299:13,2299,0,1,4,0.241354
2299:13,2299,0,1,5,0.301637
2299:13,2299,0,1,6,0.330533
2299:13,2299,0,1,7,0.271844
2299:13,2299,0,1,8,0.301637
2299:13,2299,0,1,9,0.330532
2325:1,2325,1,0,0,-0.362096
2325:1,2325,1,0,1,-0.572486
2325:1,2325,1,0,2,-0.331131
2325:1,2325,1,0,3,-0.515767
2325:1,2325,1,0,4,-0.515766
2325:1,2325,1,0,5,-0.362096
2325:1,2325,1,0,6,-0.893278
2325:1,2325,1,0,7,-0.624364
2325:1,2325,1,0,8,-0.670605
2325:1,2325,1,0,9,-0.485972
2325:1,2325,1,1,0,-0.362096
2325:1,2325,1,1,1,-0.572486
2325:1,2325,1,1,2,-0.515764
2325:1,2325,1,1,3,-0.515767
2325:1,2325,1,1,4,-0.879246
2325:1,2325,1,1,5,-0.891808
2325:1,2325,1,1,6,-0.515765
2325:1,2325,1,1,7,-0.885732
2325:1,2325,1,1,8,-0.670605
2325:1,2325,1,1,9,-0.485972
2380:5,2380,0,0,0,0.125955
2380:5,2380,0,0,1,0.141727
2380:5,2380,0,0,2,0.125956
2380:5,2380,0,0,3,0.134267
2380:5,2380,0,0,4,0.134267
2380:5,2380,0,0,5,0.125955
2380:5,2380,0,0,6,0.148411
2380:5,2380,0,0,7,0.125955
2380:5,2380,0,0,8,0.116714
2380:5,2380,0,0,9,0.125955
2380:5,2380,0,1,0,0.125955
2380:5,2380,0,1,1,0.141727
2380:5,2380,0,1,2,0.125956
2380:5,2380,0,1,3,0.134267
2380:5,2380,0,1,4,0.134267
2380:5,2380,0,1,5,0.125955
2380:5,2380,0,1,6,0.148411
2380:5,2380,0,1,7,0.125955
2380:5,2380,0,1,8,0.116714
2380:5,2380,0,1,9,0.125955
2412:13,2412,0,0,0,0.979488
2412:13,2412,0,0,1,0.00898
2412:13,2412,0,0,2,0.777852
2412:13,2412,0,0,3,0.086358
2412:13,2412,0,0,4,-0.009345
2412:13,2412,0,0,5,-0.006269
2412:13,2412,0,0,6,0.479666
2412:13,2412,0,0,7,0.162093
2412:13,2412,0,0,8,-0.004426
2412:13,2412,0,0,9,0.005625
2412:13,2412,0,1,0,-0.004426
2412:13,2412,0,1,1,0.00898
2412:13,2412,0,1,2,0.387
2412:13,2412,0,1,3,0.086358
2412:13,2412,0,1,4,0.846702
2412:13,2412,0,1,5,-0.006269
2412:13,2412,0,1,6,0.479666
2412:13,2412,0,1,7,-0.007901
2412:13,2412,0,1,8,-0.004426
2412:13,2412,0,1,9,0.005625
2449:10,2449,0,0,0,-0.221515
2449:10,2449,0,0,1,-0.201394
2449:10,2449,0,0,2,-0.208854
2449:10,2449,0,0,3,-0.04624
2449:10,2449,0,0,4,-0.201394
2449:10,2449,0,0,5,0.729735
2449:10,2449,0,0,6,-0.173591
2449:10,2449,0,0,7,0.718628
2449:10,2449,0,0,8,-0.193082
2449:10,2449,0,0,9,-0.193082
2449:10,2449,0,1,0,-0.208854
2449:10,2449,0,1,1,-0.208854
2449:10,2449,0,1,2,0.025273
2449:10,2449,0,1,3,-0.193082
2449:10,2449,0,1,4,-0.221514
2449:10,2449,0,1,5,-0.173591
2449:10,2449,0,1,6,0.353515
2449:10,2449,0,1,7,0.701747
2449:10,2449,0,1,8,-0.183841
2449:10,2449,0,1,9,-0.120893
2495:6,2495,0,0,0,0.308509
2495:6,2495,0,0,1,0.348783
2495:6,2495,0,0,2,0.308509
2495:6,2495,0,0,3,0.329396
2495:6,2495,0,0,4,0.329395
2495:6,2495,0,0,5,0.308509
2495:6,2495,0,0,6,0.348782
2495:6,2495,0,0,7,0.348783
2495:6,2495,0,0,8,0.348784
2495:6,2495,0,0,9,0.348784
2495:6,2495,0,1,0,0.308509
2495:6,2495,0,1,1,0.348783
2495:6,2495,0,1,2,0.308509
2495:6,2495,0,1,3,0.329396
2495:6,2495,0,1,4,0.329395
2495:6,2495,0,1,5,0.308509
2495:6,2495,0,1,6,0.348782
2495:6,2495,0,1,7,0.348783
2495:6,2495,0,1,8,0.348784
2495:6,2495,0,1,9,0.348784
2523:2,2523,1,0,0,-0.410236
2523:2,2523,1,0,1,-0.65322
2523:2,2523,1,0,2,-0.477363
2523:2,2523,1,0,3,-0.594078
2523:2,2523,1,0,4,-0.410236
2523:2,2523,1,0,5,-0.456477
2523:2,2523,1,0,6,-0.496751
2523:2,2523,1,0,7,-0.301636
2523:2,2523,1,0,8,-0.210387
2523:2,2523,1,0,9,-0.384962
2523:2,2523,1,1,0,-0.669469
2523:2,2523,1,1,1,-0.330531
2523:2,2523,1,1,2,-0.477363
2523:2,2523,1,1,3,-0.6562
2523:2,2523,1,1,4,-0.410236
2523:2,2523,1,1,5,-0.410235
2523:2,2523,1,1,6,-0.496751
2523:2,2523,1,1,7,-0.301636
2523:2,2523,1,1,8,-0.210387
2523:2,2523,1,1,9,-0.434092
2578:0,2578,1,0,0,-0.071778
2578:0,2578,1,0,1,-0.043345
2578:0,2578,1,0,2,-0.081878
2578:0,2578,1,0,3,-0.065801
2578:0,2578,1,0,4,-0.089892
2578:0,2578,1,0,5,-0.071778
2578:0,2578,1,0,6,-0.012511
2578:0,2578,1,0,7,-0.089892
2578:0,2578,1,0,8,-0.093247
2578:0,2578,1,0,9,-0.051657
2578:0,2578,1,1,0,-0.071778
2578:0,2578,1,1,1,-0.043345
2578:0,2578,1,1,2,-0.081878
2578:0,2578,1,1,3,-0.065801
2578:0,2578,1,1,4,-0.089892
2578:0,2578,1,1,5,-0.071778
2578:0,2578,1,1,6,-0.012511
2578:0,2578,1,1,7,-0.089892
2578:0,2578,1,1,8,-0.093247
2578:0,2578,1,1,9,-0.051657
2631:3,2631,1,0,0,-0.298451
2631:3,2631,1,0,1,-0.026605
2631:3,2631,1,0,2,-0.054429
2631:3,2631,1,0,3,-0.05443
2631:3,2631,1,0,4,-0.29845
2631:3,2631,1,0,5,-0.083325
2631:3,2631,1,0,6,-0.698208
2631:3,2631,1,0,7,-0.29845
2631:3,2631,1,0,8,-0.357139
2631:3,2631,1,0,9,-0.436842
2631:3,2631,1,1,0,-0.298451
2631:3,2631,1,1,1,-0.026605
2631:3,2631,1,1,2,-0.523359
2631:3,2631,1,1,3,-0.29845
2631:3,2631,1,1,4,-0.05443
2631:3,2631,1,1,5,-0.083325
2631:3,2631,1,1,6,-0.652382
2631:3,2631,1,1,7,-0.460699
2631:3,2631,1,1,8,-0.483084
2631:3,2631,1,1,9,-0.436842
2662:5,2662,1,0,0,-0.01434
2662:5,2662,1,0,1,-0.009002
2662:5,2662,1,0,2,-0.957206
2662:5,2662,1,0,3,-0.020317
2662:5,2662,1,0,4,-0.027001
2662:5,2662,1,0,5,-0.01434
2662:5,2662,1,0,6,-0.01434
2662:5,2662,1,0,7,-0.034461
2662:5,2662,1,0,8,-0.020317
2662:5,2662,1,0,9,0.012754
2662:5,2662,1,1,0,-0.315559
2662:5,2662,1,1,1,-0.0
2662:5,2662,1,1,2,-0.01434
2662:5,2662,1,1,3,0.003774
2662:5,2662,1,1,4,-0.027001
2662:5,2662,1,1,5,-0.344454
2662:5,2662,1,1,6,-0.646092
2662:5,2662,1,1,7,-0.966003
2662:5,2662,1,1,8,-0.899367
2662:5,2662,1,1,9,-0.009002
2694:8,2694,0,0,0,0.628379
2694:8,2694,0,0,1,0.637293
2694:8,2694,0,0,2,-0.103559
2694:8,2694,0,0,3,0.302709
2694:8,2694,0,0,4,0.518391
2694:8,2694,0,0,5,0.628379
2694:8,2694,0,0,6,0.544664
2694:8,2694,0,0,7,0.028895
2694:8,2694,0,0,8,0.648183
2694:8,2694,0,0,9,0.089178
2694:8,2694,0,1,0,0.532152
2694:8,2694,0,1,1,0.566256
2694:8,2694,0,1,2,-0.103559
2694:8,2694,0,1,3,0.641648
2694:8,2694,0,1,4,0.058688
2694:8,2694,0,1,5,0.182564
2694:8,2694,0,1,6,0.646747
2694:8,2694,0,1,7,0.028895
2694:8,2694,0,1,8,0.503308
2694:8,2694,0,1,9,0.503308
2745:5,2745,0,0,0,0.023856
2745:5,2745,0,0,1,0.183843
2745:5,2745,0,0,2,0.135977
2745:5,2745,0,0,3,0.120894
2745:5,2745,0,0,4,-1e-06
2745:5,2745,0,0,5,0.023856
2745:5,2745,0,0,6,0.046241
2745:5,2745,0,0,7,-0.0
2745:5,2745,0,0,8,0.046241
2745:5,2745,0,0,9,0.067128
2745:5,2745,0,1,0,0.023856
2745:5,2745,0,1,1,0.183843
2745:5,2745,0,1,2,0.135977
2745:5,2745,0,1,3,0.120894
2745:5,2745,0,1,4,-1e-06
2745:5,2745,0,1,5,0.023856
2745:5,2745,0,1,6,0.046241
2745:5,2745,0,1,7,-0.0
2745:5,2745,0,1,8,0.046241
2745:5,2745,0,1,9,0.067128
2786:6,2786,0,0,0,0.317089
2786:6,2786,0,0,1,-0.192737
2786:6,2786,0,0,2,-0.143608
2786:6,2786,0,0,3,0.429212
2786:6,2786,0,0,4,0.339475
2786:6,2786,0,0,5,0.293234
2786:6,2786,0,0,6,0.317091
2786:6,2786,0,0,7,0.39766
2786:6,2786,0,0,8,0.360363
2786:6,2786,0,0,9,0.360363
2786:6,2786,0,1,0,-0.060283
2786:6,2786,0,1,1,-0.192737
2786:6,2786,0,1,2,-0.143608
2786:6,2786,0,1,3,0.429212
2786:6,2786,0,1,4,0.339475
2786:6,2786,0,1,5,0.293234
2786:6,2786,0,1,6,0.317091
2786:6,2786,0,1,7,0.39766
2786:6,2786,0,1,8,0.360363
2786:6,2786,0,1,9,0.360363
2829:5,2829,0,0,0,0.037615
2829:5,2829,0,0,1,0.023854
2829:5,2829,0,0,2,0.556001
2829:5,2829,0,0,3,0.527106
2829:5,2829,0,0,4,0.037615
2829:5,2829,0,0,5,0.023853
2829:5,2829,0,0,6,0.023853
2829:5,2829,0,0,7,0.023854
2829:5,2829,0,0,8,0.023853
2829:5,2829,0,0,9,0.556002
2829:5,2829,0,1,0,0.037615
2829:5,2829,0,1,1,0.527106
2829:5,2829,0,1,2,0.556001
2829:5,2829,0,1,3,0.527106
2829:5,2829,0,1,4,0.037615
2829:5,2829,0,1,5,0.023853
2829:5,2829,0,1,6,0.702835
2829:5,2829,0,1,7,0.023854
2829:5,2829,0,1,8,0.556002
2829:5,2829,0,1,9,0.023853
2865:11,2865,1,0,0,0.0
2865:11,2865,1,0,1,0.061457
2865:11,2865,1,0,2,-0.398245
2865:11,2865,1,0,3,-0.262267
2865:11,2865,1,0,4,-0.062419
2865:11,2865,1,0,5,-0.062419
2865:11,2865,1,0,6,0.091249
2865:11,2865,1,0,7,0.091249
2865:11,2865,1,0,8,-0.062419
2865:11,2865,1,0,9,-0.093384
2865:11,2865,1,1,0,-0.062418
2865:11,2865,1,1,1,0.061457
2865:11,2865,1,1,2,-0.062419
2865:11,2865,1,1,3,0.030968
2865:11,2865,1,1,4,-0.031209
2865:11,2865,1,1,5,0.091249
2865:11,2865,1,1,6,-0.093385
2865:11,2865,1,1,7,0.223705
2865:11,2865,1,1,8,-0.123876
2865:11,2865,1,1,9,-0.182563
