key,source,certified_any,certified_legible,rows_kept,local_contrast,pix_diff
18:0,MathVision_MINI,0,0,0.0,0.0,0
132:4,MathVerse_MINI_Vision_Only,1,1,1.0,60.0,428
157:2,MMMU_DEV_VAL,0,0,0.0,0.0,0
184:9,MathVerse_MINI_Vision_Only,1,0,0.0,0.0,0
299:10,DynaMath,0,0,0.0,0.0,0
350:10,MathVerse_MINI_Vision_Only,0,0,0.0,0.0,0
444:6,MathVision_MINI,1,0,0.0,0.0,0
522:3,MathVision_MINI,0,0,0.0,0.0,0
612:11,WeMath,0,0,0.0,0.0,0
644:1,MathVerse_MINI_Vision_Only,0,0,0.0,0.0,0
678:0,DynaMath,0,0,0.0,0.0,0
716:13,MathVision_MINI,0,0,0.0,0.0,0
741:2,MathVerse_MINI_Vision_Only,0,0,0.0,0.0,0
768:19,MathVerse_MINI_Vision_Only,0,0,0.0,0.0,0
798:4,MathVerse_MINI_Vision_Only,0,0,0.0,0.0,0
837:0,MathVerse_MINI_Vision_Only,0,0,0.0,0.0,0
900:4,MathVision_MINI,0,0,0.0,0.0,0
940:6,MathVerse_MINI_Vision_Only,1,0,0.0,0.0,0
1015:21,DynaMath,0,0,0.0,0.0,0
1061:6,WeMath,0,0,0.0,0.0,0
1111:4,MathVerse_MINI_Vision_Only,1,0,0.0,0.0,0
1186:3,MathVerse_MINI_Vision_Only,1,0,0.0,0.0,0
1289:3,MathVision_MINI,0,0,0.0,0.0,0
1325:8,DynaMath,0,0,0.0,0.0,0
1371:2,MathVerse_MINI_Vision_Only,1,0,0.0,0.0,0
1417:0,MathVision_MINI,1,0,0.0,0.0,0
1468:2,MMMU_DEV_VAL,1,0,0.0,0.0,0
1500:3,MathVision_MINI,1,0,0.0,0.0,0
1559:1,MathVerse_MINI_Vision_Only,1,1,1.0,60.0,428
1619:3,MathVerse_MINI_Vision_Only,0,0,0.0,0.0,0
1671:6,MathVerse_MINI_Vision_Only,0,0,0.0,0.0,0
1751:0,MathVerse_MINI_Vision_Only,1,0,0.0,0.0,0
1796:5,WeMath,0,0,0.0,0.0,0
1875:6,DynaMath,0,0,0.0,0.0,0
1986:2,DynaMath,0,0,0.0,0.0,0
2080:6,WeMath,0,0,0.0,0.0,0
2109:8,MathVerse_MINI_Vision_Only,0,0,0.0,0.0,0
2145:2,DynaMath,0,0,0.0,0.0,0
2165:15,MathVerse_MINI_Vision_Only,1,0,0.0,0.0,0
2231:4,DynaMath,0,0,0.0,0.0,0
2298:0,MathVerse_MINI_Vision_Only,0,0,0.0,0.0,0
2334:2,MathVision_MINI,1,0,0.0,0.0,0
2412:13,MathVerse_MINI_Vision_Only,1,0,0.0,0.0,0
2457:6,MathVerse_MINI_Vision_Only,1,0,0.0,0.0,0
2520:12,DynaMath,0,0,0.0,0.0,0
2600:3,MMMU_DEV_VAL,0,0,0.0,0.0,0
2685:7,MathVerse_MINI_Vision_Only,0,0,0.0,0.0,0
2784:1,MathVerse_MINI_Vision_Only,0,0,0.0,0.0,0
2818:3,DynaMath,0,0,0.0,0.0,0
2858:1,WeMath,0,0,0.0,0.0,0
