key,record,label,rep,p_stop,p_header,p_placebo,p_att,p_rea
1:6,1,1,0,0.957912,0.924142,0.924142,0.914901,0.946597
1:6,1,1,1,0.957912,0.924142,0.924142,0.914901,0.946597
46:8,46,0,0,0.148049,0.053404,0.037327,0.067548,0.090617
46:8,46,0,1,0.148049,0.053404,0.037327,0.067548,0.094382
132:4,132,0,0,0.679179,0.62246,0.754915,0.437825,0.335043
132:4,132,0,1,0.679179,0.62246,0.754915,0.651356,0.547789
167:5,167,0,0,0.09535,0.067547,0.119204,0.0851,0.119204
167:5,167,0,1,0.09535,0.067547,0.119204,0.0851,0.119204
229:5,229,1,0,0.651356,0.531213,0.377544,0.320825,0.49795
229:5,229,1,1,0.651356,0.531213,0.377544,0.320825,0.49795
275:3,275,0,0,0.622461,0.562179,0.500002,0.56218,0.512775
275:3,275,0,1,0.622461,0.562179,0.500002,0.73106,0.426163
328:4,328,0,0,0.047426,0.000488,0.006693,0.002801,0.008577
328:4,328,0,1,0.047426,0.000488,0.006693,0.006693,0.008577
359:4,359,1,0,0.924142,0.798187,0.651356,0.106692,0.467678
359:4,359,1,1,0.924142,0.798187,0.651356,0.348649,0.500002
441:8,441,1,0,0.182428,0.119204,0.119205,0.0851,0.09535
441:8,441,1,1,0.182428,0.119204,0.119205,0.0851,0.09535
505:8,505,0,0,0.89331,0.851953,0.705786,0.754916,0.825724
505:8,505,0,1,0.89331,0.851953,0.705786,0.817575,0.880797
522:3,522,0,0,0.73106,0.320825,0.377542,0.245088,0.531211
522:3,522,0,1,0.73106,0.320825,0.377542,0.245088,0.152345
598:4,598,0,0,0.033086,0.00407,0.015907,0.037327,0.017986
598:4,598,0,1,0.033086,0.00407,0.015907,0.037327,0.017986
646:6,646,1,0,0.987568,0.970688,0.932454,0.904651,0.942379
646:6,646,1,1,0.987568,0.970688,0.932454,0.962673,0.917845
702:4,702,1,0,0.067547,0.017986,0.014064,0.042088,0.022977
702:4,702,1,1,0.067547,0.017986,0.014064,0.042088,0.022977
738:2,738,1,0,0.500002,0.294221,0.148051,0.268949,0.201819
738:2,738,1,1,0.500002,0.294221,0.148051,0.268949,0.201819
752:5,752,0,0,0.798188,0.817576,0.798188,0.562179,0.41035
752:5,752,0,1,0.798188,0.817576,0.798188,0.562179,0.56218
789:4,789,1,0,0.914901,0.7773,0.651355,0.562178,0.798187
789:4,789,1,1,0.914901,0.7773,0.651355,0.562178,0.758518
821:1,821,1,0,0.09535,0.047426,0.033086,0.060087,0.119265
821:1,821,1,1,0.09535,0.047426,0.033086,0.060087,0.067547
878:9,878,0,0,0.119203,0.017986,0.015906,0.017986,0.020332
878:9,878,0,1,0.119203,0.017986,0.015906,0.017986,0.020332
920:10,920,0,0,0.320823,0.622461,0.500003,0.562177,0.314928
920:10,920,0,1,0.320823,0.622461,0.500003,0.106691,0.320824
976:11,976,1,0,0.705786,0.531211,0.377542,0.407335,0.407335
976:11,976,1,1,0.705786,0.531211,0.377542,0.407335,0.407335
1020:10,1020,1,0,0.407334,0.245086,0.164518,0.377542,0.155531
1020:10,1020,1,1,0.407334,0.245086,0.164518,0.182427,0.249747
1071:1,1071,1,0,0.817575,0.622461,0.562178,0.754916,0.592435
1071:1,1071,1,1,0.817575,0.622461,0.562178,0.562178,0.500002
1115:10,1115,1,0,0.592671,0.437828,0.348649,0.24509,0.348651
1115:10,1115,1,1,0.592671,0.437828,0.348649,0.24509,0.419827
1169:8,1169,1,0,0.562181,0.377549,0.377548,0.13297,0.317169
1169:8,1169,1,1,0.562181,0.377549,0.377548,0.13297,0.317169
1219:6,1219,1,0,0.268944,0.164518,0.182427,0.022978,0.090647
1219:6,1219,1,1,0.268944,0.164518,0.182427,0.095351,0.09328
1278:0,1278,1,0,0.867036,0.622461,0.592669,0.500003,0.613242
1278:0,1278,1,1,0.867036,0.622461,0.592669,0.754916,0.695271
1304:4,1304,1,0,0.592669,0.407336,0.320824,0.437828,0.551698
1304:4,1304,1,1,0.592669,0.407336,0.320824,0.437828,0.551698
1325:8,1325,1,0,0.962673,0.932453,0.932453,0.924142,0.731059
1325:8,1325,1,1,0.962673,0.932453,0.932453,0.924142,0.870295
1355:1,1355,1,0,0.651356,0.437825,0.245086,0.407334,0.431406
1355:1,1355,1,1,0.651356,0.437825,0.245086,0.407334,0.568596
1392:22,1392,0,0,0.468794,0.377546,0.348649,0.377543,0.088368
1392:22,1392,0,1,0.468794,0.377546,0.348649,0.106692,0.263272
1417:0,1417,1,0,0.679181,0.754917,0.705787,0.835485,0.520729
1417:0,1417,1,1,0.679181,0.754917,0.705787,0.59267,0.56218
1453:3,1453,1,0,0.164518,0.067547,0.164518,0.132965,0.119204
1453:3,1453,1,1,0.164518,0.067547,0.164518,0.132965,0.119204
1485:0,1485,1,0,0.851953,0.731059,0.754915,0.500002,0.531211
1485:0,1485,1,1,0.851953,0.731059,0.754915,0.500002,0.531211
1508:5,1508,1,0,0.731059,0.268943,0.407335,0.294217,0.245087
1508:5,1508,1,1,0.731059,0.268943,0.407335,0.294217,0.245087
1559:1,1559,0,0,0.957912,0.89331,0.914901,0.777302,0.764125
1559:1,1559,0,1,0.957912,0.89331,0.914901,0.939914,0.479178
1606:10,1606,1,0,0.5,0.348646,0.222701,0.245086,0.320822
1606:10,1606,1,1,0.5,0.348646,0.222701,0.245086,0.320822
1633:8,1633,1,0,0.294216,0.182426,0.106692,0.095351,0.132965
1633:8,1633,1,1,0.294216,0.182426,0.106692,0.095351,0.132965
1687:0,1687,1,0,0.705786,0.531211,0.201814,0.348647,0.318726
1687:0,1687,1,1,0.705786,0.531211,0.201814,0.222701,0.321455
1742:3,1742,0,0,0.89331,0.914901,0.851954,0.957913,0.865323
1742:3,1742,0,1,0.89331,0.914901,0.851954,0.957913,0.932454
1770:6,1770,1,0,0.075859,0.022978,0.042088,0.164518,0.111573
1770:6,1770,1,1,0.075859,0.022978,0.042088,0.164518,0.185997
1810:7,1810,1,0,0.106691,0.106691,0.182427,0.132965,0.132965
1810:7,1810,1,1,0.106691,0.106691,0.182427,0.037327,0.132965
1849:10,1849,1,0,0.148047,0.075858,0.09535,0.067547,0.067547
1849:10,1849,1,1,0.148047,0.075858,0.09535,0.067547,0.067547
1932:11,1932,0,0,0.245087,0.164518,0.0851,0.025958,0.117542
1932:11,1932,0,1,0.245087,0.164518,0.0851,0.047426,0.117542
2000:2,2000,1,0,0.754915,0.53121,0.119204,0.005911,0.229682
2000:2,2000,1,1,0.754915,0.53121,0.119204,0.075859,0.393686
2066:2,2066,1,0,0.89331,0.7773,0.67918,0.73106,0.854739
2066:2,2066,1,1,0.89331,0.7773,0.67918,0.89331,0.804828
2092:1,2092,1,0,0.294215,0.268942,0.201814,0.201814,0.2227
2092:1,2092,1,1,0.294215,0.268942,0.201814,0.201814,0.2227
2125:9,2125,1,0,0.946597,0.914901,0.817575,0.984094,0.962911
2125:9,2125,1,1,0.946597,0.914901,0.817575,0.984094,0.924142
2145:2,2145,1,0,0.835484,0.817575,0.592667,0.500001,0.562178
2145:2,2145,1,1,0.835484,0.817575,0.592667,0.731059,0.851953
2179:2,2179,1,0,0.34865,0.16452,0.095351,0.201818,0.245091
2179:2,2179,1,1,0.34865,0.16452,0.095351,0.201818,0.245091
2231:4,2231,0,0,0.731059,0.651354,0.679179,0.500002,0.591744
2231:4,2231,0,1,0.731059,0.651354,0.679179,0.592667,0.73677
2292:3,2292,1,0,0.970688,0.984094,0.977023,0.970688,0.985936
2292:3,2292,1,1,0.970688,0.984094,0.977023,0.970688,0.915844
2325:1,2325,1,0,0.89331,0.798187,0.705786,0.67918,0.67918
2325:1,2325,1,1,0.89331,0.798187,0.705786,0.835484,0.67918
2380:5,2380,0,0,0.201814,0.106692,0.148049,0.0851,0.067762
2380:5,2380,0,1,0.201814,0.106692,0.148049,0.0851,0.0851
2425:7,2425,1,0,0.033086,0.025958,0.00407,0.012432,0.025958
2425:7,2425,1,1,0.033086,0.025958,0.00407,0.012432,0.025958
2467:0,2467,1,0,0.562178,0.377542,0.407335,0.294217,0.222701
2467:0,2467,1,1,0.562178,0.377542,0.407335,0.294217,0.222701
2520:12,2520,1,0,0.562179,0.73106,0.500003,0.531211,0.67918
2520:12,2520,1,1,0.562179,0.73106,0.500003,0.377545,0.67918
2578:0,2578,1,0,0.119205,0.132966,0.182428,0.075859,0.137802
2578:0,2578,1,1,0.119205,0.132966,0.182428,0.075859,0.095351
2631:2,2631,1,0,0.979668,0.932454,0.89331,0.89331,0.914901
2631:2,2631,1,1,0.979668,0.932454,0.89331,0.89331,0.914901
2688:8,2688,0,0,0.531211,0.377542,0.348646,0.037327,0.157453
2688:8,2688,0,1,0.531211,0.377542,0.348646,0.245087,0.025958
2720:4,2720,1,0,0.924142,0.893309,0.893309,0.914901,0.893309
2720:4,2720,1,1,0.924142,0.893309,0.893309,0.914901,0.650378
2769:6,2769,1,0,0.592667,0.62246,0.562177,0.053403,0.516982
2769:6,2769,1,1,0.592667,0.62246,0.562177,0.119203,0.473141
2805:6,2805,0,0,0.268943,0.201815,0.468792,0.377542,0.245494
2805:6,2805,0,1,0.268943,0.201815,0.468792,0.001325,0.148048
2841:5,2841,1,0,0.798188,0.651357,0.705786,0.592669,0.647312
2841:5,2841,1,1,0.798188,0.651357,0.705786,0.798188,0.241431
