seed,shard,key,record,source,label,rep,wall_s,p_stop,p_att,p_rea,p_enc,g_stop,g_att,g_rea,g_enc,rea_spread,decode_tokens,g_ctrl_same,digest_stable
2,2,11:2,11,MathVerse_MINI_Vision_Only,0,0,42.65,0.705787,0.622462,0.465524,0.43783,0.0,0.083325,0.240263,0.267957,0.204631,15,0.0,1
2,2,11:2,11,MathVerse_MINI_Vision_Only,0,1,24.92,0.705787,0.268947,0.465524,0.43783,0.0,0.43684,0.240263,0.267957,0.204631,15,0.0,1
2,2,22:0,22,MathVision_MINI,1,0,20.62,0.731059,0.348649,0.53119,0.294219,0.0,-0.382411,-0.199869,-0.436841,0.129076,15,0.0,1
2,2,22:0,22,MathVision_MINI,1,1,21.96,0.731059,0.268944,0.348649,0.294219,0.0,-0.462116,-0.382411,-0.436841,0.0,58,0.0,1
2,2,35:5,35,MathVision_MINI,0,0,20.22,0.705786,0.437826,0.500001,0.592668,0.0,0.26796,0.205785,0.113118,0.0,15,0.0,1
2,2,35:5,35,MathVision_MINI,0,1,20.26,0.705786,0.437826,0.500001,0.407336,0.0,0.26796,0.205785,0.29845,0.0,15,0.0,1
2,2,60:7,60,MathVerse_MINI_Vision_Only,1,0,36.53,0.679183,0.348649,0.309337,0.042089,0.0,-0.330534,-0.369847,-0.637095,0.076938,358,0.0,1
2,2,60:7,60,MathVerse_MINI_Vision_Only,1,1,34.35,0.679183,0.037328,0.364111,0.095351,0.0,-0.641856,-0.315072,-0.583832,0.34685,253,0.0,1
2,2,81:1,81,DynaMath,1,0,22.58,0.962673,0.851953,0.862575,0.932453,0.0,-0.11072,-0.100099,-0.03022,0.063639,15,0.0,1
2,2,81:1,81,DynaMath,1,1,19.09,0.962673,0.851953,0.907574,0.932453,0.0,-0.11072,-0.055099,-0.03022,0.063639,15,0.0,1
2,2,98:1,98,WeMath,1,0,24.85,0.932453,0.754916,0.821556,0.531211,0.0,-0.177537,-0.110897,-0.401242,0.078947,108,0.0,1
2,2,98:1,98,WeMath,1,1,21.57,0.932453,0.924142,0.754916,0.817575,0.0,-0.008311,-0.177538,-0.114879,0.0,15,0.0,1
2,2,123:4,123,MathVision_MINI,0,0,24.9,0.320822,0.245086,0.222701,0.182427,0.0,0.075736,0.098121,0.138395,0.0,15,0.0,1
2,2,123:4,123,MathVision_MINI,0,1,24.76,0.320822,0.294216,0.222701,0.182427,0.0,0.026606,0.098121,0.138395,0.0,15,0.0,1
2,2,132:4,132,MathVerse_MINI_Vision_Only,0,0,23.45,0.679179,0.437825,0.468954,0.320823,0.0,0.241354,0.210226,0.358356,0.044022,108,0.0,1
2,2,132:4,132,MathVerse_MINI_Vision_Only,0,1,22.07,0.679179,0.437825,0.528599,0.320823,0.0,0.241354,0.150581,0.358356,0.107224,66,0.0,1
2,2,149:0,149,MathVision_MINI,1,0,26.88,0.851953,0.468793,0.468793,0.407335,0.0,-0.383161,-0.383161,-0.444618,0.0,15,0.0,1
2,2,149:0,149,MathVision_MINI,1,1,26.88,0.851953,0.468793,0.556215,0.407335,0.0,-0.383161,-0.295738,-0.444618,0.123634,15,0.0,1
2,2,164:2,164,DynaMath,1,0,17.26,0.939913,0.73106,0.867036,0.867036,0.0,-0.208854,-0.072877,-0.072878,0.0,15,0.0,1
2,2,164:2,164,DynaMath,1,1,21.85,0.939913,0.904651,0.804417,0.867036,0.0,-0.035263,-0.135496,-0.072878,0.088556,15,0.0,1
2,2,177:13,177,MathVerse_MINI_Vision_Only,0,0,102.34,0.592668,0.592668,0.181192,0.245086,0.0,-0.0,0.411475,0.347581,0.09036,63,0.0,1
2,2,177:13,177,MathVerse_MINI_Vision_Only,0,1,106.51,0.592668,0.320824,0.125871,0.245086,0.0,0.271844,0.466797,0.347581,0.08569,154,0.0,1
2,2,207:6,207,DynaMath,0,0,36.42,0.005911,0.001927,0.002367,0.000203,0.0,0.003984,0.003544,0.005708,0.000935,336,0.0,1
2,2,207:6,207,DynaMath,0,1,37.2,0.005911,0.002473,0.001969,0.003173,0.0,0.003438,0.003942,0.002738,0.001241,381,0.0,1
2,2,229:5,229,MathVision_MINI,1,0,24.15,0.651356,0.562178,0.478089,0.377544,0.0,-0.089178,-0.173267,-0.273812,0.142193,15,0.0,1
2,2,229:5,229,MathVision_MINI,1,1,24.15,0.651356,0.320825,0.377544,0.377544,0.0,-0.330531,-0.273812,-0.273812,0.0,15,0.0,1
2,2,243:4,243,MMMU_DEV_VAL,1,0,36.67,0.500001,0.562177,0.353252,0.437824,0.0,0.062176,-0.14675,-0.062177,0.076484,15,0.0,1
2,2,243:4,243,MMMU_DEV_VAL,1,1,33.55,0.500001,0.562177,0.299169,0.437824,0.0,0.062176,-0.200832,-0.062177,0.076484,15,0.0,1
2,2,262:7,262,MathVerse_MINI_Vision_Only,1,0,45.95,0.437826,0.182428,0.157182,0.182427,0.0,-0.255397,-0.280644,-0.255399,0.035702,105,0.0,1
2,2,262:7,262,MathVerse_MINI_Vision_Only,1,1,42.64,0.437826,0.182428,0.182427,0.182427,0.0,-0.255397,-0.255399,-0.255399,0.0,15,0.0,1
2,2,289:3,289,MathVision_MINI,1,0,20.97,0.817575,0.437825,0.556215,0.7773,0.0,-0.37975,-0.261359,-0.040275,0.123633,15,0.0,1
2,2,289:3,289,MathVision_MINI,1,1,20.97,0.817575,0.437825,0.468793,0.531211,0.0,-0.37975,-0.348781,-0.286363,0.0,15,0.0,1
2,2,301:12,301,MathVision_MINI,0,0,81.08,0.754915,0.500001,0.674765,0.53121,0.0,0.254914,0.08015,0.223705,0.079611,15,0.0,1
2,2,301:12,301,MathVision_MINI,0,1,81.1,0.754915,0.500001,0.562177,0.53121,0.0,0.254914,0.192738,0.223705,0.0,15,0.0,1
2,2,321:2,321,DynaMath,1,0,40.91,0.09535,0.060087,0.06506,0.0851,0.0,-0.035263,-0.030289,-0.01025,0.003517,108,0.0,1
2,2,321:2,321,DynaMath,1,1,37.76,0.09535,0.060087,0.067547,0.0851,0.0,-0.035263,-0.027803,-0.01025,0.0,15,0.0,1
2,2,333:12,333,WeMath,0,0,56.48,0.377541,0.164517,0.201814,0.201814,0.0,0.213024,0.175727,0.175727,0.0,15,0.0,1
2,2,333:12,333,WeMath,0,1,56.48,0.377541,0.164517,0.250758,0.201814,0.0,0.213024,0.126783,0.175727,0.069217,15,0.0,1
2,2,345:8,345,MathVerse_MINI_Vision_Only,0,0,29.14,0.164518,0.132966,0.171808,0.009709,0.0,0.031552,-0.007291,0.154809,0.126483,129,0.0,1
2,2,345:8,345,MathVerse_MINI_Vision_Only,0,1,34.36,0.164518,0.106691,0.04458,0.006693,0.0,0.057827,0.119938,0.157825,0.044593,287,0.0,1
2,2,360:6,360,MathVision_MINI,1,0,37.07,0.201814,0.182426,0.132965,0.132965,0.0,-0.019387,-0.068849,-0.068849,0.0,15,0.0,1
2,2,360:6,360,MathVision_MINI,1,1,37.07,0.201814,0.132965,0.155915,0.132965,0.0,-0.068849,-0.045899,-0.068849,0.032456,15,0.0,1
2,2,376:4,376,DynaMath,1,0,31.86,0.835484,0.201814,0.367333,0.817575,0.0,-0.63367,-0.468151,-0.017909,0.170052,278,0.0,1
2,2,376:4,376,DynaMath,1,1,27.97,0.835484,0.075858,0.529595,0.817575,0.0,-0.759625,-0.305889,-0.017909,0.15884,274,0.0,1
2,2,397:5,397,MathVision_MINI,0,0,25.1,0.164518,0.119204,0.161165,0.09535,0.0,0.045314,0.003353,0.069167,0.059342,59,0.0,1
2,2,397:5,397,MathVision_MINI,0,1,23.62,0.164518,0.119204,0.119204,0.09535,0.0,0.045314,0.045314,0.069167,0.0,15,0.0,1
2,2,406:8,406,MathVerse_MINI_Vision_Only,0,0,35.22,0.348648,0.407335,0.191711,0.182428,0.0,-0.058687,0.156938,0.166221,0.198932,236,0.0,1
2,2,406:8,406,MathVerse_MINI_Vision_Only,0,1,36.97,0.348648,0.182427,0.223494,0.777301,0.0,0.166221,0.125154,-0.428652,0.302554,353,0.0,1
2,2,424:13,424,DynaMath,1,0,33.55,0.914901,0.622461,0.784754,0.622461,0.0,-0.292441,-0.130147,-0.292441,0.135825,15,0.0,1
2,2,424:13,424,DynaMath,1,1,33.54,0.914901,0.622461,0.592668,0.622461,0.0,-0.292441,-0.322233,-0.292441,0.0,15,0.0,1
2,2,444:6,444,MathVision_MINI,0,0,79.95,0.268941,0.119203,0.148047,0.132965,0.0,0.149738,0.120894,0.135977,0.0,15,0.0,1
2,2,444:6,444,MathVision_MINI,0,1,79.94,0.268941,0.119203,0.148047,0.132965,0.0,0.149738,0.120894,0.135977,0.0,15,0.0,1
2,2,455:12,455,DynaMath,1,0,38.02,0.705785,0.201814,0.533369,0.000296,0.0,-0.503971,-0.172416,-0.705489,0.371742,279,0.0,1
2,2,455:12,455,DynaMath,1,1,41.53,0.705785,0.962673,0.577816,0.731059,0.0,0.256888,-0.12797,0.025274,0.398479,222,0.0,1
2,2,477:0,477,WeMath,1,0,19.0,0.679181,0.67918,0.531212,0.268944,0.0,-1e-06,-0.147969,-0.410237,0.0,76,0.0,1
2,2,477:0,477,WeMath,1,1,17.21,0.679181,0.67918,0.433924,0.59267,0.0,-1e-06,-0.245257,-0.086511,0.227882,67,0.0,1
2,2,492:0,492,MathVision_MINI,1,0,21.8,0.880798,0.562177,0.752537,0.268943,0.0,-0.318621,-0.128261,-0.611855,0.091977,114,0.0,1
2,2,492:0,492,MathVision_MINI,1,1,20.26,0.880798,0.651357,0.752537,0.622462,0.0,-0.229441,-0.128261,-0.258337,0.091977,15,0.0,1
2,2,508:8,508,MathVerse_MINI_Vision_Only,0,0,23.55,0.047426,0.037327,0.037327,0.0851,0.0,0.010099,0.010099,-0.037674,0.0,15,0.0,1
2,2,508:8,508,MathVerse_MINI_Vision_Only,0,1,23.73,0.047426,0.037327,0.037327,0.0851,0.0,0.010099,0.010099,-0.037674,0.0,15,0.0,1
2,2,527:10,527,MathVision_MINI,0,0,67.73,0.437824,0.222701,0.369628,0.245085,0.0,0.215123,0.068196,0.192739,0.053325,15,0.0,1
2,2,527:10,527,MathVision_MINI,0,1,67.15,0.437824,0.222701,0.294215,0.245085,0.0,0.215123,0.143609,0.192739,0.0,15,0.0,1
2,2,542:5,542,WeMath,0,0,21.96,0.851953,0.904651,0.864354,0.966914,0.0,-0.052697,-0.012401,-0.114961,0.066156,15,0.0,1
2,2,542:5,542,WeMath,0,1,21.95,0.851953,0.904651,0.911133,0.966914,0.0,-0.052697,-0.05918,-0.114961,0.066156,15,0.0,1
2,2,557:1,557,MathVerse_MINI_Vision_Only,1,0,22.84,0.966914,0.924142,0.708304,0.90465,0.0,-0.042772,-0.25861,-0.062264,0.327544,72,0.0,1
2,2,557:1,557,MathVerse_MINI_Vision_Only,1,1,21.02,0.966914,0.924142,0.939913,0.705785,0.0,-0.042772,-0.027001,-0.261129,0.0,15,0.0,1
2,2,576:1,576,MMMU_DEV_VAL,1,0,26.5,0.932453,0.148048,0.559927,0.348646,0.0,-0.784406,-0.372527,-0.583807,0.238532,180,0.0,1
2,2,576:1,576,MMMU_DEV_VAL,1,1,32.18,0.932453,0.010987,0.41773,0.001701,0.0,-0.921466,-0.514723,-0.930753,0.028418,233,0.0,1
2,2,597:5,597,MathVision_MINI,1,0,31.33,0.437827,0.002473,0.012651,0.500002,0.0,-0.435355,-0.425177,0.062175,0.009064,187,0.0,1
2,2,597:5,597,MathVision_MINI,1,1,32.89,0.437827,0.222701,0.1011,0.014064,0.0,-0.215126,-0.336727,-0.423764,0.136559,271,0.0,1
2,2,619:10,619,MathVision_MINI,0,0,112.01,0.037327,0.007577,0.002183,0.002473,0.0,0.02975,0.035144,0.034854,0.0,15,0.0,1
2,2,619:10,619,MathVision_MINI,0,1,112.22,0.037327,0.007577,0.002183,0.002473,0.0,0.02975,0.035144,0.034854,0.0,15,0.0,1
2,2,643:7,643,DynaMath,1,0,31.58,0.182427,0.042089,0.029313,0.033087,0.0,-0.140338,-0.153114,-0.14934,0.0,15,0.0,1
2,2,643:7,643,DynaMath,1,1,34.94,0.182427,0.042089,0.035351,0.053404,0.0,-0.140338,-0.147076,-0.129023,0.008539,120,0.0,1
2,2,661:4,661,MathVision_MINI,1,0,40.25,0.851953,0.407335,0.004414,0.500001,0.0,-0.444619,-0.847539,-0.351952,0.005669,271,0.0,1
2,2,661:4,661,MathVision_MINI,1,1,40.29,0.851953,0.407335,0.026083,0.500001,0.0,-0.444619,-0.825871,-0.351952,0.015902,294,0.0,1
2,2,678:0,678,DynaMath,1,0,21.34,0.531212,0.348648,0.245087,0.201816,0.0,-0.182564,-0.286125,-0.329396,0.0,108,0.0,1
2,2,678:0,678,DynaMath,1,1,18.29,0.531212,0.294217,0.245087,0.201816,0.0,-0.236995,-0.286125,-0.329396,0.0,15,0.0,1
2,2,710:2,710,MMMU_DEV_VAL,0,0,49.51,0.025957,0.014064,0.017986,0.017986,0.0,0.011894,0.007971,0.007971,0.0,15,0.0,1
2,2,710:2,710,MMMU_DEV_VAL,0,1,49.51,0.025957,0.014064,0.017986,0.017986,0.0,0.011894,0.007971,0.007971,0.0,15,0.0,1
2,2,730:2,730,MathVision_MINI,1,0,18.56,0.777301,0.531211,0.719518,0.562178,0.0,-0.24609,-0.057783,-0.215123,0.111256,15,0.0,1
2,2,730:2,730,MathVision_MINI,1,1,18.56,0.777301,0.817575,0.640848,0.562178,0.0,0.040274,-0.136453,-0.215123,0.111256,15,0.0,1
2,2,739:2,739,DynaMath,1,0,19.19,0.67918,0.437826,0.626788,0.731059,0.0,-0.241353,-0.052391,0.051879,0.111719,15,0.0,1
2,2,739:2,739,DynaMath,1,1,19.23,0.67918,0.437826,0.468793,0.731059,0.0,-0.241353,-0.210386,0.051879,0.0,15,0.0,1
2,2,753:3,753,MathVision_MINI,1,0,28.85,0.500001,0.014064,0.230082,0.148048,0.0,-0.485937,-0.269919,-0.351953,0.220159,193,0.0,1
2,2,753:3,753,MathVision_MINI,1,1,26.0,0.500001,0.294217,0.254963,0.148048,0.0,-0.205784,-0.245038,-0.351953,0.1512,124,0.0,1
2,2,775:3,775,MathVerse_MINI_Vision_Only,0,0,23.74,0.012432,0.000203,0.033086,0.754916,0.0,0.012228,-0.020655,-0.742484,0.0,108,0.0,1
2,2,775:3,775,MathVerse_MINI_Vision_Only,0,1,22.53,0.012432,0.067547,0.033086,0.89331,0.0,-0.055116,-0.020655,-0.880878,0.0,15,0.0,1
2,2,789:4,789,MathVision_MINI,1,0,22.83,0.914901,0.7773,0.758518,0.679179,0.0,-0.137601,-0.156384,-0.235722,0.056101,15,0.0,1
2,2,789:4,789,MathVision_MINI,1,1,26.03,0.914901,0.7773,0.798187,0.679179,0.0,-0.137601,-0.116714,-0.235722,0.0,15,0.0,1
2,2,798:4,798,MathVerse_MINI_Vision_Only,1,0,19.48,0.939913,0.924142,0.904651,0.867036,0.0,-0.015772,-0.035263,-0.072878,0.0,15,0.0,1
2,2,798:4,798,MathVerse_MINI_Vision_Only,1,1,19.51,0.939913,0.924142,0.846787,0.867036,0.0,-0.015772,-0.093127,-0.072878,0.081832,15,0.0,1
2,2,813:4,813,MathVerse_MINI_Vision_Only,1,0,22.54,0.651357,0.651357,0.500002,0.377543,0.0,0.0,-0.151354,-0.273813,0.0,15,0.0,1
2,2,813:4,813,MathVerse_MINI_Vision_Only,1,1,22.5,0.651357,0.651357,0.500002,0.377543,0.0,0.0,-0.151354,-0.273813,0.0,15,0.0,1
2,2,838:3,838,MMMU_DEV_VAL,1,0,19.28,0.531211,0.377542,0.500082,0.437825,0.0,-0.153669,-0.031129,-0.093386,0.044023,15,0.0,1
2,2,838:3,838,MMMU_DEV_VAL,1,1,19.28,0.531211,0.377542,0.468954,0.437825,0.0,-0.153669,-0.062257,-0.093386,0.044023,15,0.0,1
2,2,865:7,865,MathVerse_MINI_Vision_Only,1,0,25.11,0.932454,0.966914,0.962673,0.705786,0.0,0.034461,0.03022,-0.226667,0.0,15,0.0,1
2,2,865:7,865,MathVerse_MINI_Vision_Only,1,1,25.11,0.932454,0.966914,0.962673,0.705786,0.0,0.034461,0.03022,-0.226667,0.0,15,0.0,1
2,2,878:9,878,MathVision_MINI,0,0,106.16,0.119203,0.017986,0.022977,0.033086,0.0,0.101217,0.096226,0.086117,0.0,15,0.0,1
2,2,878:9,878,MathVision_MINI,0,1,106.09,0.119203,0.017986,0.022977,0.033086,0.0,0.101217,0.096226,0.086117,0.0,15,0.0,1
2,2,900:4,900,MathVision_MINI,0,0,42.09,0.047426,0.037327,0.042088,0.033086,0.0,0.010099,0.005338,0.01434,0.0,15,0.0,1
2,2,900:4,900,MathVision_MINI,0,1,41.89,0.047426,0.037327,0.042088,0.033086,0.0,0.010099,0.005338,0.01434,0.0,15,0.0,1
2,2,920:10,920,MathVerse_MINI_Vision_Only,0,0,23.28,0.294217,0.622461,0.294217,0.047426,0.0,-0.328243,0.0,0.246791,0.0,15,0.0,1
2,2,920:10,920,MathVerse_MINI_Vision_Only,0,1,27.97,0.294217,0.002473,0.294217,0.009709,0.0,0.291745,0.0,0.284509,0.0,146,0.0,1
2,2,944:5,944,MathVerse_MINI_Vision_Only,1,0,31.7,0.500006,0.119209,0.179204,0.320825,0.0,-0.380797,-0.320802,-0.17918,0.09318,108,0.0,1
2,2,944:5,944,MathVerse_MINI_Vision_Only,1,1,28.61,0.500006,0.119209,0.515934,0.320825,0.0,-0.380797,0.015928,-0.17918,0.191514,15,0.0,1
2,2,955:6,955,MathVerse_MINI_Vision_Only,1,0,25.54,0.037327,0.067547,0.075859,0.106692,0.0,0.03022,0.038532,0.069365,0.0,15,0.0,1
2,2,955:6,955,MathVerse_MINI_Vision_Only,1,1,25.77,0.037327,0.067547,0.075859,0.106692,0.0,0.03022,0.038532,0.069365,0.0,15,0.0,1
2,2,981:4,981,MMMU_DEV_VAL,1,0,40.38,0.437825,0.106691,0.143483,0.033086,0.0,-0.331134,-0.294342,-0.404739,0.014874,198,0.0,1
2,2,981:4,981,MMMU_DEV_VAL,1,1,33.79,0.437825,0.075859,0.092787,0.033086,0.0,-0.361966,-0.345037,-0.404739,0.05682,132,0.0,1
2,2,987:3,987,WeMath,0,0,40.12,0.132964,0.042088,0.060087,0.042088,0.0,0.090877,0.072878,0.090877,0.0,15,0.0,1
2,2,987:3,987,WeMath,0,1,39.8,0.132964,0.042088,0.060087,0.042088,0.0,0.090877,0.072878,0.090877,0.0,15,0.0,1
2,2,1015:2,1015,DynaMath,1,0,22.62,0.984094,0.851954,0.895549,0.932454,0.0,-0.13214,-0.088545,-0.05164,0.040323,15,0.0,1
2,2,1015:2,1015,DynaMath,1,1,22.65,0.984094,0.952574,0.895549,0.932454,0.0,-0.031519,-0.088545,-0.05164,0.040323,15,0.0,1
2,2,1032:9,1032,MathVision_MINI,1,0,86.41,0.990292,0.984094,0.98884,0.985936,0.0,-0.006198,-0.001452,-0.004355,0.002053,15,0.0,1
2,2,1032:9,1032,MathVision_MINI,1,1,85.64,0.990292,0.984094,0.990292,0.984094,0.0,-0.006198,-0.0,-0.006198,0.0,15,0.0,1
2,2,1044:7,1044,MMMU_DEV_VAL,1,0,28.19,0.851953,0.651356,0.468792,0.531211,0.0,-0.200597,-0.383161,-0.320742,0.0,15,0.0,1
2,2,1044:7,1044,MMMU_DEV_VAL,1,1,27.35,0.851953,0.437826,0.626788,0.531211,0.0,-0.414127,-0.225165,-0.320742,0.11172,15,0.0,1
2,2,1055:15,1055,MathVerse_MINI_Vision_Only,1,0,36.07,0.990292,0.987568,0.992423,0.991423,0.0,-0.002723,0.002131,0.001131,0.0,15,0.0,1
2,2,1055:15,1055,MathVerse_MINI_Vision_Only,1,1,29.67,0.990292,0.987568,0.992423,0.991423,0.0,-0.002723,0.002131,0.001131,0.0,15,0.0,1
2,2,1071:1,1071,MathVision_MINI,1,0,24.83,0.798188,0.531211,0.531211,0.348648,0.0,-0.266977,-0.266977,-0.44954,0.0,15,0.0,1
2,2,1071:1,1071,MathVision_MINI,1,1,21.71,0.798188,0.531211,0.695271,0.348648,0.0,-0.266977,-0.102917,-0.44954,0.116008,15,0.0,1
2,2,1083:16,1083,MMMU_DEV_VAL,1,0,30.85,0.705787,0.320826,0.53119,0.294218,0.0,-0.384961,-0.174596,-0.411568,0.129077,15,0.0,1
2,2,1083:16,1083,MMMU_DEV_VAL,1,1,30.7,0.705787,0.500003,0.622461,0.500002,0.0,-0.205784,-0.083325,-0.205785,0.0,15,0.0,1
2,2,1107:8,1107,DynaMath,0,0,60.21,0.025957,0.008578,0.005911,0.005911,0.0,0.01738,0.020046,0.020046,0.0,15,0.0,1
2,2,1107:8,1107,DynaMath,0,1,60.22,0.025957,0.008578,0.005911,0.005911,0.0,0.01738,0.020046,0.020046,0.0,15,0.0,1
2,2,1124:6,1124,MathVerse_MINI_Vision_Only,1,0,27.5,0.042088,0.085101,0.042088,0.095351,0.0,0.043012,0.0,0.053263,0.0,15,0.0,1
2,2,1124:6,1124,MathVerse_MINI_Vision_Only,1,1,27.27,0.042088,0.085101,0.042088,0.095351,0.0,0.043012,0.0,0.053263,0.0,15,0.0,1
2,2,1144:4,1144,MathVision_MINI,0,0,24.19,0.777301,0.531212,0.562178,0.53121,0.0,0.246089,0.215122,0.246091,0.0,15,0.0,1
2,2,1144:4,1144,MathVision_MINI,0,1,24.27,0.777301,0.531212,0.765417,0.53121,0.0,0.246089,0.011884,0.246091,0.143711,15,0.0,1
2,2,1167:4,1167,DynaMath,1,0,25.69,0.851954,0.531211,0.827069,0.731059,0.0,-0.320743,-0.024884,-0.120894,0.035191,140,0.0,1
2,2,1167:4,1167,DynaMath,1,1,21.45,0.851954,0.817575,0.679097,0.731059,0.0,-0.034379,-0.172857,-0.120894,0.122228,15,0.0,1
2,2,1188:1,1188,MathVerse_MINI_Vision_Only,1,0,24.02,0.053404,0.029313,0.012432,0.010987,0.0,-0.024091,-0.040972,-0.042417,0.0,15,0.0,1
2,2,1188:1,1188,MathVerse_MINI_Vision_Only,1,1,24.01,0.053404,0.029313,0.012432,0.010987,0.0,-0.024091,-0.040972,-0.042417,0.0,15,0.0,1
2,2,1205:2,1205,MMMU_DEV_VAL,1,0,18.09,0.835484,0.651357,0.904651,0.924142,0.0,-0.184127,0.069166,0.088658,0.0,15,0.0,1
2,2,1205:2,1205,MMMU_DEV_VAL,1,1,18.12,0.835484,0.651357,0.904651,0.924142,0.0,-0.184127,0.069166,0.088658,0.0,15,0.0,1
2,2,1219:6,1219,MathVerse_MINI_Vision_Only,1,0,36.14,0.294217,0.022977,0.106622,0.222702,0.0,-0.27124,-0.187595,-0.071515,0.057845,279,0.0,1
2,2,1219:6,1219,MathVerse_MINI_Vision_Only,1,1,37.98,0.294217,0.037327,0.094419,0.042088,0.0,-0.25689,-0.199798,-0.252129,0.062279,387,0.0,1
2,2,1228:6,1228,MathVision_MINI,0,0,26.94,0.164518,0.067547,0.060889,0.067547,0.0,0.09697,0.103629,0.09697,0.010585,108,0.0,1
2,2,1228:6,1228,MathVision_MINI,0,1,23.97,0.164518,0.067547,0.053404,0.067547,0.0,0.09697,0.111114,0.09697,0.0,15,0.0,1
2,2,1255:12,1255,DynaMath,1,0,35.82,0.705785,0.531211,0.592434,0.651356,0.0,-0.174575,-0.113351,-0.054429,0.13072,15,0.0,1
2,2,1255:12,1255,DynaMath,1,1,35.82,0.705785,0.531211,0.500001,0.437826,0.0,-0.174575,-0.205784,-0.26796,0.0,15,0.0,1
2,2,1265:4,1265,MathVerse_MINI_Vision_Only,0,0,21.33,0.977023,0.952574,0.913544,0.952574,0.0,0.024449,0.063479,0.024449,0.055197,15,0.0,1
2,2,1265:4,1265,MathVerse_MINI_Vision_Only,0,1,21.32,0.977023,0.952574,0.952574,0.952574,0.0,0.024449,0.024449,0.024449,0.0,15,0.0,1
2,2,1293:13,1293,MathVision_MINI,0,0,99.29,0.407334,0.294216,0.320822,0.348646,0.0,0.113118,0.086512,0.058688,0.0,15,0.0,1
2,2,1293:13,1293,MathVision_MINI,0,1,97.31,0.407334,0.294216,0.320822,0.348646,0.0,0.113118,0.086512,0.058688,0.0,15,0.0,1
2,2,1307:1,1307,MMMU_DEV_VAL,0,0,21.43,0.67918,0.531212,0.140275,0.407337,0.0,0.147968,0.538905,0.271844,0.188842,84,0.0,1
2,2,1307:1,1307,MMMU_DEV_VAL,0,1,22.41,0.67918,0.002473,0.523196,0.407337,0.0,0.676708,0.155984,0.271844,0.163851,77,0.0,1
2,2,1324:6,1324,MathVision_MINI,1,0,35.99,0.89331,0.731061,0.42963,0.798188,0.0,-0.16225,-0.46368,-0.095122,0.312295,108,0.0,1
2,2,1324:6,1324,MathVision_MINI,1,1,32.64,0.89331,0.731061,0.682839,0.798188,0.0,-0.16225,-0.210472,-0.095122,0.215874,15,0.0,1
2,2,1332:5,1332,WeMath,1,0,28.68,0.957912,0.932453,0.727603,0.817575,0.0,-0.025459,-0.230309,-0.140338,0.195353,237,0.0,1
2,2,1332:5,1332,WeMath,1,1,28.41,0.957912,0.932453,0.414282,0.817575,0.0,-0.025459,-0.54363,-0.140338,0.274639,283,0.0,1
2,2,1352:1,1352,MMMU_DEV_VAL,0,0,31.23,0.468792,0.320825,0.449251,0.201814,0.0,0.147967,0.019541,0.266978,0.101411,15,0.0,1
2,2,1352:1,1352,MMMU_DEV_VAL,0,1,31.14,0.468792,0.592668,0.377542,0.201814,0.0,-0.123876,0.09125,0.266978,0.0,15,0.0,1
2,2,1374:5,1374,DynaMath,1,0,32.09,0.914901,0.731059,0.754915,0.651355,0.0,-0.183842,-0.159986,-0.263546,0.0,99,0.0,1
2,2,1374:5,1374,DynaMath,1,1,32.47,0.914901,0.731059,0.847178,0.407335,0.0,-0.183842,-0.067723,-0.507566,0.06524,108,0.0,1
2,2,1382:5,1382,MathVerse_MINI_Vision_Only,1,0,28.08,0.562179,0.320826,0.340464,0.24509,0.0,-0.241353,-0.221716,-0.317089,0.134879,15,0.0,1
2,2,1382:5,1382,MathVerse_MINI_Vision_Only,1,1,25.05,0.562179,0.320826,0.24509,0.377545,0.0,-0.241353,-0.31709,-0.184635,0.0,15,0.0,1
2,2,1409:0,1409,DynaMath,1,0,19.71,0.932453,0.966914,0.782932,0.67918,0.0,0.034461,-0.149521,-0.253273,0.156097,71,0.0,1
2,2,1409:0,1409,DynaMath,1,1,17.86,0.932453,0.904651,0.868065,0.777301,0.0,-0.027803,-0.064389,-0.155153,0.035702,15,0.0,1
2,2,1425:9,1425,MathVerse_MINI_Vision_Only,0,0,45.33,0.075859,0.042088,0.033086,0.047426,0.0,0.03377,0.042772,0.028432,0.0,15,0.0,1
2,2,1425:9,1425,MathVerse_MINI_Vision_Only,0,1,45.32,0.075859,0.042088,0.033086,0.047426,0.0,0.03377,0.042772,0.028432,0.0,15,0.0,1
2,2,1449:1,1449,MathVision_MINI,1,0,19.28,0.00071,0.001701,0.000431,0.000158,0.0,0.000991,-0.000279,-0.000551,0.0,15,0.0,1
2,2,1449:1,1449,MathVision_MINI,1,1,20.38,0.00071,0.001701,0.000431,0.000158,0.0,0.000991,-0.000279,-0.000551,0.0,15,0.0,1
2,2,1472:12,1472,DynaMath,0,0,66.23,0.592668,0.437825,0.510084,0.53121,0.0,0.154843,0.082583,0.061457,0.058395,15,0.0,1
2,2,1472:12,1472,DynaMath,0,1,66.22,0.592668,0.437825,0.551376,0.53121,0.0,0.154843,0.041292,0.061457,0.058395,15,0.0,1
2,2,1486:3,1486,WeMath,1,0,25.54,0.377542,0.164518,0.182223,0.014064,0.0,-0.213024,-0.195319,-0.363478,0.152763,137,0.0,1
2,2,1486:3,1486,WeMath,1,1,23.45,0.377542,0.164518,0.164518,0.182427,0.0,-0.213024,-0.213024,-0.195115,0.0,15,0.0,1
2,2,1500:2,1500,MathVision_MINI,1,0,21.64,0.754916,0.348648,0.568598,0.437827,0.0,-0.406268,-0.186318,-0.317089,0.097007,108,0.0,1
2,2,1500:2,1500,MathVision_MINI,1,1,20.59,0.754916,0.437826,0.544758,0.437827,0.0,-0.31709,-0.210158,-0.317089,0.227729,77,0.0,1
2,2,1511:9,1511,WeMath,0,0,92.68,0.182426,0.132964,0.119203,0.132965,0.0,0.049461,0.063223,0.049461,0.0,15,0.0,1
2,2,1511:9,1511,WeMath,0,1,92.59,0.182426,0.132964,0.119203,0.132965,0.0,0.049461,0.063223,0.049461,0.0,15,0.0,1
2,2,1532:1,1532,MathVerse_MINI_Vision_Only,1,0,18.19,0.991423,0.966914,0.944895,0.705787,0.0,-0.024508,-0.046527,-0.285635,0.036476,15,0.0,1
2,2,1532:1,1532,MathVerse_MINI_Vision_Only,1,1,18.18,0.991423,0.966914,0.919103,0.851954,0.0,-0.024508,-0.07232,-0.139469,0.036476,15,0.0,1
2,2,1550:10,1550,MathVision_MINI,1,0,25.57,0.932453,0.932453,0.574175,0.679181,0.0,0.0,-0.358278,-0.253273,0.336899,85,0.0,1
2,2,1550:10,1550,MathVision_MINI,1,1,23.56,0.932453,0.754916,0.835991,0.679181,0.0,-0.177537,-0.096462,-0.253273,0.111167,103,0.0,1
2,2,1561:2,1561,MathVerse_MINI_Vision_Only,1,0,19.52,0.437825,0.377545,0.377544,0.320826,0.0,-0.060281,-0.060281,-0.117,0.0,15,0.0,1
2,2,1561:2,1561,MathVerse_MINI_Vision_Only,1,1,19.55,0.437825,0.377545,0.377544,0.320826,0.0,-0.060281,-0.060281,-0.117,0.0,15,0.0,1
2,2,1580:1,1580,MathVision_MINI,1,0,40.84,0.09535,0.060087,0.053404,0.0851,0.0,-0.035263,-0.041946,-0.01025,0.0,15,0.0,1
2,2,1580:1,1580,MathVision_MINI,1,1,40.87,0.09535,0.060087,0.053404,0.0851,0.0,-0.035263,-0.041946,-0.01025,0.0,15,0.0,1
2,2,1607:2,1607,DynaMath,1,0,22.89,0.73106,0.592668,0.581641,0.00117,0.0,-0.138392,-0.149419,-0.729891,0.057727,72,0.0,1
2,2,1607:2,1607,DynaMath,1,1,21.35,0.73106,0.531212,0.177563,0.622461,0.0,-0.199848,-0.553497,-0.108599,0.228063,99,0.0,1
2,2,1622:3,1622,MathVerse_MINI_Vision_Only,0,0,21.8,0.817575,0.798188,0.651356,0.835484,0.0,0.019387,0.16622,-0.017909,0.0,15,0.0,1
2,2,1622:3,1622,MathVerse_MINI_Vision_Only,0,1,21.65,0.817575,0.592668,0.651356,0.754915,0.0,0.224907,0.16622,0.06266,0.0,15,0.0,1
2,2,1640:9,1640,MMMU_DEV_VAL,0,0,60.24,0.468791,0.047426,0.09535,0.119203,0.0,0.421365,0.373441,0.349588,0.0,15,0.0,1
2,2,1640:9,1640,MMMU_DEV_VAL,0,1,62.83,0.468791,0.001927,0.09535,0.119203,0.0,0.466864,0.373441,0.349588,0.0,86,0.0,1
2,2,1666:8,1666,MathVision_MINI,1,0,24.91,0.531214,0.222703,0.280486,0.201816,0.0,-0.308511,-0.250728,-0.329398,0.111257,15,0.0,1
2,2,1666:8,1666,MathVision_MINI,1,1,24.92,0.531214,0.222703,0.280486,0.201816,0.0,-0.308511,-0.250728,-0.329398,0.111257,15,0.0,1
2,2,1683:6,1683,DynaMath,0,0,74.78,0.245086,0.106691,0.119204,0.119204,0.0,0.138395,0.125883,0.125882,0.0,15,0.0,1
2,2,1683:6,1683,DynaMath,0,1,75.07,0.245086,0.106691,0.119204,0.119204,0.0,0.138395,0.125883,0.125882,0.0,15,0.0,1
2,2,1693:2,1693,MathVerse_MINI_Vision_Only,1,0,19.05,0.132966,0.095351,0.161165,0.009709,0.0,-0.037615,0.028199,-0.123257,0.059342,15,0.0,1
2,2,1693:2,1693,MathVerse_MINI_Vision_Only,1,1,19.05,0.132966,0.095351,0.119204,0.009709,0.0,-0.037615,-0.013761,-0.123257,0.0,15,0.0,1
2,2,1726:10,1726,MathVerse_MINI_Vision_Only,1,0,25.64,0.09535,0.042088,0.047427,0.029313,0.0,-0.053262,-0.047924,-0.066038,0.0,15,0.0,1
2,2,1726:10,1726,MathVerse_MINI_Vision_Only,1,1,25.66,0.09535,0.042088,0.047427,0.029313,0.0,-0.053262,-0.047924,-0.066038,0.0,15,0.0,1
2,2,1739:0,1739,WeMath,1,0,21.23,0.56218,0.268946,0.276478,0.164519,0.0,-0.293235,-0.285702,-0.397661,0.202364,221,0.0,1
2,2,1739:0,1739,WeMath,1,1,24.65,0.56218,0.201815,0.24558,0.07586,0.0,-0.360365,-0.316601,-0.48632,0.018881,252,0.0,1
2,2,1743:3,1743,MathVerse_MINI_Vision_Only,1,0,21.67,0.974043,0.957912,0.939913,0.705787,0.0,-0.01613,-0.034129,-0.268256,0.0,15,0.0,1
2,2,1743:3,1743,MathVerse_MINI_Vision_Only,1,1,21.64,0.974043,0.957912,0.835484,0.705787,0.0,-0.01613,-0.138559,-0.268256,0.0,15,0.0,1
2,2,1763:2,1763,MathVision_MINI,1,0,32.62,0.067547,0.033086,0.047426,0.037327,0.0,-0.034461,-0.020121,-0.03022,0.0,15,0.0,1
2,2,1763:2,1763,MathVision_MINI,1,1,32.63,0.067547,0.033086,0.047426,0.037327,0.0,-0.034461,-0.020121,-0.03022,0.0,15,0.0,1
2,2,1781:12,1781,WeMath,1,0,29.78,0.982014,0.904651,0.897127,0.651356,0.0,-0.077363,-0.084887,-0.330658,0.069961,15,0.0,1
2,2,1781:12,1781,WeMath,1,1,29.84,0.982014,0.754916,0.798187,0.835484,0.0,-0.227098,-0.183826,-0.14653,0.0,15,0.0,1
2,2,1799:1,1799,WeMath,1,0,12.68,0.982014,0.679179,0.401274,0.651355,0.0,-0.302835,-0.58074,-0.330659,0.113776,15,0.0,1
2,2,1799:1,1799,WeMath,1,1,12.68,0.982014,0.679179,0.562177,0.651355,0.0,-0.302835,-0.419836,-0.330659,0.0,15,0.0,1
2,2,1810:7,1810,DynaMath,1,0,30.22,0.09535,0.148048,0.148048,0.182427,0.0,0.052698,0.052698,0.087077,0.0,15,0.0,1
2,2,1810:7,1810,DynaMath,1,1,30.24,0.09535,0.148048,0.148048,0.182427,0.0,0.052698,0.052698,0.087077,0.0,15,0.0,1
2,2,1831:6,1831,MathVision_MINI,0,0,31.97,0.007577,0.000626,0.002049,0.000296,0.0,0.006951,0.005528,0.007281,0.001214,259,0.0,1
2,2,1831:6,1831,MathVision_MINI,0,1,35.02,0.007577,0.00461,0.000932,0.001501,0.0,0.002968,0.006646,0.006076,0.000705,277,0.0,1
2,2,1850:5,1850,WeMath,1,0,18.66,0.500001,0.245087,0.320823,0.320823,0.0,-0.254915,-0.179178,-0.179178,0.0,15,0.0,1
2,2,1850:5,1850,WeMath,1,1,18.55,0.500001,0.245087,0.320823,0.320823,0.0,-0.254915,-0.179178,-0.179178,0.0,15,0.0,1
2,2,1862:3,1862,DynaMath,1,0,42.35,0.817574,0.622461,0.754915,0.651355,0.0,-0.195114,-0.062659,-0.166219,0.0,15,0.0,1
2,2,1862:3,1862,DynaMath,1,1,42.49,0.817574,0.7773,0.666612,0.7773,0.0,-0.040274,-0.150963,-0.040274,0.06244,15,0.0,1
2,2,1877:8,1877,MathVision_MINI,1,0,77.03,0.437824,0.148047,0.2227,0.2227,0.0,-0.289777,-0.215123,-0.215123,0.0,15,0.0,1
2,2,1877:8,1877,MathVision_MINI,1,1,77.03,0.437824,0.148047,0.2227,0.2227,0.0,-0.289777,-0.215123,-0.215123,0.0,15,0.0,1
2,2,1905:6,1905,MathVision_MINI,1,0,24.97,0.939914,9.6e-05,0.966914,0.966914,0.0,-0.939817,0.027,0.027,0.0,98,0.0,1
2,2,1905:6,1905,MathVision_MINI,1,1,26.32,0.939914,0.880797,0.647846,0.966914,0.0,-0.059116,-0.292068,0.027,0.451231,139,0.0,1
2,2,1942:5,1942,MMMU_DEV_VAL,1,0,49.89,0.164517,0.075859,0.067547,0.106691,0.0,-0.088658,-0.09697,-0.057826,0.0,15,0.0,1
2,2,1942:5,1942,MMMU_DEV_VAL,1,1,49.89,0.164517,0.075859,0.067547,0.067547,0.0,-0.088658,-0.09697,-0.09697,0.0,15,0.0,1
2,2,1956:7,1956,MathVision_MINI,0,0,103.16,0.053404,0.010987,0.012432,0.012432,0.0,0.042417,0.040972,0.040972,0.0,15,0.0,1
2,2,1956:7,1956,MathVision_MINI,0,1,100.95,0.053404,0.010987,0.012432,0.012432,0.0,0.042417,0.040972,0.040972,0.0,15,0.0,1
2,2,1970:0,1970,MathVerse_MINI_Vision_Only,1,0,17.48,0.679182,0.651358,0.725689,0.164521,0.0,-0.027824,0.046507,-0.51466,0.072991,15,0.0,1
2,2,1970:0,1970,MathVerse_MINI_Vision_Only,1,1,17.5,0.679182,0.651358,0.725689,0.164521,0.0,-0.027824,0.046507,-0.51466,0.072991,15,0.0,1
2,2,1985:11,1985,DynaMath,0,0,107.24,0.148047,0.017986,0.033086,0.042088,0.0,0.130061,0.114961,0.105959,0.0,15,0.0,1
2,2,1985:11,1985,DynaMath,0,1,109.22,0.148047,0.017986,0.033086,0.042088,0.0,0.130061,0.114961,0.105959,0.0,15,0.0,1
2,2,1989:7,1989,MathVision_MINI,1,0,39.65,0.377542,0.060087,0.02734,0.025957,0.0,-0.317455,-0.350202,-0.351585,0.004241,324,0.0,1
2,2,1989:7,1989,MathVision_MINI,1,1,31.79,0.377542,0.060087,0.066381,0.067547,0.0,-0.317455,-0.311161,-0.309995,0.013403,160,0.0,1
2,2,2004:11,2004,MathVerse_MINI_Vision_Only,0,0,51.06,0.437824,0.201814,0.182427,0.268943,0.0,0.23601,0.255397,0.168881,0.0,15,0.0,1
2,2,2004:11,2004,MathVerse_MINI_Vision_Only,0,1,50.94,0.437824,0.201814,0.267559,0.268943,0.0,0.23601,0.170265,0.168881,0.120396,15,0.0,1
2,2,2025:17,2025,MathVerse_MINI_Vision_Only,1,0,29.49,0.592668,0.245087,0.389784,0.268943,0.0,-0.347581,-0.202884,-0.323725,0.204634,15,0.0,1
2,2,2025:17,2025,MathVerse_MINI_Vision_Only,1,1,32.36,0.592668,0.245087,0.389784,0.006693,0.0,-0.347581,-0.202884,-0.585975,0.204634,102,0.0,1
2,2,2041:1,2041,DynaMath,1,0,24.14,0.731059,0.407337,0.629125,0.182427,0.0,-0.323722,-0.101934,-0.548632,0.177894,15,0.0,1
2,2,2041:1,2041,DynaMath,1,1,24.15,0.731059,0.679179,0.629125,0.182427,0.0,-0.05188,-0.101934,-0.548632,0.177894,15,0.0,1
2,2,2071:0,2071,MMMU_DEV_VAL,1,0,18.9,0.932453,0.924142,0.90562,0.893309,0.0,-0.008311,-0.026834,-0.039144,0.037948,15,0.0,1
2,2,2071:0,2071,MMMU_DEV_VAL,1,1,18.8,0.932453,0.924142,0.932453,0.893309,0.0,-0.008311,-0.0,-0.039144,0.0,15,0.0,1
2,2,2085:6,2085,DynaMath,0,0,25.8,0.970688,0.924142,0.656774,0.000553,0.0,0.046546,0.313914,0.970135,0.45664,168,0.0,1
2,2,2085:6,2085,DynaMath,0,1,28.6,0.970688,0.245086,0.653612,0.002801,0.0,0.725601,0.317076,0.967887,0.461112,195,0.0,1
2,2,2096:3,2096,MathVerse_MINI_Vision_Only,0,0,55.66,0.085099,0.053404,0.035718,0.053404,0.0,0.031696,0.049382,0.031696,0.009009,79,0.0,1
2,2,2096:3,2096,MathVerse_MINI_Vision_Only,0,1,57.36,0.085099,0.020333,0.034054,0.053404,0.0,0.064767,0.051045,0.031696,0.011362,124,0.0,1
2,2,2114:0,2114,DynaMath,1,0,17.44,0.867037,0.89331,0.736587,0.651357,0.0,0.026273,-0.13045,-0.21568,0.043558,15,0.0,1
2,2,2114:0,2114,DynaMath,1,1,17.44,0.867037,0.835484,0.767387,0.651357,0.0,-0.031552,-0.09965,-0.21568,0.043558,15,0.0,1
2,2,2130:4,2130,MathVision_MINI,1,0,31.81,0.003594,0.025957,0.004284,0.006693,0.0,0.022364,0.00069,0.003099,0.002333,203,0.0,1
2,2,2130:4,2130,MathVision_MINI,1,1,39.45,0.003594,0.015906,0.010284,0.000431,0.0,0.012313,0.006691,-0.003163,0.007125,312,0.0,1
2,2,2138:1,2138,MathVerse_MINI_Vision_Only,0,0,18.67,0.914901,0.754916,0.820219,0.731061,0.0,0.159985,0.094682,0.18384,0.119404,15,0.0,1
2,2,2138:1,2138,MathVerse_MINI_Vision_Only,0,1,18.68,0.914901,0.754916,0.735788,0.437829,0.0,0.159985,0.179114,0.477072,0.119404,15,0.0,1
2,2,2150:11,2150,MathVerse_MINI_Vision_Only,1,0,39.6,0.731059,0.705786,0.491531,0.531212,0.0,-0.025274,-0.239528,-0.199848,0.202069,15,0.0,1
2,2,2150:11,2150,MathVerse_MINI_Vision_Only,1,1,42.43,0.731059,0.022977,0.348647,0.531212,0.0,-0.708082,-0.382412,-0.199848,0.0,93,0.0,1
2,2,2168:3,2168,MathVerse_MINI_Vision_Only,0,0,26.29,0.182427,0.148048,0.034726,0.106692,0.0,0.034379,0.147701,0.075735,0.035997,141,0.0,1
2,2,2168:3,2168,MathVerse_MINI_Vision_Only,0,1,23.54,0.182427,0.148048,0.082019,0.106692,0.0,0.034379,0.100408,0.075735,0.004356,57,0.0,1
2,2,2182:2,2182,DynaMath,1,0,24.68,0.468793,0.348647,0.468954,0.437827,0.0,-0.120145,0.000162,-0.030966,0.044023,108,0.0,1
2,2,2182:2,2182,DynaMath,1,1,24.81,0.468793,0.348647,0.437825,0.437827,0.0,-0.120145,-0.030967,-0.030966,0.0,15,0.0,1
2,2,2198:6,2198,MathVerse_MINI_Vision_Only,0,0,70.94,0.437825,0.222702,0.245087,0.148049,0.0,0.215123,0.192738,0.289777,0.0,15,0.0,1
2,2,2198:6,2198,MathVerse_MINI_Vision_Only,0,1,70.9,0.437825,0.222702,0.245087,0.148049,0.0,0.215123,0.192738,0.289777,0.0,15,0.0,1
2,2,2215:3,2215,DynaMath,1,0,21.46,0.924142,0.914901,0.802166,0.880797,0.0,-0.009241,-0.121976,-0.043345,0.214336,57,0.0,1
2,2,2215:3,2215,DynaMath,1,1,20.03,0.924142,0.914901,0.932453,0.880797,0.0,-0.009241,0.008311,-0.043345,0.0,15,0.0,1
2,2,2231:4,2231,DynaMath,0,0,20.96,0.731059,0.531211,0.540049,0.562177,0.0,0.199848,0.19101,0.168882,0.07973,90,0.0,1
2,2,2231:4,2231,DynaMath,0,1,24.07,0.731059,0.5,0.213458,0.798187,0.0,0.231058,0.517601,-0.067128,0.228678,158,0.0,1
2,2,2251:3,2251,WeMath,0,0,24.97,0.754916,0.754916,0.476075,0.294219,0.0,0.0,0.278841,0.460697,0.239916,108,0.0,1
2,2,2251:3,2251,WeMath,0,1,29.72,0.754916,0.201815,0.719518,0.67918,0.0,0.553101,0.035398,0.075736,0.111256,156,0.0,1
2,2,2271:7,2271,MathVerse_MINI_Vision_Only,0,0,24.44,0.914901,0.67918,0.89331,0.348649,0.0,0.235721,0.021591,0.566252,0.0,15,0.0,1
2,2,2271:7,2271,MathVerse_MINI_Vision_Only,0,1,26.69,0.914901,0.867036,0.89331,0.00461,0.0,0.047865,0.021591,0.910292,0.0,108,0.0,1
2,2,2284:4,2284,MathVerse_MINI_Vision_Only,0,0,20.71,0.651357,0.14805,0.475784,0.531212,0.0,0.503308,0.175574,0.120145,0.207434,15,0.0,1
2,2,2284:4,2284,MathVerse_MINI_Vision_Only,0,1,23.46,0.651357,0.798188,0.182428,0.132967,0.0,-0.14683,0.468929,0.51839,0.0,98,0.0,1
2,2,2298:0,2298,MathVerse_MINI_Vision_Only,1,0,25.85,0.979668,0.962673,0.890247,0.62246,0.0,-0.016995,-0.089421,-0.357207,0.095693,15,0.0,1
2,2,2298:0,2298,MathVerse_MINI_Vision_Only,1,1,27.26,0.979668,0.962673,0.917103,0.957912,0.0,-0.016995,-0.062565,-0.021755,0.057713,54,0.0,1
2,2,2305:10,2305,DynaMath,1,0,36.56,0.851954,0.777301,0.592669,0.562179,0.0,-0.074652,-0.259285,-0.289775,0.0,15,0.0,1
2,2,2305:10,2305,DynaMath,1,1,36.38,0.851954,0.777301,0.592669,0.562179,0.0,-0.074652,-0.259285,-0.289775,0.0,15,0.0,1
2,2,2320:5,2320,DynaMath,1,0,36.9,0.835484,0.500001,0.705785,0.651356,0.0,-0.335482,-0.129699,-0.184128,0.0,15,0.0,1
2,2,2320:5,2320,DynaMath,1,1,36.9,0.835484,0.500001,0.705785,0.651356,0.0,-0.335482,-0.129699,-0.184128,0.0,15,0.0,1
2,2,2334:2,2334,MathVision_MINI,1,0,16.98,0.651355,0.268943,0.29917,0.148049,0.0,-0.382412,-0.352186,-0.503306,0.076484,15,0.0,1
2,2,2334:2,2334,MathVision_MINI,1,1,21.99,0.651355,0.268943,0.266823,0.148049,0.0,-0.382412,-0.384532,-0.503306,0.106963,108,0.0,1
2,2,2361:7,2361,MathVerse_MINI_Vision_Only,1,0,30.07,0.904651,0.835484,0.67918,0.754916,0.0,-0.069167,-0.225471,-0.149735,0.0,15,0.0,1
2,2,2361:7,2361,MathVerse_MINI_Vision_Only,1,1,30.04,0.904651,0.67918,0.741799,0.754916,0.0,-0.225471,-0.162852,-0.149735,0.088556,15,0.0,1
2,2,2391:5,2391,MathVision_MINI,1,0,39.44,0.047426,0.015906,0.020332,0.020332,0.0,-0.03152,-0.027094,-0.027094,0.0,15,0.0,1
2,2,2391:5,2391,MathVision_MINI,1,1,39.42,0.047426,0.015906,0.020332,0.020332,0.0,-0.03152,-0.027094,-0.027094,0.0,15,0.0,1
2,2,2403:10,2403,MathVerse_MINI_Vision_Only,1,0,44.08,0.904651,0.562178,0.67918,0.731059,0.0,-0.342472,-0.225471,-0.173591,0.0,15,0.0,1
2,2,2403:10,2403,MathVerse_MINI_Vision_Only,1,1,44.08,0.904651,0.562178,0.67918,0.731059,0.0,-0.342472,-0.225471,-0.173591,0.0,15,0.0,1
2,2,2422:0,2422,MMMU_DEV_VAL,0,0,19.91,0.348647,0.268944,0.268946,0.182429,0.0,0.079703,0.079701,0.166218,0.0,15,0.0,1
2,2,2422:0,2422,MMMU_DEV_VAL,0,1,19.91,0.348647,0.268944,0.268946,0.182429,0.0,0.079703,0.079701,0.166218,0.0,15,0.0,1
2,2,2444:2,2444,MathVision_MINI,0,0,21.47,0.73106,0.651357,0.651357,0.592668,0.0,0.079703,0.079703,0.138391,0.0,15,0.0,1
2,2,2444:2,2444,MathVision_MINI,0,1,21.49,0.73106,0.73106,0.651357,0.562178,0.0,0.0,0.079703,0.168881,0.0,15,0.0,1
2,2,2459:3,2459,MathVerse_MINI_Vision_Only,1,0,26.66,0.705787,0.651356,0.431003,0.531214,0.0,-0.054431,-0.274784,-0.174573,0.155814,15,0.0,1
2,2,2459:3,2459,MathVerse_MINI_Vision_Only,1,1,29.94,0.705787,0.348652,0.245668,0.320828,0.0,-0.357135,-0.460119,-0.384959,0.10629,108,0.0,1
2,2,2479:4,2479,MathVerse_MINI_Vision_Only,1,0,21.31,0.705786,0.754916,0.7773,0.348646,0.0,0.04913,0.071514,-0.35714,0.0,15,0.0,1
2,2,2479:4,2479,MathVerse_MINI_Vision_Only,1,1,21.3,0.705786,0.754916,0.550984,0.348646,0.0,0.04913,-0.154802,-0.35714,0.16003,15,0.0,1
2,2,2499:5,2499,WeMath,1,0,25.51,0.835484,0.268942,0.813591,0.705785,0.0,-0.566541,-0.021893,-0.129699,0.095044,108,0.0,1
2,2,2499:5,2499,WeMath,1,1,27.89,0.835484,0.245085,0.590057,0.705785,0.0,-0.590398,-0.245426,-0.129699,0.411168,187,0.0,1
2,2,2514:13,2514,MathVision_MINI,0,0,38.55,0.835484,0.562177,0.667991,0.222701,0.0,0.273306,0.167493,0.612783,0.124633,261,0.0,1
2,2,2514:13,2514,MathVision_MINI,0,1,33.97,0.835484,0.562177,0.310002,0.7773,0.0,0.273306,0.525482,0.058184,0.263555,123,0.0,1
2,2,2542:2,2542,WeMath,1,0,18.46,0.867036,0.592667,0.531211,0.468793,0.0,-0.274369,-0.335825,-0.398243,0.0,15,0.0,1
2,2,2542:2,2542,WeMath,1,1,22.76,0.867036,0.592667,0.341215,0.468793,0.0,-0.274369,-0.525821,-0.398243,0.18803,145,0.0,1
2,2,2563:7,2563,MathVerse_MINI_Vision_Only,1,0,34.37,0.592668,0.132966,0.203307,0.500001,0.0,-0.459702,-0.389361,-0.092667,0.027428,61,0.0,1
2,2,2563:7,2563,MathVerse_MINI_Vision_Only,1,1,38.38,0.592668,0.0851,0.139255,0.500001,0.0,-0.507568,-0.453414,-0.092667,0.061602,178,0.0,1
2,2,2598:9,2598,MMMU_DEV_VAL,1,0,22.13,0.835485,0.851953,0.880797,0.320825,0.0,0.016469,0.045313,-0.51466,0.0,15,0.0,1
2,2,2598:9,2598,MMMU_DEV_VAL,1,1,22.35,0.835485,0.851953,0.880797,0.851954,0.0,0.016469,0.045313,0.016469,0.0,15,0.0,1
2,2,2613:5,2613,DynaMath,1,0,34.81,0.990292,0.914901,0.899749,0.946597,0.0,-0.07539,-0.090543,-0.043695,0.119282,108,0.0,1
2,2,2613:5,2613,DynaMath,1,1,31.71,0.990292,0.914901,0.95464,0.946597,0.0,-0.07539,-0.035651,-0.043695,0.020827,15,0.0,1
2,2,2638:3,2638,WeMath,1,0,14.46,0.867036,0.651356,0.698959,0.622461,0.0,-0.21568,-0.168077,-0.244575,0.108183,15,0.0,1
2,2,2638:3,2638,WeMath,1,1,14.36,0.867036,0.651356,0.622462,0.851953,0.0,-0.21568,-0.244574,-0.015083,0.0,15,0.0,1
2,2,2653:3,2653,MathVision_MINI,1,0,23.4,0.705786,0.348647,0.596371,0.651355,0.0,-0.357139,-0.109415,-0.054431,0.154735,15,0.0,1
2,2,2653:3,2653,MathVision_MINI,1,1,21.06,0.705786,0.348647,0.596371,0.651355,0.0,-0.357139,-0.109415,-0.054431,0.154735,15,0.0,1
2,2,2671:5,2671,MathVerse_MINI_Vision_Only,1,0,26.61,0.622461,0.651357,0.437827,0.73106,0.0,0.028896,-0.184634,0.108599,0.0,15,0.0,1
2,2,2671:5,2671,MathVerse_MINI_Vision_Only,1,1,26.49,0.622461,0.651357,0.437827,0.500003,0.0,0.028896,-0.184634,-0.122458,0.0,15,0.0,1
2,2,2688:8,2688,MathVision_MINI,0,0,40.63,0.468793,0.002801,0.045311,0.437825,0.0,0.465992,0.423482,0.030967,0.023736,358,0.0,1
2,2,2688:8,2688,MathVision_MINI,0,1,33.53,0.468793,0.00461,0.017872,0.437825,0.0,0.464183,0.450921,0.030967,0.011435,201,0.0,1
2,2,2703:8,2703,MathVerse_MINI_Vision_Only,0,0,66.1,0.020332,0.020332,0.015906,0.020332,0.0,-0.0,0.004426,-0.0,0.0,15,0.0,1
2,2,2703:8,2703,MathVerse_MINI_Vision_Only,0,1,66.08,0.020332,0.020332,0.015906,0.020332,0.0,-0.0,0.004426,-0.0,0.0,15,0.0,1
2,2,2734:14,2734,WeMath,1,0,28.05,0.974043,0.914901,0.946597,0.939913,0.0,-0.059142,-0.027446,-0.034129,0.0,15,0.0,1
2,2,2734:14,2734,WeMath,1,1,28.06,0.974043,0.914901,0.802905,0.939913,0.0,-0.059142,-0.171138,-0.034129,0.101605,15,0.0,1
2,2,2760:4,2760,MathVision_MINI,1,0,19.65,0.562178,0.201815,0.356366,0.201815,0.0,-0.360363,-0.205812,-0.360364,0.123634,15,0.0,1
2,2,2760:4,2760,MathVision_MINI,1,1,19.65,0.562178,0.201815,0.356366,0.201815,0.0,-0.360363,-0.205812,-0.360364,0.123634,15,0.0,1
2,2,2779:6,2779,DynaMath,1,0,37.58,0.985936,0.867037,0.904651,0.914901,0.0,-0.1189,-0.081285,-0.071035,0.0,15,0.0,1
2,2,2779:6,2779,DynaMath,1,1,37.58,0.985936,0.867037,0.904651,0.914901,0.0,-0.1189,-0.081285,-0.071035,0.0,15,0.0,1
2,2,2802:7,2802,MathVerse_MINI_Vision_Only,0,0,22.11,0.904651,0.777301,0.851953,0.651356,0.0,0.127351,0.052698,0.253295,0.0,15,0.0,1
2,2,2802:7,2802,MathVerse_MINI_Vision_Only,0,1,22.13,0.904651,0.777301,0.851953,0.651356,0.0,0.127351,0.052698,0.253295,0.0,15,0.0,1
2,2,2817:6,2817,MathVision_MINI,0,0,21.91,0.437825,0.182427,0.113823,0.245087,0.0,0.255398,0.324002,0.192738,0.071694,95,0.0,1
2,2,2817:6,2817,MathVision_MINI,0,1,21.82,0.437825,0.182427,0.11191,0.245087,0.0,0.255398,0.325915,0.192738,0.074399,92,0.0,1
2,2,2847:9,2847,MathVision_MINI,0,0,72.5,0.320822,0.294216,0.201814,0.348646,0.0,0.026606,0.119008,-0.027824,0.0,15,0.0,1
2,2,2847:9,2847,MathVision_MINI,0,1,72.47,0.320822,0.201814,0.232615,0.201814,0.0,0.119008,0.088207,0.119008,0.043559,15,0.0,1
2,2,2861:4,2861,WeMath,1,0,27.15,0.817575,0.106692,0.119449,0.106691,0.0,-0.710884,-0.698126,-0.710884,0.063736,74,0.0,1
2,2,2861:4,2861,WeMath,1,1,28.33,0.817575,0.106692,0.115674,0.106691,0.0,-0.710884,-0.701901,-0.710884,0.069075,108,0.0,1
