key,route,split,record,ias,conf,label,gA_stop,gA_att,gA_rea,gA_enc,gB_stop,gB_att,gB_rea,gB_enc
1004:1,A,dev,1004,1.0,0.205786,1,0.0,-0.058688,-0.228375,0.027823,0.0,0.146831,-0.376956,0.027823
1005:4,A,dev,1005,0.707965,0.424142,1,0.0,0.096969,0.079417,0.111113,0.0,0.096969,0.056681,0.111113
1010:6,A,dev,1010,0.5,0.298186,1,0.0,-0.026274,-0.026274,-0.037615,0.0,-0.026274,-0.026274,-0.037615
1012:6,A,dev,1012,1.0,0.432453,1,0.0,0.215679,0.081783,0.027824,0.0,0.215679,0.22944,0.027824
1023:6,A,dev,1023,0.729167,0.432453,0,0.0,-0.047773,-0.00176,-0.010099,0.0,-0.047773,0.001085,-0.010099
1026:1,A,dev,1026,0.333333,0.432453,1,0.0,0.061457,0.080618,0.0,0.0,0.061457,-0.136095,0.0
1032:9,A,dev,1032,1.0,0.490292,1,0.0,0.01718,0.021926,0.019022,0.0,0.01718,0.023377,0.01718
1034:2,A,dev,1034,0.984615,0.205787,0,0.0,-0.03049,-0.051845,0.08651,0.0,-0.03049,-0.051845,0.08651
1034:5,A,dev,1034,0.984615,0.380797,1,0.0,-0.143607,0.007467,-0.298449,0.0,0.129697,-0.114763,0.04913
1043:1,A,test,1043,0.104167,0.432454,1,0.0,0.218356,0.078043,0.025274,0.0,0.025274,0.156085,0.226668
1043:7,A,test,1043,0.104167,0.122462,1,0.0,-0.043272,0.080955,-0.197663,0.0,0.31709,0.04341,-0.207762
1054:4,A,dev,1054,0.0,0.031211,1,0.0,2e-06,-0.030967,2e-06,0.0,2e-06,-0.030967,2e-06
1054:6,A,dev,1054,0.0,0.487568,1,0.0,0.003984,0.002317,0.002317,0.0,0.003984,0.002317,0.002317
105:2,A,dev,105,0.896552,0.205787,1,0.0,0.339474,0.26796,-0.37774,0.0,0.339474,0.26796,-0.168881
1063:1,A,dev,1063,0.690476,0.205787,1,0.0,0.027825,0.086512,0.117003,0.0,0.17918,0.138126,0.117003
1065:0,A,dev,1065,0.516667,2e-06,1,0.0,-0.08261,-0.053766,-0.106464,0.0,-0.08261,-0.053766,-0.106464
106:4,A,dev,106,1.0,0.380797,1,0.0,-0.05443,0.065657,0.129698,0.0,0.071515,0.065657,0.129698
1071:1,A,dev,1071,0.984615,0.298188,1,0.0,-0.030966,-0.030967,-0.21353,0.0,-0.030966,0.133093,-0.21353
1079:11,A,test,1079,0.896552,0.484094,1,0.0,-0.040972,-0.009202,-0.020318,0.0,-0.027447,-0.025245,-0.0
1079:6,A,test,1079,0.896552,0.497817,1,0.0,-0.00241,-0.006917,0.520227,0.0,-0.00241,-0.006917,0.806588
1086:11,A,dev,1086,0.984615,0.351952,1,0.0,-0.071778,-0.008063,-0.081877,0.0,-0.071778,-0.081877,-0.081877
1107:8,A,test,1107,0.627119,0.474043,0,0.0,-0.0,0.002666,0.002666,0.0,-0.0,0.002666,0.002666
1111:4,A,dev,1111,0.707965,0.414901,1,0.0,0.298185,0.031209,0.179178,0.0,0.062176,0.031209,0.317572
1114:9,A,dev,1114,0.875,0.393309,0,0.0,0.0,-0.035358,-0.116009,0.0,0.0,-0.116009,-0.116009
1116:13,A,dev,1116,0.958333,0.432453,1,0.0,0.191681,0.060762,0.202996,0.0,-0.075737,0.060762,0.022384
1121:3,A,dev,1121,0.866667,0.179177,1,0.0,-0.00924,-1e-06,0.01025,0.0,-0.00924,-1e-06,0.01025
1121:6,A,dev,1121,0.866667,0.2773,1,0.0,-0.0,0.01025,0.01025,0.0,-0.0,0.01025,0.062948
1124:6,A,dev,1124,0.707965,0.457912,1,0.0,0.059143,0.016131,0.069393,0.0,0.059143,0.016131,0.069393
1139:12,A,dev,1139,1.0,0.254914,1,0.0,-0.011316,0.022455,0.006683,0.0,-0.011316,0.022455,0.006683
1139:2,A,dev,1139,1.0,0.457912,1,0.0,0.021421,0.013406,0.01718,0.0,0.021421,0.013406,0.01718
1139:8,A,dev,1139,1.0,0.485936,1,0.0,-0.003077,-0.007371,-0.007371,0.0,-0.003077,-0.007371,-0.007371
1139:9,A,dev,1139,1.0,0.335483,1,0.0,0.03022,0.03022,0.016076,0.0,0.03022,0.03022,0.016076
113:1,A,dev,113,1.0,0.298187,1,0.0,0.119009,0.146834,0.175728,0.0,0.119009,0.247736,0.477364
1144:4,A,dev,1144,1.0,0.277301,0,0.0,0.061457,0.030491,0.061459,0.0,0.061457,-0.172748,0.061459
1154:4,A,dev,1154,0.789474,0.092664,0,0.0,0.212002,-0.03452,-0.254917,0.0,-0.075736,0.079725,-0.254917
1166:6,A,dev,1166,1.0,0.351952,0,0.0,-0.01025,0.0,0.009241,0.0,-0.01025,0.0,0.009241
1166:8,A,dev,1166,1.0,0.205784,0,0.0,-0.031552,-0.049461,-0.031552,0.0,-0.031552,-0.049461,-0.031552
1173:4,A,dev,1173,0.627119,0.122461,1,0.0,0.093386,-0.046871,-0.089177,0.0,-0.117001,-0.046871,-0.089177
1179:1,A,test,1179,0.0,0.367035,1,0.0,0.00746,0.025012,0.072878,0.0,0.00746,0.025012,0.072878
1188:1,A,test,1188,1.0,0.446596,1,0.0,-0.0,-0.016881,-0.018326,0.0,-0.0,-0.016881,-0.018326
118:3,A,test,118,1.0,0.380796,0,0.0,0.02944,0.02944,-0.028432,0.0,0.02944,0.02944,0.034995
1192:10,A,dev,1192,0.971429,0.482014,1,0.0,0.022385,0.155677,-0.023856,0.0,0.022385,0.155677,-0.132455
1192:6,A,dev,1192,0.971429,0.367036,1,0.0,0.0,0.05443,-0.028894,0.0,0.0,0.151874,0.146831
1202:2,A,test,1202,0.971429,0.351952,1,0.0,0.03413,0.027446,0.01613,0.0,0.03413,0.027446,0.01613
1202:4,A,test,1202,0.971429,0.205784,0,0.0,-0.011342,-0.069167,-0.087077,0.0,-0.011342,-0.069167,-0.087077
1210:1,A,dev,1210,0.391943,0.414901,1,0.0,-0.089178,0.017029,0.229441,0.0,-0.089178,0.017029,-0.089178
1212:3,A,test,1212,0.0,5e-06,1,0.0,0.087077,0.149291,0.037616,0.0,0.087077,0.017378,0.037616
1217:0,A,test,1217,0.125,0.380797,1,0.0,-0.114961,-0.13143,-0.435701,0.0,-0.020317,-0.170219,-0.435701
1218:2,A,test,1218,0.866667,0.457912,1,0.0,0.184127,0.306555,-0.518389,0.0,-0.089178,0.306555,-0.518389
1219:6,A,dev,1219,0.104167,0.205783,1,0.0,-0.15945,-0.075806,0.040275,0.0,-0.1451,-0.088008,-0.140339
1228:6,A,dev,1228,0.333333,0.335482,0,0.0,-0.020121,-0.013462,-0.020121,0.0,-0.020121,-0.005978,-0.020121
1239:12,A,test,1239,0.478261,0.2773,1,0.0,-0.062176,0.0,0.03049,0.0,0.117002,0.0,0.143608
123:4,A,test,123,0.789474,0.179178,0,0.0,-0.06266,-0.040275,-0.0,0.0,-0.111789,-0.040275,-0.0
123:5,A,test,123,0.789474,0.49929,0,0.0,-0.003577,9e-06,-0.00144,0.0,0.000697,-9.8e-05,-0.000895
1241:1,A,dev,1241,0.0,0.380797,1,0.0,0.075734,-0.099352,-0.69837,0.0,-0.086515,-0.032487,-0.69837
1248:1,A,test,1248,0.263158,0.231058,1,0.0,-0.009241,0.047866,0.062949,0.0,-0.009241,0.047866,0.062949
1255:12,A,dev,1255,0.481481,0.205785,1,0.0,-0.223705,-0.162481,-0.103559,0.0,-0.223705,-0.254914,-0.317089
1256:13,A,test,1256,0.005505,0.205786,0,0.0,0.267961,0.410048,0.154844,0.0,0.267961,0.236641,-0.215122
1256:2,A,test,1256,0.005505,0.439913,1,0.0,0.047773,0.047773,0.047773,0.0,0.047773,0.047773,0.047773
1259:5,A,test,1259,0.478261,0.457912,1,0.0,0.015771,-0.33278,0.028432,0.0,0.015771,-0.285487,0.028432
1262:6,A,dev,1262,1.0,0.254916,1,0.0,-0.122458,-0.314003,-0.179179,0.0,-0.351953,-0.021912,-0.205784
1263:5,A,dev,1263,0.888889,0.317575,0,0.0,-0.187524,-0.129698,0.083326,0.0,0.05443,0.032179,0.083326
1265:2,A,dev,1265,0.896552,0.491423,1,0.0,0.00898,0.011326,-0.08989,0.0,0.00898,0.011326,-0.08989
1265:4,A,dev,1265,0.896552,0.477023,0,0.0,-0.0,0.03903,-0.0,0.0,-0.0,0.0,-0.0
1289:1,A,dev,1289,0.0,0.179178,0,0.0,0.043344,-0.045314,-0.028845,0.0,0.043344,-0.045314,-0.028845
1289:3,A,dev,1289,0.0,0.092665,0,0.0,-0.040275,-0.086516,-0.040275,0.0,-0.040275,-0.086516,-0.166219
128:3,A,dev,128,0.142857,0.092667,1,0.0,0.0,0.0,0.026607,0.0,0.0,0.0,0.026607
128:8,A,dev,128,0.142857,0.432453,1,0.0,-0.037615,0.546214,0.546214,0.0,0.215681,0.351604,0.546214
1292:5,A,dev,1292,0.0,0.414901,1,0.0,0.018114,0.003774,-0.0,0.0,0.018114,0.003774,-0.0
1293:13,A,dev,1293,0.230769,0.092666,0,0.0,0.0,-0.026606,-0.05443,0.0,0.0,-0.026606,-0.05443
1293:7,A,dev,1293,0.230769,0.122458,0,0.0,-0.072189,-0.088658,-0.072189,0.0,-0.072189,-0.088658,-0.072189
1294:6,A,test,1294,0.630769,0.404651,1,0.0,-0.868366,-0.096043,-0.288129,0.0,-0.175012,-0.192086,-0.063222
1296:0,A,test,1296,1.0,0.231059,1,0.0,0.286123,-0.286366,-0.246091,0.0,-0.174576,-0.286366,-0.246091
129:0,A,dev,129,0.160714,0.062177,0,0.0,-0.075737,-0.148614,0.169228,0.0,-0.075737,-0.04913,0.169228
1304:1,A,test,1304,1.0,0.151357,1,0.0,-0.05443,-0.220252,0.182564,0.0,-0.05443,-0.223488,0.058689
1304:10,A,test,1304,1.0,0.470688,1,0.0,0.057106,-0.089736,-0.089736,0.0,-0.068849,0.008159,0.057106
1304:4,A,test,1304,1.0,0.062179,1,0.0,0.168883,0.251865,0.079705,0.0,0.168883,0.231058,0.079705
1312:1,A,dev,1312,0.803279,0.39331,1,0.0,0.335823,0.335822,-0.210387,0.0,0.335823,0.335822,0.061459
1320:11,A,dev,1320,0.803279,0.231059,1,0.0,0.098122,0.312869,0.532215,0.0,0.098122,0.312869,0.369967
1323:6,A,test,1323,0.159091,0.367035,0,0.0,-0.034461,-0.034461,-0.01434,0.0,-0.034461,-0.034461,-0.01434
1324:6,A,test,1324,0.104167,0.39331,1,0.0,0.138387,-0.163043,0.205515,0.0,0.138387,0.090165,0.205515
1327:1,A,test,1327,0.0,0.49539,1,0.0,-0.079417,0.029994,-0.32223,0.0,0.047772,0.055787,-0.079416
1341:11,A,test,1341,0.652174,0.439913,0,0.0,0.039849,-0.005977,-0.028433,0.0,-0.005978,-0.005977,-0.028433
1344:6,A,test,1344,0.0,0.031208,1,0.0,-0.114962,-0.017778,0.503307,0.0,1e-06,-0.053629,-0.080501
1353:9,A,dev,1353,0.104167,0.39331,1,0.0,-0.149735,-0.08723,0.047923,0.0,0.027803,0.01025,-0.173591
1355:1,A,test,1355,1.0,0.151356,1,0.0,0.138392,0.145615,0.353518,0.0,0.138392,0.145615,-0.067128
1357:4,A,test,1357,1.0,0.380796,1,0.0,0.007071,-0.0,-0.001843,0.0,0.007071,-0.0,-0.001843
1364:1,A,dev,1364,1.0,0.446597,1,0.0,0.122458,0.249015,-0.0,0.0,0.31757,0.249015,-0.0
136:5,A,dev,136,0.984615,0.452574,0,0.0,-0.116008,-0.070728,0.428651,0.0,-0.116008,0.013696,0.670609
1371:2,A,test,1371,0.516667,0.031208,0,0.0,-0.112122,-0.166204,-0.398246,0.0,-0.112122,-0.112121,-0.398246
1377:12,A,dev,1377,0.384615,0.122459,0,0.0,0.125955,0.106464,0.134267,0.0,0.125955,0.106464,0.134267
1377:13,A,dev,1377,0.384615,0.062176,0,0.0,-0.083326,0.049129,-0.0,0.0,0.111789,0.004978,-0.143609
1377:2,A,dev,1377,0.384615,0.335483,0,0.0,0.017552,0.0,0.0,0.0,0.017552,0.0,0.0
1378:5,A,test,1378,0.388938,0.499447,1,0.0,-0.000153,-0.00021,0.001439,0.0,-0.000153,-0.000283,-0.000348
1381:10,A,test,1381,0.0,0.462673,1,0.0,0.0805,0.013369,0.094644,0.0,0.0805,0.013369,0.094644
1382:5,A,dev,1382,0.263158,0.062179,1,0.0,-0.086511,-0.066873,-0.162246,0.0,-0.086511,-0.162247,-0.029792
1386:11,A,test,1386,0.391943,0.477023,1,0.0,-0.088658,0.010473,-0.009241,0.0,0.0,0.010473,0.03377
1396:7,A,dev,1396,0.627119,0.298185,0,0.0,-0.009241,-0.019491,-0.019492,0.0,-0.009241,-0.019491,-0.019492
1396:8,A,dev,1396,0.627119,0.231058,0,0.0,-0.019491,-0.043344,-0.057106,0.0,-0.019491,-0.043344,-0.057106
1409:0,A,test,1409,0.782609,0.432453,1,0.0,0.042772,-0.14121,-0.244962,0.0,-0.019491,-0.056077,-0.146841
1413:4,A,test,1413,1.0,2e-06,1,0.0,0.083326,0.113119,0.113118,0.0,0.113118,0.113119,0.143608
1413:5,A,test,1413,1.0,0.062178,1,0.0,0.05188,0.1086,0.108599,0.0,0.05188,0.1086,0.108599
1414:6,A,test,1414,0.896552,0.031211,0,0.0,-0.146169,-0.074653,0.062949,0.0,-0.146169,-0.200598,0.062949
1417:0,A,dev,1417,0.133333,0.179181,1,0.0,0.129698,-0.092543,-0.236991,0.0,-0.113116,-0.174572,-0.236991
1424:4,A,test,1424,0.516667,0.298185,0,0.0,-0.030833,-0.019491,-0.030833,0.0,-0.030833,-0.019491,-0.030833
1430:11,A,dev,1430,0.630769,0.122459,0,0.0,-0.031552,-0.068849,-0.049462,0.0,-0.031552,-0.068849,-0.049462
1445:4,A,dev,1445,1.0,0.335483,1,0.0,-0.01434,-0.0,-0.0,0.0,-0.01434,-0.0,-0.0
1449:1,A,test,1449,0.958333,0.49929,1,0.0,0.000531,-0.000739,-0.001011,0.0,0.000531,-0.000739,-0.001011
144:8,A,dev,144,0.850614,1e-06,1,0.0,-0.075736,-0.034379,0.255397,0.0,-0.075736,-0.034379,-0.01791
1453:3,A,dev,1453,0.481481,0.335482,1,0.0,-0.015083,-0.028845,0.120895,0.0,-0.015083,-0.001308,0.120895
1457:1,A,dev,1457,0.481481,0.40465,1,0.0,0.033362,0.001523,-0.001632,0.0,0.033362,0.008914,-0.001632
1466:4,A,test,1466,0.652174,0.062175,1,0.0,-0.118736,-0.070452,-0.072189,0.0,-0.041357,-0.093153,-0.072189
1479:5,A,test,1479,0.729167,0.298188,0,0.0,0.091249,-0.143064,0.301636,0.0,0.091249,-0.143064,0.301636
1482:3,A,test,1482,1.0,0.031211,1,0.0,0.040275,0.019389,0.019389,0.0,0.040275,0.098059,0.019389
1482:5,A,test,1482,1.0,0.439914,1,0.0,-0.051878,-0.0321,0.067128,0.0,0.120894,0.120894,0.067128
1485:0,A,test,1485,0.0,0.351953,1,0.0,-0.254913,-0.223705,-0.254913,0.0,0.080568,-0.12228,-0.254913
1488:2,A,test,1488,0.803279,0.151357,0,0.0,-0.2554,-0.286367,-0.255402,0.0,-0.2554,-0.286367,-0.255402
1488:5,A,test,1488,0.803279,0.092663,0,0.0,-0.135002,-0.135001,-0.135001,0.0,-0.135002,-0.221517,-0.135001
1491:9,A,dev,1491,1.0,0.298184,1,0.0,0.074653,0.055264,0.053766,0.0,0.074653,0.034378,0.053766
1493:5,A,test,1493,1.0,0.335484,1,0.0,0.210388,-0.030416,0.210388,0.0,0.0,0.041292,-0.174575
14:6,A,test,14,1.0,0.404651,1,0.0,-0.210386,0.044477,0.156304,0.0,0.098121,-0.06735,0.156304
14:7,A,test,14,1.0,0.477023,1,0.0,0.111113,0.127189,0.127189,0.0,0.111113,0.127189,0.127189
1500:2,A,test,1500,0.803279,0.254916,1,0.0,-0.028894,0.191056,0.060285,0.0,0.060284,0.167216,0.060285
1500:3,A,test,1500,0.803279,0.062175,1,0.0,0.034104,0.110752,0.079418,0.0,0.034104,0.055595,0.079418
1509:0,A,dev,1509,1.0,0.205787,1,0.0,-0.410237,-0.358749,-0.138396,0.0,-0.019388,-0.358749,-0.468927
1509:3,A,dev,1509,1.0,0.151356,1,0.0,0.051879,0.051879,0.025273,0.0,0.051879,0.051879,0.025273
1523:11,A,dev,1523,0.65,0.424142,1,0.0,0.033071,0.033071,0.021755,0.0,0.033071,0.033071,0.021755
1528:4,A,dev,1528,0.481481,0.487568,1,0.0,0.079417,0.083149,0.057826,0.0,0.016469,0.069167,0.10443
152:0,A,dev,152,0.160714,0.17918,0,0.0,0.083326,0.083325,0.15484,0.0,0.083326,0.083325,0.15484
1538:18,A,dev,1538,1.0,0.479668,1,0.0,-0.062659,0.030082,0.122338,0.0,-0.062659,0.030082,0.122338
1539:1,A,dev,1539,0.516667,0.17918,1,0.0,0.267961,0.143608,0.05443,0.0,0.267961,0.143608,0.05443
1540:3,A,test,1540,0.481481,0.367035,1,0.0,0.005978,0.02374,0.020121,0.0,0.005978,0.005977,0.071777
1540:9,A,test,1540,0.481481,0.231058,1,0.0,-0.120895,-0.104426,-0.067129,0.0,-0.120895,-0.104426,-0.067129
1550:10,A,test,1550,1.0,0.432453,1,0.0,0.114878,-0.2434,-0.138394,0.0,-0.062659,0.018416,-0.138394
1550:3,A,test,1550,1.0,0.031212,1,0.0,-0.05188,-0.01609,-0.30049,0.0,-0.05188,-0.082666,-0.098121
1550:7,A,test,1550,1.0,0.254916,1,0.0,0.10443,0.185,0.28856,0.0,0.10443,0.185,0.471123
1551:7,A,dev,1551,1.0,0.122458,0,0.0,-0.192738,0.0,-0.0,0.0,-0.023856,0.0,-0.0
1561:2,A,test,1561,1.0,0.062175,1,0.0,0.132457,0.132456,0.075738,0.0,0.132457,0.132456,0.075738
1561:4,A,test,1561,1.0,0.231059,0,0.0,-0.079704,0.058687,0.609267,0.0,-0.079704,0.058687,0.609267
1563:8,A,test,1563,0.159091,0.254916,1,0.0,-0.266978,-0.046161,-0.304276,0.0,-0.266978,-0.249999,-0.0
1566:5,A,test,1566,1.0,0.477023,1,0.0,0.003984,0.006115,0.004984,0.0,0.003984,0.006115,0.004984
1569:6,A,test,1569,0.333333,0.367036,0,0.0,0.175725,-0.0124,0.329394,0.0,0.175725,0.081663,0.329394
1579:0,A,test,1579,0.866667,0.062177,1,0.0,-0.056719,-0.028895,-0.083325,0.0,-0.056719,-0.028895,-0.083325
1579:1,A,test,1579,0.866667,0.380797,1,0.0,0.01025,-0.012232,0.021592,0.0,0.01025,5.8e-05,0.021592
1580:1,A,test,1580,0.538462,0.40465,1,0.0,0.006683,0.0,0.031696,0.0,0.006683,0.0,0.031696
1584:1,A,test,1584,0.984615,0.496406,1,0.0,-0.051656,-0.050296,-0.932413,0.0,0.041589,0.024956,-0.096969
1584:2,A,test,1584,0.984615,0.446597,1,0.0,0.149735,0.099823,-0.43409,0.0,0.022385,0.041959,-0.43409
1586:6,A,test,1586,0.160714,0.393308,0,0.0,-0.020121,-0.012661,-0.012661,0.0,-0.020121,-0.012661,-0.012661
1594:5,A,test,1594,0.652174,0.254914,0,0.0,-1e-06,-0.023856,-0.075737,0.0,-0.132456,0.010952,-0.04913
1600:6,A,test,1600,0.0,0.335484,0,0.0,0.028895,-0.178672,-0.489492,0.0,0.028895,-0.178672,-0.489492
1602:3,A,dev,1602,0.866667,0.205783,1,0.0,0.013762,-0.012513,-0.012513,0.0,0.013762,-0.012513,-0.012513
1606:10,A,dev,1606,0.782609,0.0,1,0.0,0.022385,0.104415,0.339476,0.0,0.022385,0.098121,0.125945
1607:2,A,dev,1607,0.729167,0.23106,1,0.0,0.092666,0.081638,-0.498833,0.0,0.031209,-0.32244,0.122458
1615:0,A,test,1615,0.333333,0.317576,1,0.0,0.097036,-0.031666,-0.621947,0.0,-0.162247,-0.031666,-0.621947
1616:1,A,test,1616,0.478261,0.254914,1,0.0,0.034104,0.034104,0.021591,0.0,0.034104,0.034104,0.021591
1616:6,A,test,1616,0.478261,0.092665,1,0.0,0.011341,0.052698,0.069168,0.0,0.011341,0.052698,0.069168
1619:3,A,dev,1619,0.707965,0.231059,1,0.0,-0.120144,0.018588,0.21568,0.0,0.166219,0.018588,0.05443
1625:7,A,dev,1625,0.160714,0.351953,1,0.0,-0.215122,-0.05736,-0.154839,0.0,0.040274,-0.05736,-0.154839
1626:2,A,dev,1626,0.160714,0.254916,1,0.0,0.24402,0.377752,0.390851,0.0,0.444618,0.444617,0.123875
1627:7,A,test,1627,0.538462,0.298186,1,0.0,0.023853,0.037615,0.023854,0.0,0.023853,0.037615,0.023854
162:8,A,dev,162,0.803279,0.351952,0,0.0,0.0,-0.028432,-0.100623,0.0,0.0,-0.028432,-0.100623
1633:8,A,test,1633,0.516667,0.151354,1,0.0,-0.012513,0.028844,0.028845,0.0,-0.012513,0.028844,0.028845
1634:7,A,test,1634,0.333333,0.12246,0,0.0,0.147969,-0.020647,0.09125,0.0,0.147969,0.030967,0.09125
1635:5,A,dev,1635,0.0147,0.380798,0,0.0,-0.063222,0.186236,-0.063222,0.0,-0.063222,0.109569,0.195113
1645:3,A,dev,1645,0.107143,0.205785,0,0.0,-0.058184,-0.058184,-0.058184,0.0,-0.058184,-0.058184,-0.058184
1646:2,A,test,1646,0.707965,0.380798,1,0.0,0.062659,0.020886,0.062659,0.0,0.062659,0.041772,0.062659
1656:11,A,dev,1656,1.0,0.414901,1,0.0,-0.236009,-0.205519,-0.067128,0.0,-0.236009,-0.205519,-0.067128
165:6,A,test,165,0.478261,0.470688,1,0.0,0.007129,-0.009505,-0.027001,0.0,-0.034461,-0.009505,-0.027001
1665:2,A,dev,1665,1.0,0.062177,0,0.0,-0.092667,0.115107,0.029791,0.0,0.029792,-0.030491,0.029791
1666:8,A,dev,1666,0.866667,0.031214,1,0.0,-0.0,0.057783,-0.020887,0.0,-0.0,0.057783,-0.020887
167:5,A,dev,167,0.75,0.414901,0,0.0,0.047865,0.026273,0.026273,0.0,0.047865,0.026273,0.026273
1682:5,A,dev,1682,0.133333,0.205788,1,0.0,0.27184,-0.07457,0.123872,0.0,-0.029796,0.061774,0.185331
1693:2,A,test,1693,1.0,0.367034,1,0.0,-0.023853,0.041961,-0.109496,0.0,-0.023853,0.0,-0.109496
1699:7,A,test,1699,0.65,0.317574,0,0.0,-0.0144,-0.022878,-0.0144,0.0,-0.0144,-0.018455,-0.05897
169:4,A,test,169,1.0,1e-06,1,0.0,0.020888,0.036801,0.11901,0.0,0.020888,0.043273,0.390853
1703:2,A,test,1703,0.958333,0.205787,1,0.0,0.192738,-0.030845,-0.213528,0.0,0.236009,0.025565,-0.213528
1708:2,A,dev,1708,0.478261,0.39331,1,0.0,0.026606,0.051879,-0.456475,0.0,0.026606,-0.102159,-0.456475
1714:4,A,dev,1714,0.333333,0.254915,1,0.0,0.089178,0.151355,0.120145,0.0,0.21353,0.201806,0.120145
1726:10,A,dev,1726,1.0,0.40465,1,0.0,0.028025,0.033363,0.015249,0.0,0.028025,0.033363,0.015249
1727:2,A,dev,1727,0.444444,0.031209,1,0.0,-0.040274,0.0,0.125946,0.0,-0.040274,0.0,0.125946
1731:0,A,dev,1731,0.263158,0.254914,0,0.0,0.0,-0.064292,0.073606,0.0,0.0,0.039144,0.073606
1731:3,A,dev,1731,0.263158,0.335483,0,0.0,-0.059265,-0.037673,-0.047924,0.0,-0.100622,-0.037673,-0.047924
1736:4,A,test,1736,0.333333,0.49982,0,0.0,-0.001013,-0.000222,-0.000138,0.0,-0.001013,-0.000222,-0.000138
1743:3,A,test,1743,0.516667,0.474043,1,0.0,0.043011,0.025012,-0.209114,0.0,0.043011,-0.079417,-0.209114
1762:2,A,test,1762,0.984615,0.351951,0,0.0,-0.020318,-0.020317,-0.020317,0.0,-0.020318,-0.020317,-0.020317
1763:2,A,test,1763,0.9925,0.432453,1,0.0,0.019023,0.033362,0.023263,0.0,0.019023,0.033362,0.023263
1766:1,A,test,1766,0.707965,0.432453,1,0.0,0.095123,0.095122,-0.146831,0.0,0.095123,0.095122,-0.798078
1774:2,A,test,1774,0.782609,0.231058,1,0.0,0.049461,-0.0,0.015083,0.0,0.049461,-0.0,0.015083
1777:9,A,dev,1777,0.263158,0.205784,0,0.0,-0.017553,-0.032323,-0.201395,0.0,-0.017553,0.0,-0.080501
177:13,A,test,177,1.0,0.092668,0,0.0,-0.244021,0.167454,0.103561,0.0,0.027823,0.222776,0.103561
177:5,A,test,177,1.0,0.474043,0,0.0,-0.001885,-0.000884,-0.003016,0.0,-0.001885,-0.000884,-0.003016
177:6,A,test,177,1.0,0.393309,0,0.0,0.007129,0.0,0.0151,0.0,0.007129,0.0,0.0151
1795:4,A,test,1795,0.868421,0.298188,1,0.0,0.108599,-0.03858,-0.618391,0.0,-0.474412,-0.086192,-0.215125
1804:2,A,test,1804,1.0,0.414901,0,0.0,-0.187523,-0.132576,0.205781,0.0,-0.187523,-0.132576,0.205781
1806:0,A,test,1806,0.707965,0.298185,1,0.0,0.042773,0.012403,0.01434,0.0,0.042773,0.015883,-0.028477
1806:5,A,test,1806,0.707965,0.452574,1,0.0,-0.124353,0.092884,0.289775,0.0,-0.397661,-0.22814,0.289775
1807:7,A,test,1807,0.159091,1e-06,1,0.0,-0.080569,0.010533,-0.062661,0.0,-0.080569,-0.080569,-0.062661
1807:8,A,test,1807,0.159091,0.031207,1,0.0,-0.023857,0.162462,0.079702,0.0,-0.023857,0.093867,0.293233
180:9,A,dev,180,0.729167,0.351952,0,0.0,-0.037673,-0.047924,-0.059265,0.0,-0.037673,-0.047924,-0.059265
1816:1,A,dev,1816,0.782609,0.367037,1,0.0,0.124353,0.161571,-0.273306,0.0,0.339473,0.062176,-0.273306
1816:2,A,dev,1816,0.782609,0.06218,1,0.0,0.05443,-0.070511,-0.28961,0.0,-0.268262,-0.044771,-0.28961
1831:1,A,dev,1831,1.0,0.317575,1,0.0,-0.0,0.051879,-0.027823,0.0,0.051879,0.017293,-0.027823
1831:6,A,dev,1831,1.0,0.492423,0,0.0,0.006951,0.005528,0.007281,0.0,0.002968,0.006646,0.006076
1842:9,A,dev,1842,1.0,0.092665,1,0.0,-0.051656,0.028844,0.0,0.0,-0.051656,0.09571,0.0
1843:9,A,test,1843,0.160714,0.298186,1,0.0,0.011341,0.084432,-0.01025,0.0,-0.053262,-0.0,-0.01025
1854:19,A,test,1854,1.0,0.462673,1,0.0,-0.168881,0.029775,-0.108599,0.0,0.135976,0.111429,0.135977
1854:7,A,test,1854,1.0,0.351954,1,0.0,-0.456477,0.119007,-0.330533,0.0,-0.027824,0.119007,0.138394
1864:2,A,test,1864,0.971429,0.179178,0,0.0,0.074653,-0.0,0.089736,0.0,0.074653,0.109024,-0.046242
1864:4,A,test,1864,0.971429,2e-06,0,0.0,0.119007,0.051878,-0.147969,0.0,0.119007,0.051878,0.09812
1869:6,A,test,1869,0.538462,0.477022,0,0.0,-0.017552,-0.001344,0.04159,0.0,0.025459,0.019639,-0.080501
1877:8,A,test,1877,0.0,0.062176,1,0.0,-0.053766,0.020887,0.020887,0.0,-0.053766,0.020887,0.020887
1893:1,A,test,1893,0.707965,0.380797,1,0.0,0.012075,0.014421,0.023401,0.0,0.012075,0.001083,0.023401
1898:6,A,test,1898,0.630769,0.432452,1,0.0,-0.012775,-0.019111,-0.004761,0.0,-0.012775,-0.019111,-0.004761
18:0,A,dev,18,0.958333,0.122463,1,0.0,-0.122456,-0.122457,-0.092664,0.0,-0.122456,-0.060912,-0.092664
1905:6,A,dev,1905,0.478261,0.439914,1,0.0,-0.914805,0.052013,0.052013,0.0,-0.034104,-0.267055,0.052013
1906:3,A,test,1906,0.791667,0.317574,0,0.0,-0.033771,-0.052806,-0.025459,0.0,-0.033771,-0.033771,-0.025459
1907:4,A,dev,1907,0.707965,0.317575,1,0.0,0.231057,0.105777,0.277298,0.0,0.231057,0.180345,0.277298
1932:11,A,dev,1932,1.0,0.254913,0,0.0,0.017553,-0.064884,0.017553,0.0,0.017553,0.0,0.017553
1936:4,A,dev,1936,0.516667,0.031212,1,0.0,-0.173595,0.076831,-0.208858,0.0,-0.149741,-0.18133,-0.183846
1947:1,A,test,1947,0.159065,0.031207,1,0.0,-0.061457,-0.572845,-0.061457,0.0,-0.559582,-0.261626,-0.585975
1951:4,A,dev,1951,0.516667,0.231055,0,0.0,-0.020122,-0.005978,-0.012662,0.0,-0.020122,-0.008206,-0.012662
1955:4,A,test,1955,0.160714,0.122457,1,0.0,0.109988,0.15945,0.159451,0.0,0.109988,0.15945,0.159451
1956:1,A,dev,1956,1.0,0.231057,0,0.0,-0.068849,-0.068849,-0.068849,0.0,-0.068849,-0.091225,-0.068849
1956:7,A,dev,1956,1.0,0.446596,0,0.0,0.0,-0.001445,-0.001445,0.0,0.0,-0.001445,-0.001445
1959:1,A,dev,1959,0.333333,0.062175,1,0.0,0.079705,0.309584,0.0,0.0,0.079705,0.025274,-0.183843
1962:1,A,test,1962,0.652174,0.335484,1,0.0,0.10356,0.187007,0.146831,0.0,0.241954,0.187007,0.253295
1962:6,A,test,1962,0.652174,0.492423,1,0.0,0.000971,0.000291,0.006076,0.0,0.000971,0.000291,0.0013
1964:0,A,test,1964,1.0,0.298187,1,0.0,0.060283,0.081283,-0.108599,0.0,0.060283,-0.028894,-0.108599
1968:2,A,test,1968,0.782609,0.205787,1,0.0,0.127352,0.392845,0.253296,0.0,0.253296,0.362217,0.023853
196:7,A,test,196,0.2,0.317571,0,0.0,-0.0,0.123105,-0.51839,0.0,0.130784,0.093563,0.090879
1970:0,A,test,1970,0.478261,0.179182,1,0.0,-0.05443,0.019901,-0.541266,0.0,-0.05443,0.019901,-0.541266
1970:5,A,test,1970,0.478261,0.205789,0,0.0,-0.215123,0.18125,-0.21512,0.0,0.366562,0.042856,0.108599
1985:11,A,dev,1985,0.707965,0.351953,0,0.0,0.0421,0.027001,0.017999,0.0,0.0421,0.027001,0.017999
1985:12,A,dev,1985,0.707965,0.414901,0,0.0,0.020735,0.021735,0.020735,0.0,0.020735,0.021735,0.020735
1985:3,A,dev,1985,0.707965,0.179177,0,0.0,-0.068849,-0.089736,-0.135978,0.0,-0.068849,-0.089736,-0.135978
1986:0,A,test,1986,0.958333,0.393309,1,0.0,0.007971,-0.003923,0.002346,0.0,0.007971,-0.003923,0.002346
1986:2,A,test,1986,0.958333,0.12246,0,0.0,-0.22491,-0.224909,-0.224909,0.0,-0.22491,-0.224909,-0.224909
1986:9,A,test,1986,0.958333,0.414901,0,0.0,-0.012661,0.010099,0.005338,0.0,-0.175275,0.010099,0.005338
1988:7,A,test,1988,0.333333,0.477023,0,0.0,0.0,0.003854,-0.001632,0.0,0.0,0.003854,-0.001632
1988:9,A,test,1988,0.333333,0.424142,0,0.0,0.0,0.0,-0.005977,0.0,0.0,0.0,-0.005977
1989:2,A,test,1989,0.803279,0.151354,1,0.0,0.112122,0.03136,0.112122,0.0,0.112122,0.031783,-0.124388
1989:7,A,test,1989,0.803279,0.122458,1,0.0,-0.10443,-0.137177,-0.13856,0.0,-0.10443,-0.098136,-0.09697
1992:10,A,dev,1992,0.735294,0.393309,0,0.0,-0.075736,-0.156305,0.056719,0.0,-0.075736,-0.156305,-0.119008
1995:3,A,test,1995,1.0,0.092665,1,0.0,0.058182,-0.071239,0.037295,0.0,0.017908,-0.086281,0.037295
1995:4,A,test,1995,1.0,0.031207,1,0.0,-0.022385,0.065017,-0.203,0.0,-1e-06,-0.024472,-0.207761
1:6,A,dev,1,1.0,0.457912,1,0.0,-0.009241,0.022455,0.008311,0.0,-0.009241,-0.033977,0.008311
2004:11,A,dev,2004,0.630769,0.062176,0,0.0,0.119009,0.138396,0.05188,0.0,0.119009,0.053263,0.05188
201:3,A,dev,201,0.803279,0.231059,1,0.0,-0.154843,-0.184635,-0.184634,0.0,-0.154843,-0.184635,-0.184634
2029:6,A,test,2029,1.0,0.2773,0,0.0,0.004761,-0.017999,-0.017999,0.0,0.004761,-0.017999,-0.017999
2037:4,A,dev,2037,1.0,0.367035,1,0.0,0.135617,0.082918,0.106772,0.0,0.135617,0.082918,0.21027
2059:12,A,test,2059,0.088889,0.39331,1,0.0,0.117001,0.192737,0.117001,0.0,0.117001,0.246449,0.192737
2059:6,A,test,2059,0.088889,0.432453,1,0.0,-0.001843,-0.0,0.026182,0.0,-0.001843,-0.0,0.026182
2066:2,A,dev,2066,0.803279,0.39331,1,0.0,0.21413,0.225471,-0.179174,0.0,0.051881,-0.075145,-0.179174
2069:6,A,test,2069,0.133333,0.298186,1,0.0,0.031696,0.031696,0.022455,0.0,0.031696,0.031696,0.022455
2075:3,A,test,2075,0.159091,0.39331,1,0.0,0.019387,-0.119008,-0.205516,0.0,0.019387,-0.080323,-0.205516
2076:7,A,test,2076,0.724318,0.298186,1,0.0,0.044826,0.016354,0.024509,0.0,0.044826,0.02875,0.024509
2078:9,A,test,2078,0.230769,0.254915,1,0.0,-0.0,-0.0,0.049461,0.0,-0.0,-0.0,0.049461
2081:1,A,test,2081,0.984615,0.092671,0,0.0,-0.301634,-0.273812,0.154842,0.0,-0.301634,-0.091271,0.154842
2086:1,A,test,2086,1.0,0.335484,0,0.0,-0.132455,-0.011425,-0.05672,0.0,0.029792,-0.154841,0.153668
2089:11,A,test,2089,0.791667,0.205784,1,0.0,-0.012661,-0.0,-0.006683,0.0,-0.012661,-0.0,-0.006683
2089:13,A,test,2089,0.791667,0.205785,1,0.0,0.097038,-0.041357,-0.041357,0.0,-0.062948,0.021151,-0.041357
208:6,A,test,208,0.478261,0.351954,1,0.0,-0.174574,0.018447,0.161249,0.0,-0.174574,0.018447,0.161249
2090:6,A,dev,2090,0.119308,0.335483,0,0.0,0.075735,0.049461,0.034378,0.0,0.075735,0.049461,0.034378
2092:1,A,dev,2092,0.866667,0.205785,1,0.0,0.0,0.020887,0.175727,0.0,0.0,0.020887,0.020887
2092:4,A,dev,2092,0.866667,0.062176,1,0.0,0.043272,0.020887,0.043272,0.0,0.043272,0.020887,0.043272
2097:6,A,dev,2097,1.0,0.151354,1,0.0,0.04913,-0.140791,0.254915,0.0,-0.202998,0.157089,0.075738
2100:3,A,dev,2100,0.791667,0.03121,0,0.0,0.029792,-0.154843,-0.061457,0.0,0.029792,-0.071941,-0.061457
2104:11,A,test,2104,0.64437,0.439913,0,0.0,0.062659,0.166218,0.111788,0.0,0.062659,0.166218,-0.122339
2109:8,A,dev,2109,0.707965,0.298186,1,0.0,-0.022455,-0.022455,0.0,0.0,-0.022455,-0.022455,0.0
2114:0,A,test,2114,0.65,0.367037,1,0.0,-0.064603,-0.221326,-0.306556,0.0,-0.122428,-0.190525,-0.306556
2114:2,A,test,2114,0.65,0.092665,1,0.0,0.071516,0.125948,0.098123,0.0,0.071516,0.125948,0.098123
2118:2,A,dev,2118,0.984615,0.062178,0,0.0,0.208855,0.098206,0.266141,0.0,0.193083,-0.203951,-0.683632
2120:4,A,dev,2120,0.803279,0.474042,0,0.0,0.004426,0.004198,-0.055527,0.0,-0.002645,0.006985,-0.055527
2125:9,A,dev,2125,1.0,0.446597,1,0.0,0.175855,0.167694,-0.092402,0.0,0.185906,0.125954,0.116713
2127:5,A,dev,2127,1.0,0.205782,0,0.0,0.009241,0.060472,0.017553,0.0,0.043012,0.065832,0.017553
2127:8,A,dev,2127,1.0,0.231054,0,0.0,-0.173592,-0.071748,0.0,0.0,0.047925,-0.084796,0.0
2130:4,A,test,2130,0.630769,0.496406,1,0.0,0.016249,-0.005425,-0.003016,0.0,0.006198,0.000576,-0.009278
2130:8,A,test,2130,0.630769,0.452574,0,0.0,0.027175,0.024825,0.030285,0.0,0.031159,0.026165,0.003774
2132:1,A,test,2132,0.735294,0.031207,1,0.0,0.060284,-0.107163,-0.083323,0.0,0.060284,-0.051832,-0.083323
2135:6,A,test,2135,0.958333,0.151354,0,0.0,0.035263,0.047924,0.047924,0.0,0.035263,0.047924,0.047924
2138:1,A,test,2138,0.690476,0.414901,0,0.0,-0.075735,-0.141038,-0.05188,0.0,-0.075735,-0.056606,0.241352
2139:13,A,test,2139,0.803279,0.446596,0,0.0,0.007071,0.007071,0.002645,0.0,0.007071,0.007071,0.002645
2144:2,A,test,2144,0.803279,0.466914,1,0.0,0.006683,0.012661,0.006684,0.0,0.006683,0.012661,0.012661
2154:2,A,test,2154,0.159091,0.470688,1,0.0,0.034511,-0.000786,0.034511,0.0,0.034511,0.012755,0.034511
2157:1,A,dev,2157,0.803279,0.367036,1,0.0,0.21353,0.11387,0.030967,0.0,0.293234,0.134356,0.030967
2167:0,A,test,2167,0.690476,0.17918,1,0.0,-0.132455,-0.154841,-0.175727,0.0,-0.132455,-0.002681,-0.175727
2173:9,A,test,2173,0.984615,0.351952,0,0.0,0.039144,0.039144,0.011341,0.0,0.039144,0.039144,0.011341
2179:2,A,test,2179,0.896552,0.15135,1,0.0,0.282192,0.174984,0.253301,0.0,0.282192,0.14974,0.253301
217:1,A,dev,217,0.627119,0.205783,1,0.0,-0.080568,-0.062659,-0.080568,0.0,-0.080568,-0.062659,-0.080568
2183:8,A,test,2183,0.5,0.39331,0,0.0,-0.197659,0.140436,0.750306,0.0,0.736929,-0.040426,0.679057
2185:3,A,dev,2185,1.0,0.231061,1,0.0,-0.12246,-0.09125,-0.091251,0.0,-0.12246,-0.09125,-0.091251
2186:6,A,test,2186,0.0,0.179179,1,0.0,0.058688,-0.065522,0.086512,0.0,-0.185332,-0.154842,0.086512
2186:7,A,test,2186,0.0,0.031211,0,0.0,-0.023857,-0.049131,-2e-06,0.0,-0.023857,-0.086837,-2e-06
2189:5,A,dev,2189,1.0,0.231059,1,0.0,-0.113118,-0.086512,-0.162247,0.0,-0.113118,-0.086512,-0.162247
2189:6,A,dev,2189,1.0,0.031208,1,0.0,-0.156306,-0.054881,-0.156305,0.0,-0.156306,-0.156306,-0.156305
2198:6,A,test,2198,0.0,0.062175,0,0.0,0.071516,0.049131,0.146169,0.0,0.071516,0.049131,0.146169
2200:5,A,dev,2200,0.630769,0.39331,0,0.0,-0.08261,0.005092,0.236008,0.0,-0.08261,0.105306,0.477359
2206:2,A,dev,2206,0.0,0.122461,1,0.0,1e-06,0.058193,-0.0924,0.0,1e-06,0.058193,0.054432
2207:5,A,test,2207,0.481481,0.457912,0,0.0,-0.095122,-0.08951,0.092401,0.0,0.043272,-0.08951,0.092401
2211:1,A,test,2211,1.0,0.062174,1,0.0,-0.029791,-0.01864,-0.138393,0.0,-0.029791,-0.058689,-0.138393
2215:3,A,dev,2215,0.690476,0.424142,1,0.0,0.209115,0.09638,0.175011,0.0,0.209115,0.226667,0.175011
2216:6,A,dev,2216,0.263158,0.367035,1,0.0,0.0,0.025459,0.017999,0.0,0.0,0.025459,0.017999
2218:0,A,dev,2218,0.088889,0.404651,0,0.0,0.058689,-0.104004,0.120145,0.0,-0.200596,-0.007413,0.120145
2218:1,A,dev,2218,0.088889,0.092669,0,0.0,-0.0,-0.080117,0.103561,0.0,-0.0,-0.028895,0.103561
2218:2,A,dev,2218,0.088889,0.151357,0,0.0,0.029794,-0.174303,0.11312,0.0,0.029794,-0.133484,-0.030487
2231:4,A,test,2231,1.0,0.231059,0,0.0,0.147968,0.139129,0.117001,0.0,0.179178,0.465721,-0.119008
2237:12,A,dev,2237,0.789474,0.367036,0,0.0,0.014143,0.00746,0.020121,0.0,0.014143,0.00746,0.020121
2240:2,A,test,2240,0.088889,0.205787,1,0.0,-0.27381,-0.21904,-0.562373,0.0,1e-06,-0.192472,-0.562373
2246:9,A,test,2246,0.516667,0.335482,0,0.0,-0.023853,-0.023853,-0.011341,0.0,-0.023853,-0.023853,-0.011341
2255:8,A,test,2255,0.984615,0.39331,1,0.0,0.184127,0.112767,0.10356,0.0,-0.058688,0.171104,0.241953
2256:5,A,test,2256,0.107143,0.122461,1,0.0,0.083326,0.174896,0.05443,0.0,0.083326,0.113118,0.205784
225:8,A,dev,225,1.0,0.404651,0,0.0,0.615761,0.403327,0.020887,0.0,-0.095122,-0.116714,0.390853
2267:6,A,test,2267,0.729167,0.367036,1,0.0,0.408509,-0.04774,0.215122,0.0,0.289775,-0.039825,0.384418
226:2,A,test,226,0.133333,0.062176,1,0.0,0.075736,0.053138,0.075736,0.0,0.075736,0.095123,0.075736
2271:7,A,dev,2271,0.958333,0.414901,0,0.0,0.156304,-0.057825,0.486835,0.0,-0.031552,-0.057825,0.830875
2273:11,A,dev,2273,1.0,0.2773,1,0.0,-0.024449,-0.01434,-0.010099,0.0,-0.024449,-0.01434,-0.010099
2273:7,A,dev,2273,1.0,0.062177,1,0.0,0.027824,0.117002,0.117002,0.0,0.027824,0.117002,0.117002
2283:3,A,test,2283,0.75,0.452574,0,0.0,0.025459,0.026954,0.064746,0.0,0.025459,0.054838,0.05656
2284:2,A,dev,2284,0.789474,0.151359,0,0.0,-0.179178,-0.210389,-0.410235,0.0,-0.179178,-0.210389,-0.514659
2284:4,A,dev,2284,0.789474,0.151357,0,0.0,0.146169,-0.181565,-0.236994,0.0,-0.503969,0.11179,0.161251
2285:4,A,test,2285,1.0,0.231056,1,0.0,-0.015085,-0.019231,-0.028847,0.0,0.172773,0.087829,0.097037
2288:4,A,dev,2288,0.444444,0.062176,1,0.0,-0.040275,-0.040275,-0.089735,0.0,-0.040275,0.005857,-0.089735
2288:6,A,dev,2288,0.444444,0.424142,1,0.0,0.085538,0.030672,-0.367033,0.0,0.085538,0.090876,-0.367033
2296:2,A,dev,2296,0.125,0.40465,0,0.0,-0.008312,-0.008311,-0.051657,0.0,-0.008312,-0.008311,-0.051657
2296:7,A,dev,2296,0.125,0.254915,1,0.0,0.125944,0.184633,0.215123,0.0,0.125944,0.184633,0.215123
229:5,A,dev,229,0.65,0.151356,1,0.0,0.184635,0.100545,0.0,0.0,-0.056718,0.0,0.0
2303:2,A,test,2303,1.0,0.254914,1,0.0,-0.023854,-0.023854,-0.043345,0.0,-0.023854,-0.023854,-0.043345
2307:4,A,dev,2307,0.2,0.432454,1,0.0,-0.14797,-0.183429,-0.603323,0.0,0.075734,-0.117505,-0.661196
2309:2,A,test,2309,0.803279,0.351952,0,0.0,-0.038532,-0.03022,-0.038531,0.0,-0.038532,-0.03022,-0.038531
2310:5,A,dev,2310,1.0,0.277301,1,0.0,-0.092665,0.037189,-0.092666,0.0,-0.092665,0.037189,-0.092666
2311:3,A,test,2311,0.159091,0.351954,1,0.0,-0.119008,-0.164302,-0.205518,0.0,-0.119008,-0.164302,-0.205518
2316:10,A,dev,2316,0.125,0.470688,0,0.0,-0.089891,-0.077115,0.611853,0.0,-0.089891,-0.077115,0.349586
2316:9,A,dev,2316,0.125,0.39331,0,0.0,-0.052697,0.128704,0.847343,0.0,-0.052697,0.056811,0.703904
2323:4,A,dev,2323,0.159091,0.432453,0,0.0,0.011991,-0.018025,-0.030426,0.0,-0.00298,0.02023,-0.030426
2325:1,A,dev,2325,0.65,0.404651,1,0.0,-0.054429,0.036013,-0.483084,0.0,-0.054429,0.098631,-0.174573
2330:13,A,dev,2330,0.789474,0.367036,1,0.0,-0.162248,-0.075736,-0.075736,0.0,0.0,0.028467,-0.075736
2334:2,A,dev,2334,0.95,0.151355,1,0.0,-0.168882,-0.138655,-0.289776,0.0,-0.168882,-0.171001,-0.289776
2361:7,A,test,2361,1.0,0.404651,1,0.0,0.213023,0.056719,0.132455,0.0,0.056719,0.119338,0.132455
2380:5,A,test,2380,0.160714,0.277299,0,0.0,0.062948,0.062949,0.07219,0.0,0.062948,0.062949,0.07219
2395:12,A,test,2395,0.652174,0.179179,1,0.0,0.0,0.120894,0.120895,0.0,0.0,0.120894,0.120895
2395:4,A,test,2395,0.652174,0.205785,1,0.0,-0.273307,-0.192738,-0.168882,0.0,-0.273307,-0.192738,-0.168882
2395:5,A,test,2395,0.652174,0.439913,0,0.0,-0.002346,-0.007971,-0.0151,0.0,-0.002346,-0.007971,-0.0151
2403:1,A,test,2403,0.241379,0.452574,1,0.0,0.0,-0.00746,0.006683,0.0,0.0,-0.00746,0.006683
2403:10,A,test,2403,0.241379,0.404651,1,0.0,-0.215122,-0.098121,-0.046242,0.0,-0.215122,-0.098121,-0.046242
2406:2,A,test,2406,0.735294,0.062181,0,0.0,0.092667,8e-05,-0.151352,0.0,0.122459,8e-05,-0.151352
240:6,A,dev,240,1.0,0.457912,0,0.0,-0.023853,-0.059116,0.559973,0.0,-0.023853,-0.034823,0.045313
2413:5,A,test,2413,0.160714,0.062175,0,0.0,-0.058184,-0.080568,-0.184128,0.0,-0.058184,-0.115088,-0.080568
2424:3,A,test,2424,0.630769,0.492423,1,0.0,0.039849,0.015469,0.010409,0.0,0.00341,0.008329,0.004854
2427:7,A,test,2427,0.707965,0.446597,0,0.0,0.740134,0.288311,-0.035263,0.0,-0.01025,0.152889,0.311982
2440:2,A,dev,2440,0.384615,0.298187,1,0.0,0.125944,-0.089178,0.146831,0.0,-0.058689,0.039314,0.146831
2441:11,A,test,2441,1.0,0.0,1,0.0,-0.023857,0.079703,0.1086,0.0,-0.023857,0.079703,0.1086
2444:2,A,dev,2444,1.0,0.23106,0,0.0,-0.182565,-0.182565,-0.123876,0.0,-0.262267,-0.182565,-0.093386
2444:3,A,dev,2444,1.0,0.062175,0,0.0,-0.069364,-0.038532,-0.058023,0.0,-0.069364,-0.038532,-0.058023
2448:11,A,test,2448,0.241379,0.2773,0,0.0,-0.182563,-0.172312,-0.028895,0.0,0.054429,-0.244021,-0.244021
2457:6,A,test,2457,1.0,0.487568,0,0.0,-0.001131,-0.003854,-0.642778,0.0,-0.001131,-0.002569,-0.843375
2459:3,A,dev,2459,0.088889,0.205787,1,0.0,0.330529,0.110176,0.210387,0.0,0.027825,-0.075159,1e-06
2469:3,A,dev,2469,0.1,0.317575,0,0.0,-0.074653,0.474742,-0.089735,0.0,0.399757,0.341823,0.428654
2476:1,A,dev,2476,0.333333,0.298187,1,0.0,-0.496753,-0.086512,-0.179178,0.0,-0.027824,-0.086512,-0.056719
2482:2,A,test,2482,1.0,0.12246,1,0.0,0.062659,0.12828,0.379751,0.0,0.062659,0.063067,0.111789
2484:11,A,test,2484,1.0,0.231058,1,0.0,-0.017999,0.00746,-0.0,0.0,-0.017999,0.00746,-0.0
2491:3,A,test,2491,0.478261,0.23106,1,0.0,0.071515,-0.0,-0.169298,0.0,0.071515,-0.0,-0.169298
2496:0,A,test,2496,0.104167,0.351954,0,0.0,0.062171,0.189106,0.293232,0.0,0.062171,0.062172,0.293232
2496:10,A,test,2496,0.104167,0.205786,0,0.0,-0.117001,0.093384,-0.168881,0.0,-0.117001,0.023256,-0.168881
2497:3,A,test,2497,0.896552,0.393309,1,0.0,0.020121,0.005978,-0.0,0.0,0.020121,-0.000795,-0.0
24:2,A,test,24,0.707965,0.298185,1,0.0,0.022385,-0.023376,-0.040272,0.0,0.125945,-0.077648,-0.040272
2502:6,A,dev,2502,0.958333,0.482014,1,0.0,0.01435,-0.004991,0.271241,0.0,0.01435,0.0143,0.539201
2503:13,A,test,2503,0.159091,0.457912,1,0.0,0.246088,0.41776,0.445809,0.0,0.030967,0.080615,0.445809
2510:0,A,test,2510,0.971429,0.335484,1,0.0,-0.236009,-0.151436,-0.175726,0.0,-0.236009,-0.151436,-0.175726
2512:0,A,dev,2512,0.538462,0.031211,1,0.0,0.132457,0.023858,-0.062658,0.0,0.132457,0.023858,-0.062658
2512:2,A,dev,2512,0.538462,0.367036,1,0.0,0.108599,0.151647,-0.215125,0.0,0.244576,0.090271,-0.215125
2514:13,A,dev,2514,0.652174,0.335484,0,0.0,0.0,-0.105814,0.339476,0.0,0.0,0.252175,-0.215122
2520:12,A,dev,2520,0.690476,0.031212,1,0.0,-1e-06,0.038804,-0.123876,0.0,-1e-06,0.038804,0.120144
2524:21,A,dev,2524,0.088889,0.122456,0,0.0,0.089736,-0.045293,0.103499,0.0,0.089736,0.035359,0.103499
2543:3,A,test,2543,0.538462,0.317574,1,0.0,-0.030833,-0.021592,0.012512,0.0,-0.030833,-0.021592,0.012512
2545:5,A,test,2545,0.65,0.367036,0,0.0,0.146832,0.036019,0.146831,0.0,0.146832,0.146831,0.146831
2551:8,A,test,2551,1.0,0.439913,0,0.0,0.030775,0.03413,0.006683,0.0,0.030775,0.03413,0.006683
2552:1,A,test,2552,0.133333,0.424142,1,0.0,0.175009,0.088897,0.071514,0.0,0.175009,0.175009,0.071514
2568:2,A,test,2568,0.875,0.231058,1,0.0,0.01434,0.029219,0.027001,0.0,0.034461,0.027219,0.027001
2572:3,A,dev,2572,1.0,0.254915,0,0.0,-0.162248,0.022384,0.080569,0.0,0.097038,-0.254915,-0.103561
2575:3,A,test,2575,0.65,0.23106,1,0.0,0.031209,-0.153978,0.205784,0.0,-0.254914,-0.030656,0.205784
2578:0,A,test,2578,0.707965,0.367033,1,0.0,-0.125956,-0.106464,-0.154389,0.0,-0.125956,-0.106464,-0.154389
2589:2,A,dev,2589,1.0,0.335484,1,0.0,0.061457,0.187011,-0.30851,0.0,-0.236993,-0.11922,0.09125
2597:0,A,test,2597,0.088889,0.179177,1,0.0,0.125957,0.07219,0.057107,0.0,0.125957,0.07219,0.057107
25:21,A,test,25,1.0,0.031208,1,0.0,0.173592,0.103974,0.198866,0.0,0.282192,0.219723,0.037615
2604:10,A,dev,2604,0.630769,0.380797,1,0.0,-0.089178,0.103559,0.125944,0.0,-0.089178,0.130415,0.125944
2604:9,A,dev,2604,0.630769,0.277301,1,0.0,0.027823,0.271844,0.271844,0.0,0.027823,0.271844,0.271844
2607:2,A,dev,2607,0.478261,0.298183,1,0.0,0.07219,0.028594,-0.008311,0.0,0.07219,0.032814,-0.008311
260:4,A,dev,260,0.896552,0.254914,1,0.0,0.026274,-0.011341,0.012513,0.0,0.026274,-0.011341,0.012513
260:9,A,dev,260,0.896552,0.122458,1,0.0,0.019388,-0.0,0.06266,0.0,0.019388,-0.0,0.06266
2611:8,A,test,2611,0.984615,0.351953,1,0.0,0.1297,0.104426,0.129699,0.0,0.335484,0.104426,0.129699
2631:2,A,dev,2631,0.333333,0.482014,1,0.0,0.012513,0.034104,-0.17501,0.0,-0.082609,0.034104,-0.17501
2631:3,A,dev,2631,0.333333,0.17918,1,0.0,-0.092666,-0.031186,0.151354,0.0,-0.367036,0.060084,0.12246
2641:4,A,dev,2641,0.896552,0.298188,1,0.0,-0.146169,0.218085,-0.025273,0.0,-0.161252,-0.119939,-0.22667
2646:0,A,test,2646,1.0,0.151359,1,0.0,0.357138,0.165306,-0.11179,0.0,-0.161252,0.087473,-0.071514
2653:3,A,test,2653,0.0,0.205786,1,0.0,0.027825,0.275549,0.330533,0.0,0.027825,0.275549,0.330533
2655:2,A,test,2655,1.0,0.151355,1,0.0,0.273815,0.222613,0.05869,0.0,0.120147,0.262662,0.05869
2656:0,A,test,2656,0.0,0.062174,1,0.0,0.040276,0.0,-0.106569,0.0,0.040276,0.0,-0.106569
2670:11,A,dev,2670,1.0,0.151354,1,0.0,-0.068849,-0.053766,-0.037296,0.0,-0.068849,-0.053766,-0.037296
2670:3,A,dev,2670,1.0,0.414901,1,0.0,0.0,-0.015772,-0.015771,0.0,0.0,-0.015772,-0.015771
2672:2,A,test,2672,0.159091,0.470688,1,0.0,-0.012512,-0.025576,0.030832,0.0,-0.012512,0.030832,-0.885732
2673:11,A,dev,2673,0.481481,0.470688,1,0.0,-0.003357,0.170373,0.024509,0.0,-0.008025,-0.007483,-0.004984
2676:5,A,test,2676,0.984615,0.432453,0,0.0,-0.008362,-0.013916,-0.016262,0.0,-0.008362,-0.013916,-0.016262
2680:2,A,test,2680,0.333333,0.404651,0,0.0,0.058183,-0.069167,0.541264,0.0,-0.069167,-0.069167,0.541264
2685:0,A,dev,2685,0.0,0.351951,0,0.0,0.0,0.0,0.049901,0.0,0.0,0.0,0.049901
2685:7,A,dev,2685,0.0,0.277299,0,0.0,0.0,0.0,-0.019491,0.0,0.0,0.0,-0.019491
2688:8,A,test,2688,0.95,0.031207,0,0.0,0.318022,0.275512,-0.117003,0.0,0.316213,0.302951,-0.117003
2694:2,A,dev,2694,0.958333,0.179181,0,0.0,0.062176,0.096369,0.498501,0.0,-0.12246,0.205783,0.498501
2694:8,A,dev,2694,0.958333,0.151356,0,0.0,0.477025,0.424144,0.490294,0.0,-0.179177,0.424144,-0.062176
2695:7,A,dev,2695,0.51543,0.482014,0,0.0,-0.086116,-0.023953,-0.071777,0.0,-0.086116,-0.09887,-0.071777
269:4,A,test,269,1.0,0.498968,0,0.0,0.000682,0.001151,-0.266762,0.0,-0.00099,0.000138,-0.162337
2714:13,A,dev,2714,0.789474,0.151354,0,0.0,0.034378,0.017909,0.176516,0.0,0.034378,0.064096,-0.062659
2715:6,A,test,2715,1.0,0.446596,1,0.0,-0.006335,-0.003355,0.008015,0.0,-0.006335,-0.003355,0.008015
2716:3,A,test,2716,1.0,2e-06,1,0.0,0.0,0.04913,0.075737,0.0,0.0,0.04913,0.075737
2716:4,A,test,2716,1.0,1e-06,1,0.0,-0.030489,0.062808,0.267961,0.0,-0.030489,0.062808,0.267961
2720:4,A,dev,2720,0.0,0.424142,1,0.0,0.021592,-0.230499,0.011341,0.0,-0.095123,-0.262206,0.011341
2737:11,A,test,2737,0.160714,0.151352,0,0.0,0.051658,2e-06,0.023856,0.0,0.051658,2e-06,0.023856
2745:5,A,test,2745,0.0,0.231057,0,0.0,-0.138396,-0.040274,-0.040275,0.0,-0.138396,-0.040274,-0.040275
2747:10,A,test,2747,0.803279,0.062178,0,0.0,-0.037674,-0.101987,-0.100623,0.0,-0.037674,-0.117092,-0.100623
2768:12,A,test,2768,1.0,0.432453,0,0.0,0.089735,0.049461,-0.013761,0.0,-0.026274,0.049461,0.049461
2784:1,A,dev,2784,0.729167,0.49593,1,0.0,0.012775,0.01911,-0.077115,0.0,0.012775,0.01911,-0.077115
2793:1,A,test,2793,0.160714,0.35195,1,0.0,0.089737,0.049462,-0.132162,0.0,0.089737,0.049462,-0.103653
2802:7,A,dev,2802,0.65,0.404651,0,0.0,-0.154839,-0.229492,-0.028895,0.0,-0.154839,-0.229492,-0.028895
2805:6,A,dev,2805,0.772971,0.254913,0,0.0,0.223706,0.444019,0.320744,0.0,0.246091,0.320743,0.320744
2815:4,A,test,2815,0.538462,0.062177,1,0.0,0.015083,0.112121,0.187857,0.0,0.015083,0.112121,0.187857
2815:7,A,test,2815,0.538462,0.2773,1,0.0,-0.244918,-0.037488,-0.09125,0.0,-0.244918,-0.037488,-0.09125
2817:6,A,test,2817,1.0,0.062175,0,0.0,0.195114,0.263719,0.132454,0.0,0.195114,0.265632,0.132454
2829:5,A,test,2829,0.888889,0.404651,0,0.0,0.061458,-0.120377,-0.274367,0.0,0.271843,-0.288128,-0.274367
2835:4,A,test,2835,0.707965,0.351953,1,0.0,0.075736,0.075736,0.05188,0.0,0.075736,-0.009235,-0.210387
2838:7,A,dev,2838,0.866667,0.452574,1,0.0,0.088658,-0.092435,-0.486835,0.0,-0.080568,-0.493216,-0.806171
2847:9,A,test,2847,1.0,0.179178,0,0.0,-0.111789,-0.019388,-0.166219,0.0,-0.019387,-0.050188,-0.019387
2851:2,A,test,2851,0.0,0.484094,1,0.0,0.01435,0.01435,0.008015,0.0,0.01435,-0.000507,-0.03022
2856:1,A,test,2856,1.0,0.452574,1,0.0,-0.086516,-0.064112,-0.224906,0.0,-0.195114,-0.064112,-0.224906
2859:13,A,test,2859,0.888889,0.335484,1,0.0,-0.382412,-0.488858,-0.330532,0.0,-0.645444,-0.317837,-0.330532
2860:9,A,test,2860,0.160714,0.092663,0,0.0,0.030833,-0.127893,-0.026273,0.0,-0.187526,-0.127893,-0.026273
2863:3,A,dev,2863,0.121167,0.446597,1,0.0,0.035263,-0.052698,-0.888744,0.0,-0.023853,-0.229741,-0.89874
289:3,A,test,289,0.984615,0.317575,1,0.0,-0.124353,-0.005962,0.215123,0.0,-0.124353,-0.093384,-0.030966
289:7,A,test,289,0.984615,0.351953,0,0.0,0.086511,-0.070064,0.0,0.0,-0.09812,-0.119007,0.0
298:0,A,dev,298,0.833333,0.122457,1,0.0,0.0,0.01791,-0.079418,0.0,0.0,0.01791,-0.079418
29:14,A,dev,29,0.516667,0.414901,1,0.0,-0.027094,-0.034994,-0.005338,0.0,-0.027094,-0.021337,-0.005338
29:15,A,dev,29,0.516667,0.414901,1,0.0,-0.149735,-0.12735,-0.052697,0.0,-0.149735,-0.058352,-0.052697
29:4,A,dev,29,0.516667,0.254915,1,0.0,0.0,0.271687,0.242816,0.0,-0.061456,0.088161,0.274368
301:10,A,test,301,0.0,0.062176,0,0.0,-0.040275,-0.086517,-0.040274,0.0,-0.040275,-0.086517,-0.040274
301:12,A,test,301,0.0,0.254915,0,0.0,0.031209,-0.143555,0.0,0.0,0.031209,-0.030967,0.0
303:0,A,test,303,1.0,0.317575,1,0.0,-0.718988,-0.382841,-0.383161,0.0,-0.732749,-0.319245,-0.444618
311:3,A,dev,311,0.971429,0.122462,1,0.0,-0.323724,-0.205194,-0.154841,0.0,-0.323724,-0.215125,0.113118
311:4,A,dev,311,0.971429,0.092667,1,0.0,-0.0,-0.097364,0.31709,0.0,-0.215123,-0.097364,0.030968
326:3,A,test,326,0.630769,0.424141,0,0.0,0.003355,-0.008015,-0.012776,0.0,0.003355,-0.008015,-0.012776
330:0,A,dev,330,0.516667,0.179181,1,0.0,0.027825,-0.252529,-0.302706,0.0,0.027825,-0.213527,-0.302706
330:2,A,dev,330,0.516667,0.335485,1,0.0,0.483083,0.414978,0.483083,0.0,0.267961,0.414978,0.174576
332:3,A,dev,332,0.545455,0.254916,1,0.0,-0.093384,-0.062097,0.0,0.0,-0.093384,-0.062097,-0.153668
337:1,A,test,337,0.789474,0.380798,1,0.0,-0.05443,0.000977,0.025274,0.0,0.129698,0.000977,0.175011
33:11,A,test,33,0.75,0.254918,0,0.0,-0.120146,-0.018043,0.21568,0.0,0.054428,-0.115787,0.21568
343:2,A,dev,343,0.652174,0.298185,1,0.0,-0.090785,0.01543,-0.046604,0.0,0.012513,0.10106,0.012513
344:8,A,dev,344,0.782609,0.335484,0,0.0,0.365246,-0.239975,-0.185333,0.0,-0.123876,-0.154843,-0.185333
345:7,A,test,345,1.0,0.298185,0,0.0,0.056719,0.083326,0.361636,0.0,0.056719,0.025134,0.377384
345:8,A,test,345,1.0,0.335482,0,0.0,0.031553,-0.00729,0.15481,0.0,0.057827,0.119939,0.157826
350:10,A,test,350,0.707965,0.092666,0,0.0,0.034378,0.017909,0.063222,0.0,-0.06266,0.017909,0.063222
350:6,A,test,350,0.707965,0.151356,1,0.0,0.0,0.060282,0.09125,0.0,0.0,0.060282,0.09125
35:5,A,test,35,0.0,0.205786,0,0.0,0.154842,0.092667,0.0,0.0,0.154842,0.092667,0.185332
360:6,A,test,360,1.0,0.298186,1,0.0,0.129023,0.079561,0.079561,0.0,0.079561,0.102511,0.079561
367:6,A,dev,367,0.690476,0.151357,1,0.0,0.025272,0.13839,0.13839,0.0,0.025272,0.13839,0.13839
36:2,A,dev,36,0.735294,0.062174,1,0.0,0.081878,0.164488,0.016077,0.0,0.081878,0.164488,0.016077
372:2,A,dev,372,0.0147,0.092661,1,0.0,0.298449,0.125607,0.054433,0.0,0.298449,0.054431,0.267963
37:6,A,dev,37,0.0,0.317572,1,0.0,-0.030833,-0.028161,0.544665,0.0,-0.103519,-0.073008,-0.080734
380:0,A,dev,380,1.0,0.031213,1,0.0,0.025275,0.066617,0.025274,0.0,0.025275,0.066617,0.199849
383:1,A,dev,383,0.160714,0.351953,0,0.0,-0.027824,-0.200597,-2e-06,0.0,-0.229441,-0.1241,0.302706
383:9,A,dev,383,0.160714,0.393308,0,0.0,0.120533,0.092011,0.117059,0.0,0.124388,0.10634,0.072878
389:3,A,test,389,0.958333,0.470688,1,0.0,0.007901,0.001632,0.001632,0.0,0.007901,0.001632,0.001632
397:2,A,dev,397,0.707965,0.031207,1,0.0,0.328243,0.046086,-0.281787,0.0,-0.246792,-0.101023,0.113118
397:5,A,dev,397,0.707965,0.335482,0,0.0,-0.034104,-0.076065,-0.010251,0.0,-0.034104,-0.034104,-0.010251
39:12,A,dev,39,1.0,0.317574,1,0.0,-0.007901,-0.006269,0.055526,0.0,-0.018831,-0.00942,0.055526
416:2,A,dev,416,0.642314,0.12246,1,0.0,-0.071515,-0.025273,-0.092402,0.0,-0.071515,-0.025273,-0.071515
417:2,A,test,417,0.896552,0.496406,0,0.0,0.001269,0.001598,0.000477,0.0,0.001269,0.001598,0.000477
417:3,A,test,417,0.896552,0.497527,0,0.0,-0.0007,0.000971,0.000546,0.0,-0.0007,0.000971,0.000546
417:8,A,test,417,0.896552,0.151354,0,0.0,-0.042772,-0.052013,-0.052013,0.0,-0.042772,-0.052013,-0.052013
420:1,A,test,420,1.0,0.277298,0,0.0,0.108597,0.064938,0.309996,0.0,0.108597,0.026268,0.154839
428:9,A,test,428,1.0,1e-06,0,0.0,0.030967,-0.062257,0.030968,0.0,-0.123875,-0.031128,-0.093385
435:1,A,dev,435,0.142857,0.491423,1,0.0,-0.065417,-0.308487,-0.920022,0.0,-0.065417,0.034461,-0.767932
441:8,A,dev,441,0.0,0.317572,1,0.0,-0.034104,-0.034105,-0.023854,0.0,-0.034104,0.046969,-0.023854
444:1,A,dev,444,0.384615,0.277301,0,0.0,0.215125,-0.041983,0.091249,0.0,0.215125,0.024633,0.091249
444:6,A,dev,444,0.384615,0.231059,0,0.0,-0.081876,-0.11072,-0.095638,0.0,-0.081876,-0.11072,-0.095638
444:7,A,dev,444,0.384615,0.151354,0,0.0,0.023853,0.0,-0.013762,0.0,0.023853,0.0,-0.013762
445:0,A,dev,445,0.75,0.466914,1,0.0,-0.097325,-0.003768,-0.209113,0.0,0.047772,-0.050547,-0.209113
446:5,A,dev,446,0.107143,0.477023,0,0.0,0.00746,-0.027001,0.046604,0.0,0.00746,-0.027001,0.208853
452:13,A,dev,452,0.516667,0.122458,0,0.0,0.074654,0.040275,0.058184,0.0,0.074654,0.040275,0.058184
468:0,A,dev,468,0.263158,0.15136,1,0.0,0.18533,0.195029,0.185332,0.0,0.123874,0.061776,0.185332
46:6,A,dev,46,0.707965,0.254913,1,0.0,0.008015,-0.017682,-0.006335,0.0,-0.0,0.023041,-0.021735
46:8,A,dev,46,0.707965,0.351951,0,0.0,-0.016076,-0.011848,0.033734,0.0,-0.03022,-0.011673,0.016995
470:6,A,dev,470,1.0,0.205784,1,0.0,-0.057826,-0.045313,0.156305,0.0,-0.057826,-0.006681,-0.031551
472:11,A,test,472,0.160714,0.17918,1,0.0,1e-06,0.030968,0.267961,0.0,1e-06,0.030968,0.062177
486:0,A,test,486,1.0,0.39331,1,0.0,-0.047924,-0.106276,-0.020121,0.0,-0.047924,-0.060409,-0.020121
489:5,A,test,489,0.104167,0.470688,1,0.0,-0.028477,-0.029031,-0.029913,0.0,0.0,-0.025995,-0.003774
489:7,A,test,489,0.104167,0.380797,1,0.0,-0.236009,-0.298185,-0.266976,0.0,-0.236009,-0.298185,-0.266976
492:0,A,dev,492,0.478261,0.380798,1,0.0,-0.143609,0.046751,-0.436844,0.0,-0.05443,0.046751,-0.083325
503:2,A,dev,503,0.958333,0.380798,1,0.0,-0.619087,0.0,-0.938744,0.0,-0.288556,-0.078042,-0.939734
508:11,A,test,508,0.333333,0.335483,1,0.0,0.017552,0.007049,0.051657,0.0,-0.00746,0.027803,0.051657
508:2,A,test,508,0.333333,0.452574,1,0.0,0.030833,1e-06,-0.892278,0.0,0.030833,1e-06,-0.892278
508:3,A,test,508,0.333333,0.351954,1,0.0,0.146832,0.027742,0.263545,0.0,-0.089175,0.114169,0.263545
508:7,A,test,508,0.333333,0.031207,1,0.0,-0.027821,-0.146831,-0.229443,0.0,-0.027821,-0.146831,-0.229443
508:8,A,test,508,0.333333,0.452574,0,0.0,-0.021421,-0.021421,-0.069194,0.0,-0.021421,-0.021421,-0.069194
516:13,A,dev,516,0.866667,0.2773,0,0.0,-0.086512,-0.005159,-0.029792,0.0,0.061457,-0.071775,-0.029792
520:11,A,dev,520,1.0,0.298187,1,0.0,-0.027824,-0.056719,-0.117002,0.0,0.138395,0.014289,-0.117002
522:3,A,test,522,0.516667,0.205787,0,0.0,0.33766,-0.182564,-0.058689,0.0,-0.382412,-0.072766,0.200598
525:1,A,test,525,0.75,0.12246,1,0.0,0.382413,0.213531,0.182565,0.0,0.151356,0.383796,0.182565
526:3,A,test,526,0.958333,0.335482,1,0.0,-0.163713,0.000268,0.058184,0.0,-0.160924,0.054068,-0.162591
527:10,A,test,527,0.0,0.062176,0,0.0,0.046241,-0.100686,0.023856,0.0,0.046241,-0.025274,0.023856
529:0,A,test,529,0.516667,0.457912,1,0.0,0.13143,0.039267,-0.104423,0.0,-0.017909,-0.104424,-0.104423
529:6,A,test,529,0.516667,0.439913,1,0.0,-0.111789,-0.111789,-0.086515,0.0,0.034378,-0.111789,-0.086515
537:1,A,test,537,0.363636,0.39331,1,0.0,0.046242,0.008553,-0.16888,0.0,0.046242,-0.108598,-0.16888
550:3,A,test,550,0.984615,1e-06,1,0.0,0.162252,0.187525,0.162252,0.0,-0.030832,0.107255,0.331134
560:3,A,dev,560,0.444444,0.466914,0,0.0,0.0,0.003923,0.006999,0.0,0.0,0.003923,0.006999
591:1,A,dev,591,0.630769,0.092669,1,0.0,0.156307,0.1297,0.184132,0.0,0.156307,0.1297,0.184132
595:5,A,test,595,0.0,0.432453,0,0.0,0.042101,0.027001,0.017999,0.0,0.042101,0.027001,0.017999
597:5,A,test,597,0.866667,0.062173,1,0.0,-0.528739,-0.518561,-0.031209,0.0,-0.30851,-0.430111,-0.517148
615:2,A,dev,615,0.803279,0.498675,0,0.0,-0.001631,-0.000156,-0.650193,0.0,-0.001631,-0.000281,-0.376386
615:4,A,dev,615,0.803279,0.179176,1,0.0,-0.21913,-0.080568,-0.17754,0.0,-0.125884,-0.214711,-0.17754
61:10,A,test,61,0.516667,0.414901,0,0.0,0.455353,0.0,0.03121,0.0,0.123875,-0.120699,0.03121
633:6,A,test,633,0.875,0.367035,0,0.0,0.036295,-0.03022,-0.058024,0.0,-0.047773,-0.007792,-0.058024
644:1,A,test,644,0.481481,0.380797,1,0.0,0.053766,-0.036018,-0.390848,0.0,-0.175726,-0.036018,-0.175726
645:3,A,dev,645,1.0,0.446596,1,0.0,0.035418,0.0151,0.024102,0.0,0.035418,0.0151,0.024102
661:2,A,dev,661,0.971429,0.092668,1,0.0,0.200599,0.107635,0.351953,0.0,0.200599,0.00173,-0.028845
661:4,A,dev,661,0.971429,0.351953,1,0.0,-0.185333,-0.588254,-0.092667,0.0,-0.185333,-0.566585,-0.092667
664:3,A,dev,664,0.707965,0.231054,1,0.0,-0.022761,-0.026969,-0.03711,0.0,-0.022761,-0.034639,-0.03711
674:11,A,test,674,0.516667,0.317574,1,0.0,0.020121,0.059265,0.085539,0.0,0.020121,0.059265,0.085539
674:9,A,test,674,0.516667,0.298186,1,0.0,0.008015,0.018114,0.018114,0.0,0.008015,0.018114,0.018114
678:0,A,test,678,0.566667,0.031212,1,0.0,-0.028895,-0.132455,-0.175727,0.0,-0.083326,-0.132455,-0.175727
682:4,A,test,682,0.160714,0.254914,1,0.0,0.027803,0.039144,0.039144,0.0,0.027803,0.039144,0.039144
690:4,A,test,690,0.160714,0.457912,1,0.0,-0.005977,-0.024954,-0.012661,0.0,-0.100621,0.005338,-0.012661
700:10,A,test,700,0.0,0.462673,0,0.0,0.001278,0.0,0.001278,0.0,0.001278,0.0,0.001278
700:4,A,test,700,0.0,0.424142,0,0.0,0.001843,-0.015922,-0.010051,0.0,-0.01718,-0.01718,-0.010051
703:3,A,dev,703,0.958333,0.351953,0,0.0,0.16888,0.076847,0.025273,0.0,0.16888,0.076847,0.025273
712:4,A,test,712,0.729167,0.404651,0,0.0,-0.028896,-0.39639,-0.468926,0.0,-0.302707,-0.235128,-0.468926
714:5,A,test,714,0.729167,0.485936,1,0.0,0.027446,-0.010811,-0.508771,0.0,0.027446,-0.010811,-0.508771
725:4,A,dev,725,0.896552,0.484094,1,0.0,0.059116,0.036337,0.071777,0.0,0.059116,0.086117,0.071777
730:2,A,dev,730,0.95,0.277301,1,0.0,-0.091249,0.097057,-0.060282,0.0,0.195115,0.018388,-0.060282
731:1,A,test,731,1.0,0.351953,1,0.0,0.062419,2e-06,-0.174574,0.0,0.062418,0.108229,0.398243
733:4,A,dev,733,1.0,0.031211,1,0.0,-0.061457,-0.10598,0.262266,0.0,-0.061457,-0.174575,0.262266
737:10,A,test,737,0.0,0.12246,1,0.0,-0.060283,0.062176,0.062176,0.0,-0.060283,0.093064,0.062176
737:11,A,test,737,0.0,0.03121,0,0.0,-0.0,-0.144871,-0.026607,0.0,-0.0,-0.206416,-0.026607
737:9,A,test,737,0.0,0.179178,1,0.0,0.04624,0.022384,-1e-06,0.0,-1e-06,0.022384,0.071514
738:2,A,dev,738,0.707965,2e-06,1,0.0,0.120898,0.053768,0.074654,0.0,0.120898,0.053768,0.320743
741:11,A,dev,741,0.995148,0.12246,1,0.0,-0.0,0.072674,0.068849,0.0,-0.0,0.015083,0.068849
741:2,A,dev,741,0.995148,0.499196,1,0.0,-0.000279,-0.00053,-8.3e-05,0.0,-0.000279,-0.00053,-8.3e-05
742:1,A,test,742,0.516667,0.12246,1,0.0,-0.025273,0.051746,-0.071514,0.0,-0.025273,-0.065571,-0.071514
742:12,A,test,742,0.516667,0.351953,0,0.0,-0.28219,0.11854,0.611474,0.0,0.618391,0.064115,-0.195114
743:3,A,dev,743,0.241379,0.462673,0,0.0,0.082921,0.072051,0.053264,0.0,0.072375,0.055013,0.095057
751:10,A,test,751,1.0,0.490292,0,0.0,-0.003923,0.011002,0.002346,0.0,-0.003923,0.011002,0.067113
753:3,A,test,753,0.0,1e-06,1,0.0,-0.118901,0.097118,0.015084,0.0,0.161252,0.121999,0.015084
756:4,A,test,756,0.984615,0.367036,0,0.0,-0.21413,-0.086688,-0.138395,0.0,-0.075736,-0.156304,0.027824
761:4,A,test,761,1.0,0.393309,1,0.0,-0.062176,0.060283,0.304859,0.0,-0.062176,-0.248787,0.304859
764:4,A,test,764,0.735294,0.03121,1,0.0,0.254915,0.174383,0.223707,0.0,0.254915,0.134713,-0.243917
765:8,A,test,765,0.791667,0.479668,1,0.0,0.04946,0.134997,-0.410238,0.0,0.04946,0.134997,-0.410238
76:8,A,test,76,0.104167,0.487568,0,0.0,-0.010099,-0.032134,0.047924,0.0,-0.010099,-0.008455,0.047924
771:9,A,dev,771,0.707965,0.335483,0,0.0,-0.025013,-0.025012,-0.015772,0.0,-0.025013,-0.025012,-0.015772
774:4,A,dev,774,0.5,0.446597,1,0.0,0.051656,0.034104,-0.028844,0.0,-0.082611,-0.004801,-0.028844
775:3,A,dev,775,0.888889,0.487568,0,0.0,0.059884,0.027001,-0.694829,0.0,-0.00746,0.027001,-0.833223
777:4,A,test,777,1.0,0.439913,1,0.0,-0.0,0.016995,0.021755,0.0,-0.0,0.016995,0.021755
777:6,A,test,777,1.0,0.092668,1,0.0,-0.027824,0.090441,0.058688,0.0,-0.027824,0.090441,0.058688
779:12,A,test,779,1.0,0.432453,0,0.0,0.074653,0.08051,0.053766,0.0,0.074653,0.089784,0.053766
779:4,A,test,779,1.0,0.367035,0,0.0,-0.007129,-0.016131,-0.034129,0.0,-0.007129,-0.016131,-0.034129
788:3,A,test,788,1.0,0.335486,1,0.0,0.168878,0.273302,-0.21353,0.0,-0.062176,0.192365,-0.030967
789:4,A,dev,789,0.707965,0.414901,1,0.0,0.125945,0.107162,0.027824,0.0,0.125945,0.146831,0.027824
789:9,A,dev,789,0.707965,0.39331,0,0.0,-0.075734,0.252419,0.317573,0.0,0.812355,0.241051,-0.122338
794:4,A,dev,794,0.984615,0.351953,1,0.0,0.040275,0.116009,0.103497,0.0,0.040275,0.116009,-0.308509
805:3,A,test,805,0.782609,0.351953,1,0.0,0.108599,-0.00922,-0.184635,0.0,0.108599,0.15484,-0.184635
808:2,A,test,808,0.971429,0.092666,1,0.0,0.016469,0.0,0.016469,0.0,0.016469,0.0,0.016469
808:5,A,test,808,0.971429,0.446596,1,0.0,0.004761,-0.01179,0.010099,0.0,0.016077,-0.001414,0.010099
826:12,A,test,826,0.538462,0.2773,0,0.0,0.154843,0.062177,0.124353,0.0,0.154843,0.062177,0.124353
827:5,A,test,827,0.782609,0.351953,0,0.0,0.079704,0.03076,-0.104425,0.0,0.079704,0.079704,0.05188
83:6,A,test,83,0.159091,0.092666,0,0.0,-0.138395,-0.162251,-0.162251,0.0,-0.138395,-0.162251,-0.162251
858:1,A,test,858,0.9,0.457913,1,0.0,0.016469,0.088658,-0.809526,0.0,0.016469,0.088658,-0.809526
866:13,A,test,866,1.0,0.494089,0,0.0,-0.001473,0.000222,-0.003357,0.0,-0.000691,0.002597,0.0
872:6,A,test,872,0.661501,0.40465,1,0.0,0.0,-0.010099,-0.010099,0.0,0.0,-0.010099,-0.010099
873:1,A,dev,873,1.0,0.496827,1,0.0,0.028024,0.028024,-0.838706,0.0,0.028024,0.028024,-0.957899
873:5,A,dev,873,1.0,0.452574,1,0.0,-0.065799,-0.240717,-0.446592,0.0,0.024091,-0.048889,-0.148409
876:1,A,test,876,0.160714,0.414901,1,0.0,-0.023856,-0.285569,-0.753591,0.0,-0.023856,-0.278108,-0.753591
880:5,A,dev,880,0.125,0.432453,1,0.0,0.049461,-0.124238,-0.111789,0.0,0.049461,-0.082256,-0.111789
883:3,A,dev,883,0.0,0.092665,0,0.0,-0.125946,-0.092372,-2e-06,0.0,-0.125946,-0.092372,-2e-06
884:2,A,test,884,0.1,0.446597,1,0.0,-0.072877,-0.035263,-0.10443,0.0,-0.162613,-0.336423,-0.059116
884:3,A,test,884,0.1,0.452574,1,0.0,-0.022455,-0.013777,-0.946301,0.0,-0.014143,0.005977,-0.041946
889:6,A,test,889,0.630769,0.446597,0,0.0,-0.103496,-0.146841,-0.137599,0.0,-0.103496,-0.146841,-0.137599
899:1,A,test,899,0.958333,0.031211,1,0.0,0.079704,0.23114,-0.231616,0.0,0.025273,0.23114,-0.231616
900:4,A,test,900,0.1,0.452574,0,0.0,-0.0,-0.004761,0.004241,0.0,-0.0,-0.004761,0.004241
914:12,A,dev,914,0.516667,0.17918,1,0.0,0.195115,0.083325,-0.377373,0.0,0.244576,-0.306949,-0.328244
916:2,A,test,916,1.0,0.335485,1,0.0,0.205519,0.088368,1e-06,0.0,0.205519,0.191095,0.205518
920:10,A,dev,920,0.958333,0.205783,0,0.0,-0.060282,0.267961,0.514752,0.0,0.559706,0.267961,0.55247
923:8,A,test,923,0.566667,0.231059,0,0.0,-0.05443,-0.298451,-0.26796,0.0,-0.05443,-0.298451,-0.328244
936:3,A,test,936,0.566667,0.179175,0,0.0,-0.0,0.127833,0.028844,0.0,1e-06,0.130785,0.080502
936:7,A,test,936,0.566667,0.452573,0,0.0,0.08866,0.085315,0.085644,0.0,0.077366,0.08956,0.079446
940:2,A,dev,940,1.0,0.393308,1,0.0,0.035264,0.0,0.141727,0.0,0.035264,0.0,0.141727
940:6,A,dev,940,1.0,0.277299,1,0.0,0.201619,0.08261,0.175012,0.0,0.103498,0.122279,0.175012
940:9,A,dev,940,1.0,0.254916,1,0.0,0.04624,0.086515,0.104424,0.0,0.04624,0.057676,0.104424
945:11,A,test,945,0.566667,0.122461,0,0.0,0.092402,-0.178641,-0.236994,0.0,0.092402,-0.089321,-0.236994
945:9,A,test,945,0.566667,0.12246,0,0.0,0.10443,-0.16558,-0.156305,0.0,-0.017909,-0.161079,-0.304275
948:3,A,test,948,0.159091,0.404651,0,0.0,0.062171,-0.265415,-0.35195,0.0,0.062171,-0.265415,-0.35195
950:5,A,dev,950,0.478261,0.317572,1,0.0,-0.01791,-0.097328,-0.114881,0.0,-0.097327,-0.064886,-0.114881
951:7,A,test,951,0.803279,0.432453,1,0.0,-0.039616,-0.038437,-0.03238,0.0,-0.039616,-0.023865,-0.038495
954:8,A,test,954,0.566667,0.335483,0,0.0,0.003774,-0.004241,-0.009002,0.0,0.003774,-0.004241,-0.009002
955:6,A,dev,955,1.0,0.462673,1,0.0,0.047215,0.055526,0.086359,0.0,0.047215,0.055526,0.086359
957:4,A,dev,957,0.0,0.39331,1,0.0,0.082609,-0.003045,-0.329395,0.0,0.082609,0.068848,-0.329395
967:7,A,dev,967,0.230769,1e-06,1,0.0,0.009241,0.057107,-0.073386,0.0,0.009241,0.129,-0.073386
984:4,A,dev,984,0.782609,0.231057,0,0.0,-0.034104,-0.111671,-0.183844,0.0,-0.034104,-0.062949,-0.352726
985:8,A,dev,985,1.0,0.498299,0,0.0,-0.00059,-0.005425,-0.002683,0.0,-0.00059,-0.001562,-0.002683
986:1,A,dev,986,0.545455,0.493307,1,0.0,0.049901,0.025435,-0.072189,0.0,0.049901,0.025435,-0.072189
986:3,A,dev,986,0.545455,0.031212,1,0.0,0.267961,-0.004978,0.026609,0.0,0.026608,-0.04913,0.026609
986:6,A,dev,986,0.545455,0.487568,1,0.0,0.005978,0.030426,-0.169296,0.0,0.005978,-0.001649,-0.384418
986:7,A,dev,986,0.545455,0.477023,1,0.0,0.039144,-0.029066,-0.095122,0.0,-0.241953,0.077378,-0.870332
