key,record,conf
1001:2,1001,0.73106
1002:1,1002,0.835484
1004:1,1004,0.705786
1005:4,1005,0.914901
1010:6,1010,0.201814
1012:6,1012,0.932453
1014:1,1014,0.99478
1015:2,1015,0.984094
1015:21,1015,0.914901
1017:8,1017,0.932453
1019:7,1019,0.904651
1020:10,1020,0.407334
1023:6,1023,0.067547
1026:1,1026,0.932453
1031:1,1031,0.592668
1032:9,1032,0.991423
1034:2,1034,0.705787
1034:5,1034,0.867036
1041:5,1041,0.939913
1042:10,1042,0.132965
1042:4,1042,0.294216
1043:1,1043,0.932454
1043:7,1043,0.622462
1044:7,1044,0.835484
1046:10,1046,0.500001
1051:2,1051,0.320824
1051:5,1051,0.89331
1054:4,1054,0.531211
1054:6,1054,0.012432
1055:15,1055,0.990292
1055:4,1055,0.979668
1055:6,1055,0.89331
1059:12,1059,0.705786
105:2,105,0.705787
1061:6,1061,0.67918
1063:1,1063,0.705787
1065:0,1065,0.500002
1067:11,1067,0.817574
1067:2,1067,0.320823
1067:9,1067,0.7773
106:4,106,0.880797
1071:1,1071,0.817575
1072:0,1072,0.348649
1076:6,1076,0.946597
1077:2,1077,0.798187
1079:11,1079,0.014064
1079:6,1079,0.001501
1080:1,1080,0.867037
1083:16,1083,0.679181
1083:9,1083,0.407337
1086:11,1086,0.164517
108:2,108,0.7773
1096:0,1096,0.817575
1097:3,1097,0.562179
1098:9,1098,0.053404
1101:9,1101,0.952574
1102:5,1102,0.067547
1106:7,1106,0.592667
1107:8,1107,0.022977
1110:5,1110,0.731059
1111:4,1111,0.914901
1114:9,1114,0.893309
1115:10,1115,0.592671
1116:13,1116,0.932453
1121:3,1121,0.320823
1121:6,1121,0.2227
1124:6,1124,0.042088
1131:6,1131,0.932454
1134:3,1134,0.437825
1136:4,1136,0.651356
1139:12,1139,0.245086
1139:2,1139,0.037327
1139:8,1139,0.014064
1139:9,1139,0.164517
113:1,113,0.754915
1144:4,1144,0.817574
1145:3,1145,0.67918
1149:8,1149,0.914901
114:4,114,0.867036
1154:4,1154,0.377544
1163:0,1163,0.348646
1164:2,1164,0.705786
1166:6,1166,0.148048
1166:8,1166,0.294216
1167:4,1167,0.851954
1169:8,1169,0.562181
1173:4,1173,0.651356
1174:0,1174,0.0851
1174:5,1174,0.835485
1179:1,1179,0.148048
1180:2,1180,0.924142
1186:3,1186,0.851953
1188:1,1188,0.053404
118:3,118,0.119204
1191:6,1191,0.798188
1192:10,1192,0.984094
1192:6,1192,0.867036
1199:0,1199,0.67918
11:2,11,0.705787
1200:6,1200,0.245087
1202:2,1202,0.148048
1202:4,1202,0.294216
1205:2,1205,0.817576
1207:13,1207,0.73106
120:3,120,0.437824
1210:1,1210,0.914901
1211:2,1211,0.851953
1211:4,1211,0.73106
1212:3,1212,0.500005
1217:0,1217,0.880797
1218:2,1218,0.957912
1219:6,1219,0.268944
1220:8,1220,0.974043
1222:12,1222,0.754915
1222:13,1222,0.851953
1223:10,1223,0.67918
1223:6,1223,0.222701
1224:11,1224,0.982014
1224:3,1224,0.777301
1228:6,1228,0.164518
1236:1,1236,0.89331
1239:12,1239,0.7773
123:4,123,0.320822
123:5,123,0.00071
1241:1,1241,0.880797
1244:7,1244,0.914901
1246:3,1246,0.962673
1248:1,1248,0.268942
124:9,124,0.851953
1250:8,1250,0.531212
1255:12,1255,0.705785
1256:13,1256,0.731059
1256:2,1256,0.060087
1259:5,1259,0.952574
125:3,125,0.562178
1261:9,1261,0.946597
1262:6,1262,0.731059
1263:5,1263,0.817575
1265:2,1265,0.991423
1265:4,1265,0.977023
1278:0,1278,0.867036
1281:6,1281,0.148049
1285:8,1285,0.984094
1289:1,1289,0.320822
1289:3,1289,0.437824
128:3,128,0.562177
128:8,128,0.932453
1292:5,1292,0.085099
1293:13,1293,0.437824
1293:7,1293,0.377542
1294:6,1294,0.904651
1296:0,1296,0.731059
129:0,129,0.562177
12:3,12,0.835486
1303:4,1303,0.531211
1304:1,1304,0.651356
1304:10,1304,0.970688
1304:4,1304,0.592669
1305:2,1305,0.817575
1307:1,1307,0.651357
1309:7,1309,0.985936
130:7,130,0.622461
1310:1,1310,0.798188
1312:1,1312,0.89331
1315:12,1315,0.817575
1315:6,1315,0.851954
1320:11,1320,0.731059
1323:6,1323,0.132965
1324:6,1324,0.89331
1325:11,1325,0.974043
1325:3,1325,0.53121
1325:8,1325,0.962673
1327:1,1327,0.99478
1328:6,1328,0.817574
132:4,132,0.679179
132:7,132,0.132965
1331:6,1331,0.377542
1331:9,1331,0.622461
1332:5,1332,0.952574
1336:9,1336,0.777302
1338:10,1338,0.53121
1339:3,1339,0.060087
133:1,133,0.984094
133:3,133,0.957912
1340:8,1340,0.468797
1341:11,1341,0.060087
1343:5,1343,0.020332
1344:6,1344,0.468792
1352:1,1352,0.468792
1353:9,1353,0.904651
1355:1,1355,0.651356
1357:4,1357,0.119204
1358:13,1358,0.754917
1364:1,1364,0.939914
1369:3,1369,0.222701
136:5,136,0.952574
1371:2,1371,0.468792
1374:5,1374,0.914901
1375:4,1375,0.89331
1376:3,1376,0.562177
1377:12,1377,0.407334
1377:13,1377,0.407334
1377:2,1377,0.182426
1378:5,1378,0.000553
1381:10,1381,0.962673
1382:5,1382,0.562179
1386:11,1386,0.974043
1387:2,1387,0.904651
1392:22,1392,0.468794
1396:7,1396,0.201815
1396:8,1396,0.268942
13:8,13,0.500003
1401:2,1401,0.437825
1404:2,1404,0.962673
1409:0,1409,0.932453
1413:4,1413,0.468793
1413:5,1413,0.562178
1414:6,1414,0.562177
1417:0,1417,0.679181
1422:6,1422,0.592669
1424:4,1424,0.201815
1425:1,1425,0.939913
1425:11,1425,0.067547
1425:9,1425,0.075859
1427:5,1427,0.705785
1430:11,1430,0.348646
1437:14,1437,0.148049
1437:9,1437,0.851954
1438:2,1438,0.777301
143:2,143,0.132966
1445:4,1445,0.164517
1449:1,1449,0.00071
144:8,144,0.500001
1453:3,1453,0.164518
1455:5,1455,0.075859
1455:9,1455,0.592669
1457:1,1457,0.0851
145:6,145,0.437825
1466:4,1466,0.468792
1467:11,1467,0.592667
1468:2,1468,0.67918
1472:12,1472,0.592667
1473:5,1473,0.924142
1473:9,1473,0.651357
1479:5,1479,0.777302
1481:2,1481,0.939913
1482:3,1482,0.531212
1482:5,1482,0.939914
1485:0,1485,0.851953
1486:3,1486,0.377542
1488:2,1488,0.651357
1488:5,1488,0.407337
1491:9,1491,0.201816
1492:12,1492,0.067547
1493:5,1493,0.835484
1498:2,1498,0.437826
1499:2,1499,0.835484
149:0,149,0.851953
149:6,149,0.222701
14:6,14,0.904651
14:7,14,0.979668
1500:2,1500,0.73106
1500:3,1500,0.437825
1503:3,1503,0.867036
1503:5,1503,0.651355
1508:5,1508,0.731059
1509:0,1509,0.705788
1509:3,1509,0.651356
1511:6,1511,0.377542
1511:9,1511,0.182426
1512:5,1512,0.979668
1515:12,1515,0.377542
1519:8,1519,0.914901
1523:11,1523,0.075858
1524:1,1524,0.984094
1524:10,1524,0.73106
1528:4,1528,0.987568
152:0,152,0.705786
1532:1,1532,0.989013
1538:18,1538,0.979668
1539:1,1539,0.67918
1540:3,1540,0.132965
1540:9,1540,0.268942
1545:3,1545,0.974043
1550:10,1550,0.924142
1550:3,1550,0.531212
1550:7,1550,0.754916
1551:7,1551,0.407334
1552:1,1552,0.222701
1552:10,1552,0.914901
1553:3,1553,0.047426
1559:1,1559,0.957912
1560:2,1560,0.851953
1560:5,1560,0.377542
1561:2,1561,0.437826
1561:4,1561,0.705786
1563:8,1563,0.754916
1566:5,1566,0.022977
1567:1,1567,0.89331
1569:6,1569,0.867036
1579:0,1579,0.562177
1579:1,1579,0.119203
157:2,157,0.939914
1580:1,1580,0.09535
1584:1,1584,0.99593
1584:2,1584,0.939914
1586:6,1586,0.106691
1594:5,1594,0.245086
159:4,159,0.468791
159:5,159,0.705786
15:2,15,0.2227
15:5,15,0.060087
1600:6,1600,0.835484
1602:3,1602,0.294217
1606:10,1606,0.5
1607:2,1607,0.705787
1615:0,1615,0.817576
1616:1,1616,0.245086
1616:6,1616,0.407335
1617:12,1617,0.531215
1617:5,1617,0.651357
1617:7,1617,0.592669
1619:3,1619,0.731059
161:6,161,0.966914
1622:3,1622,0.817575
1625:7,1625,0.851953
1626:2,1626,0.754916
1627:7,1627,0.182426
162:8,162,0.148048
1633:8,1633,0.294216
1634:7,1634,0.592668
1635:5,1635,0.880798
1636:5,1636,0.053403
1640:9,1640,0.468791
1645:3,1645,0.294215
1646:2,1646,0.89331
164:2,164,0.939913
1656:11,1656,0.914901
1657:3,1657,0.025957
165:6,165,0.970688
1661:3,1661,0.754916
1661:5,1661,0.962673
1665:2,1665,0.562177
1666:8,1666,0.56218
1667:1,1667,0.817575
1669:12,1669,0.932453
166:1,166,0.957912
1670:3,1670,0.294216
1671:4,1671,0.851953
1671:6,1671,0.268943
1679:4,1679,0.946597
167:5,167,0.09535
1682:5,1682,0.705788
1683:6,1683,0.245086
1684:1,1684,0.89331
1684:11,1684,0.531211
1684:4,1684,0.407334
1687:0,1687,0.705786
1689:12,1689,0.952574
1689:8,1689,0.89331
1689:9,1689,0.705786
1693:2,1693,0.148048
1699:7,1699,0.201814
169:4,169,0.500001
1702:2,1702,0.500003
1703:2,1703,0.679181
1708:2,1708,0.880798
1714:4,1714,0.731059
1721:2,1721,0.817575
1723:11,1723,0.89331
1726:10,1726,0.09535
1727:2,1727,0.437824
1730:1,1730,0.970688
1730:5,1730,0.962673
1731:0,1731,0.268943
1731:3,1731,0.164517
1736:4,1736,0.00018
1737:6,1737,0.989013
1739:0,1739,0.531215
173:0,173,0.095351
1740:1,1740,0.867036
1740:10,1740,0.320823
1740:3,1740,0.500002
1740:6,1740,0.705787
1741:11,1741,0.7773
1742:1,1742,0.817575
1742:3,1742,0.89331
1743:3,1743,0.977023
1746:13,1746,0.132964
1746:4,1746,0.060087
1751:0,1751,0.89331
1751:1,1751,0.245086
1761:3,1761,0.835484
1761:8,1761,0.67918
1762:2,1762,0.148049
1763:2,1763,0.067547
1764:2,1764,0.437824
1765:6,1765,0.182426
1766:1,1766,0.939913
1769:2,1769,0.932453
1770:6,1770,0.075859
1774:2,1774,0.268942
1777:9,1777,0.294216
177:13,177,0.592668
177:5,177,0.025957
177:6,177,0.106691
1781:12,1781,0.979668
1784:4,1784,0.085099
1786:4,1786,0.798188
1789:10,1789,0.245086
1790:14,1790,0.835484
1791:7,1791,0.377542
1795:4,1795,0.798188
1796:5,1796,0.932453
1799:1,1799,0.982014
1800:7,1800,0.029313
1803:3,1803,0.268942
1804:2,1804,0.904651
1806:0,1806,0.201815
1806:5,1806,0.946597
1807:7,1807,0.500001
1807:8,1807,0.468793
180:9,180,0.132965
1810:11,1810,0.946597
1810:7,1810,0.106691
1816:1,1816,0.867037
1816:2,1816,0.531215
1818:1,1818,0.880797
1820:1,1820,0.880797
1820:5,1820,0.679179
1831:1,1831,0.817575
1831:6,1831,0.007577
1837:5,1837,0.067547
1839:2,1839,0.531212
1842:9,1842,0.407334
1843:9,1843,0.201814
1847:12,1847,0.987568
1849:10,1849,0.148047
184:9,184,0.562177
1850:3,1850,0.377543
1850:5,1850,0.531211
1851:0,1851,0.182427
1852:4,1852,0.817575
1854:19,1854,0.957912
1854:7,1854,0.851953
1860:1,1860,0.164517
1861:1,1861,0.562179
1862:2,1862,0.974043
1862:3,1862,0.798187
1863:4,1863,0.468792
1863:6,1863,0.731059
1864:2,1864,0.348646
1864:4,1864,0.468793
1869:6,1869,0.025958
1875:2,1875,0.531211
1875:6,1875,0.946597
1877:8,1877,0.407334
1878:0,1878,0.62246
1882:6,1882,0.731061
1893:1,1893,0.119203
1894:3,1894,0.974043
1895:7,1895,0.89331
1897:1,1897,0.924142
1898:6,1898,0.067548
18:0,18,0.622463
1905:6,1905,0.939914
1906:3,1906,0.182426
1907:4,1907,0.835484
1913:6,1913,0.67918
1918:9,1918,0.033086
1925:1,1925,0.562178
1932:11,1932,0.245087
1936:4,1936,0.531212
1942:11,1942,0.201814
1942:5,1942,0.164517
1942:6,1942,0.437825
1946:3,1946,0.0851
1947:1,1947,0.468793
194:2,194,0.966914
1951:4,1951,0.268945
1955:4,1955,0.377543
1956:1,1956,0.268943
1956:7,1956,0.053404
1959:1,1959,0.468792
1960:1,1960,0.817575
1962:1,1962,0.817575
1962:6,1962,0.006693
1964:0,1964,0.777301
1965:11,1965,0.119203
1968:2,1968,0.705787
196:7,196,0.222703
1970:0,1970,0.651358
1970:5,1970,0.705788
1976:4,1976,0.962673
1977:1,1977,0.679179
1977:2,1977,0.268943
1977:4,1977,0.500001
197:3,197,0.679179
1981:9,1981,0.777301
1985:11,1985,0.132965
1985:12,1985,0.075858
1985:3,1985,0.320823
1986:0,1986,0.106691
1986:2,1986,0.622461
1986:9,1986,0.085099
1988:7,1988,0.025957
1988:9,1988,0.075858
1989:2,1989,0.348646
1989:7,1989,0.348646
1992:10,1992,0.893309
1995:3,1995,0.407336
1995:4,1995,0.468793
1997:5,1997,0.651356
1:6,1,0.957912
2000:13,2000,0.651356
2000:2,2000,0.754915
2001:9,2001,0.119203
2004:11,2004,0.407334
2005:1,2005,0.880797
2016:3,2016,0.817575
2018:11,2018,0.679182
2018:6,2018,0.777302
2019:2,2019,0.437826
2019:5,2019,0.73106
201:3,201,0.731059
2023:5,2023,0.222702
2025:17,2025,0.592668
2025:19,2025,0.914901
2026:9,2026,0.531211
2029:6,2029,0.245085
2033:3,2033,0.798187
2034:1,2034,0.407336
2037:4,2037,0.132965
2038:4,2038,0.164519
2041:1,2041,0.731059
204:1,204,0.245088
2050:3,2050,0.946597
2051:6,2051,0.754916
2059:12,2059,0.893309
2059:6,2059,0.075858
2064:3,2064,0.867036
2066:2,2066,0.89331
2069:6,2069,0.201814
2071:0,2071,0.939913
2075:3,2075,0.904651
2076:7,2076,0.201814
2077:1,2077,0.914902
2078:9,2078,0.245086
207:6,207,0.005911
2080:3,2080,0.914901
2080:6,2080,0.939913
2081:1,2081,0.592671
2085:6,2085,0.974043
2086:1,2086,0.835484
2087:0,2087,0.5
2089:11,2089,0.294216
2089:13,2089,0.294215
208:6,208,0.867036
2090:6,2090,0.164517
2092:1,2092,0.294215
2092:4,2092,0.437824
2096:3,2096,0.085099
2097:6,2097,0.377542
2100:3,2100,0.562177
2104:11,2104,0.932453
2106:1,2106,0.731059
2106:4,2106,0.651355
2109:8,2109,0.201814
2112:5,2112,0.245086
2114:0,2114,0.880797
2114:2,2114,0.407335
2116:2,2116,0.867036
2118:2,2118,0.562177
2120:4,2120,0.025957
2125:9,2125,0.946597
2127:5,2127,0.294218
2127:8,2127,0.268946
212:3,212,0.957912
2130:4,2130,0.003594
2130:8,2130,0.047426
2132:1,2132,0.437826
2133:1,2133,0.904651
2133:11,2133,0.990292
2133:8,2133,0.89331
2135:6,2135,0.348646
2137:1,2137,0.651355
2138:1,2138,0.904651
2139:13,2139,0.047426
213:1,213,0.957912
2142:9,2142,0.222701
2143:5,2143,0.500001
2144:2,2144,0.966914
2145:2,2145,0.835484
2147:7,2147,0.867036
2149:5,2149,0.798187
2150:11,2150,0.754915
2153:8,2153,0.880797
2154:2,2154,0.033086
2157:1,2157,0.867036
2161:7,2161,0.754915
2163:0,2163,0.851954
2165:15,2165,0.957912
2167:0,2167,0.67918
2168:3,2168,0.182427
2171:2,2171,0.377542
2171:5,2171,0.437824
2173:9,2173,0.164517
2176:10,2176,0.851953
2178:11,2178,0.468799
2179:2,2179,0.34865
217:1,217,0.294216
2182:1,2182,0.679179
2182:2,2182,0.468792
2183:8,2183,0.880797
2185:3,2185,0.73106
2186:6,2186,0.679179
2186:7,2186,0.531211
2189:5,2189,0.731059
2189:6,2189,0.468792
2192:4,2192,0.754917
2198:6,2198,0.468792
2200:5,2200,0.904651
2205:0,2205,0.851953
2205:5,2205,0.377541
2206:2,2206,0.62246
2207:5,2207,0.952574
2209:2,2209,0.67918
2211:1,2211,0.437826
2215:3,2215,0.904651
2216:6,2216,0.148048
2218:0,2218,0.904651
2218:1,2218,0.592668
2218:2,2218,0.622462
2220:0,2220,0.320823
2222:2,2222,0.09535
2222:4,2222,0.984094
2231:4,2231,0.731059
2237:12,2237,0.132965
223:5,223,0.001501
2240:2,2240,0.705787
2243:4,2243,0.946597
2246:9,2246,0.164518
2248:7,2248,0.119204
2250:1,2250,0.924142
2250:2,2250,0.89331
2251:3,2251,0.777301
2251:4,2251,0.754916
2255:8,2255,0.89331
2256:5,2256,0.592668
2258:3,2258,0.00522
225:8,225,0.904651
2264:3,2264,0.119204
2267:6,2267,0.867036
2268:2,2268,0.982014
226:2,226,0.437824
2271:7,2271,0.914901
2273:11,2273,0.222701
2273:7,2273,0.562178
2275:2,2275,0.754917
2276:4,2276,0.047426
2278:5,2278,0.294216
2283:3,2283,0.047426
2284:2,2284,0.651359
2284:4,2284,0.651357
2285:4,2285,0.268945
2288:4,2288,0.407335
2288:6,2288,0.904651
2289:0,2289,0.500004
2292:3,2292,0.970688
2296:2,2296,0.09535
2296:7,2296,0.754915
2298:0,2298,0.977023
2298:10,2298,0.851953
2298:2,2298,0.798188
2299:13,2299,0.679179
2299:6,2299,0.62246
229:5,229,0.651356
22:0,22,0.73106
2302:13,2302,0.651355
2303:2,2303,0.245086
2305:10,2305,0.867036
2305:4,2305,0.679179
2307:4,2307,0.924142
2309:2,2309,0.148048
2310:5,2310,0.798187
2311:3,2311,0.851954
2313:2,2313,0.164518
2316:10,2316,0.970688
2316:9,2316,0.89331
2320:12,2320,0.893309
2320:5,2320,0.835484
2322:6,2322,0.268942
2323:4,2323,0.067547
2325:1,2325,0.89331
2326:11,2326,0.407334
2330:13,2330,0.867036
2333:2,2333,0.182429
2334:2,2334,0.651355
2335:0,2335,0.798188
2335:5,2335,0.970688
2337:3,2337,0.531213
2338:6,2338,0.754917
233:0,233,0.904651
2341:3,2341,0.294216
2350:4,2350,0.754915
2355:3,2355,0.731059
235:7,235,0.148048
2361:7,2361,0.89331
2364:3,2364,0.62246
2367:5,2367,0.946597
236:6,236,0.924142
2377:12,2377,0.705791
237:4,237,0.268943
2380:5,2380,0.201814
2384:7,2384,0.817576
2388:4,2388,0.979668
2388:5,2388,0.851953
2391:5,2391,0.047426
2393:2,2393,0.966914
2395:12,2395,0.651355
2395:4,2395,0.705785
2395:5,2395,0.060087
2401:3,2401,0.085099
2402:5,2402,0.89331
2403:1,2403,0.952574
2403:10,2403,0.904651
2405:2,2405,0.377542
2406:2,2406,0.592671
240:6,240,0.962673
2412:13,2412,0.979668
2412:3,2412,0.939913
2413:5,2413,0.437825
2414:4,2414,0.651356
2420:6,2420,0.294219
2422:0,2422,0.320824
2424:3,2424,0.006693
2425:7,2425,0.033086
2427:7,2427,0.952574
242:1,242,0.991423
242:11,242,0.754915
2431:3,2431,0.979668
2436:7,2436,0.005911
243:4,243,0.437825
2440:2,2440,0.798187
2441:11,2441,0.5
2444:2,2444,0.705787
2444:3,2444,0.437825
2448:11,2448,0.7773
2449:1,2449,0.531213
2449:10,2449,0.73106
2454:8,2454,0.182426
2456:9,2456,0.085099
2457:6,2457,0.012432
2459:3,2459,0.73106
2461:3,2461,0.867036
2463:2,2463,0.777302
2467:0,2467,0.562178
2469:3,2469,0.817575
2470:1,2470,0.851954
2476:1,2476,0.798187
2479:1,2479,0.89331
2479:4,2479,0.705786
2482:2,2482,0.62246
2484:11,2484,0.268942
248:7,248,0.705786
2491:3,2491,0.73106
2495:6,2495,0.531212
2496:0,2496,0.867036
2496:10,2496,0.705786
2497:3,2497,0.106691
2499:5,2499,0.835484
24:2,24,0.222702
2502:6,2502,0.014064
2503:13,2503,0.957912
2507:3,2507,0.075859
2508:9,2508,0.320823
2510:0,2510,0.835484
2512:0,2512,0.531211
2512:2,2512,0.867036
2514:13,2514,0.835484
2515:2,2515,0.119203
2519:21,2519,0.029312
2520:12,2520,0.562179
2523:2,2523,0.679177
2524:21,2524,0.348649
2539:4,2539,0.060087
2539:5,2539,0.798187
2542:2,2542,0.851953
2543:3,2543,0.182426
2545:5,2545,0.867036
254:1,254,0.705785
2551:8,2551,0.060087
2552:1,2552,0.924142
2555:3,2555,0.798188
255:2,255,0.7773
255:4,255,0.880797
2561:11,2561,0.468793
2563:3,2563,0.377543
2563:7,2563,0.592668
2568:2,2568,0.294215
2572:3,2572,0.754915
2575:3,2575,0.73106
2578:0,2578,0.119205
2589:2,2589,0.835484
2597:0,2597,0.320823
2598:0,2598,0.798188
2598:9,2598,0.835484
25:21,25,0.468792
2600:3,2600,0.407337
2602:1,2602,0.348646
2604:10,2604,0.880797
2604:9,2604,0.777301
2607:2,2607,0.201817
2608:4,2608,0.89331
260:4,260,0.222701
260:9,260,0.377542
2611:8,2611,0.851953
2613:5,2613,0.990292
2618:1,2618,0.268942
2618:4,2618,0.060087
262:5,262,0.531212
262:7,262,0.407336
2631:2,2631,0.979668
2631:3,2631,0.705785
2632:1,2632,0.754916
2635:4,2635,0.817575
2636:1,2636,0.34865
2638:3,2638,0.867036
2638:6,2638,0.500004
263:2,263,0.939913
2641:4,2641,0.817575
2644:1,2644,0.867036
2645:8,2645,0.075858
2646:0,2646,0.651358
2648:1,2648,0.979668
2648:2,2648,0.904651
2653:3,2653,0.731059
2655:2,2655,0.651355
2656:0,2656,0.437826
2660:2,2660,0.592669
2662:5,2662,0.966914
2666:5,2666,0.939914
2670:11,2670,0.348646
2670:3,2670,0.085099
2671:5,2671,0.622462
2672:2,2672,0.970688
2673:11,2673,0.037327
2676:5,2676,0.075859
2679:6,2679,0.562177
2680:2,2680,0.904651
2685:0,2685,0.148049
2685:7,2685,0.222701
2688:8,2688,0.531211
2690:2,2690,0.731059
2691:5,2691,0.798187
2694:2,2694,0.679181
2694:8,2694,0.651356
2695:7,2695,0.982014
2697:6,2697,0.679179
269:4,269,0.00117
2703:3,2703,0.047426
2703:8,2703,0.020332
2705:4,2705,0.946597
2714:13,2714,0.348646
2715:6,2715,0.053404
2716:3,2716,0.468793
2716:4,2716,0.500001
2720:4,2720,0.924142
2731:5,2731,0.348648
2734:14,2734,0.977023
2735:1,2735,0.106692
2735:3,2735,0.201814
2737:11,2737,0.348649
2745:5,2745,0.268942
2747:10,2747,0.562178
2749:3,2749,0.500006
274:6,274,0.437826
2756:5,2756,0.957912
275:3,275,0.622461
2760:4,2760,0.562178
2762:2,2762,0.592669
2764:2,2764,0.294217
2768:12,2768,0.932453
2769:6,2769,0.592667
276:5,276,0.377542
2774:1,2774,0.119203
2774:2,2774,0.7773
2778:3,2778,0.651357
2779:6,2779,0.985936
2783:6,2783,0.592668
2784:1,2784,0.996406
2786:1,2786,0.651358
2786:6,2786,0.562181
2791:5,2791,0.651355
2793:1,2793,0.14805
2797:10,2797,0.245086
279:1,279,0.99478
2802:7,2802,0.914901
2803:2,2803,0.025958
2805:6,2805,0.268943
2813:8,2813,0.835485
2814:11,2814,0.148047
2814:22,2814,0.939913
2815:4,2815,0.562177
2815:7,2815,0.7773
2817:6,2817,0.437824
2818:3,2818,0.562179
2825:0,2825,0.880797
2827:10,2827,0.053404
2829:5,2829,0.904651
2835:4,2835,0.835484
2838:7,2838,0.952574
283:7,283,0.679179
2841:5,2841,0.798188
2847:9,2847,0.348646
2851:2,2851,0.985936
2854:6,2854,0.592668
2856:1,2856,0.946597
2857:10,2857,0.164517
2858:1,2858,0.904651
2859:13,2859,0.835484
2860:9,2860,0.407337
2861:11,2861,0.993307
2861:4,2861,0.817575
2863:3,2863,0.946597
2864:1,2864,0.946597
2865:11,2865,0.53121
2865:12,2865,0.53121
289:3,289,0.817575
289:7,289,0.851953
296:5,296,0.939913
298:0,298,0.377543
299:10,299,0.924142
29:14,29,0.075858
29:15,29,0.914901
29:4,29,0.731059
300:10,300,0.904651
300:2,300,0.962673
301:10,301,0.437824
301:12,301,0.754915
303:0,303,0.798188
306:1,306,0.731059
311:3,311,0.622462
311:4,311,0.562177
312:1,312,0.939913
313:4,313,0.002801
317:11,317,0.132965
321:2,321,0.09535
326:3,326,0.0851
328:4,328,0.047426
329:10,329,0.705786
32:18,32,0.182427
330:0,330,0.651357
330:2,330,0.817575
331:2,331,0.966914
332:3,332,0.754916
333:12,333,0.377542
334:13,334,0.651356
334:2,334,0.106692
337:1,337,0.867037
33:11,33,0.754918
342:5,342,0.132965
343:2,343,0.201815
344:8,344,0.835484
345:7,345,0.201815
345:8,345,0.164518
347:9,347,0.132965
349:7,349,0.007577
350:10,350,0.407334
350:6,350,0.622461
352:5,352,0.119204
352:6,352,0.09535
359:4,359,0.924142
35:5,35,0.705786
360:6,360,0.182427
362:4,362,0.037327
364:3,364,0.377545
365:9,365,0.294216
367:6,367,0.651357
36:2,36,0.437826
371:4,371,0.798187
371:7,371,0.89331
372:2,372,0.407339
376:4,376,0.851953
37:6,37,0.182428
380:0,380,0.500004
383:1,383,0.835484
383:9,383,0.106692
384:2,384,0.777301
386:4,386,0.500001
389:3,389,0.029312
397:2,397,0.468793
397:5,397,0.164518
39:12,39,0.148048
400:5,400,0.984094
400:7,400,0.531211
400:8,400,0.962673
403:2,403,0.437825
403:5,403,0.851954
405:10,405,0.053403
405:7,405,0.468791
406:8,406,0.348648
415:5,415,0.851954
416:2,416,0.592668
417:2,417,0.003173
417:3,417,0.002473
417:8,417,0.348646
420:1,420,0.222702
422:0,422,0.679183
424:13,424,0.914901
428:9,428,0.53121
434:1,434,0.939913
435:1,435,0.990292
437:1,437,0.033086
43:2,43,0.731059
441:8,441,0.182428
443:10,443,0.075858
444:1,444,0.777301
444:6,444,0.268942
444:7,444,0.320822
445:0,445,0.966914
446:5,446,0.979668
448:1,448,0.932454
448:5,448,0.777302
452:13,452,0.377542
453:7,453,0.984094
455:12,455,0.67918
462:3,462,0.777302
463:6,463,0.73106
466:2,466,0.679179
467:0,467,0.622464
468:0,468,0.651359
46:6,46,0.245087
46:8,46,0.148049
470:6,470,0.294216
472:11,472,0.67918
477:0,477,0.651357
478:0,478,0.53121
478:1,478,0.867036
478:10,478,0.651356
478:4,478,0.651356
486:0,486,0.89331
489:5,489,0.029312
489:7,489,0.880797
492:0,492,0.880798
4:17,4,0.754917
502:5,502,0.754916
502:6,502,0.835484
503:2,503,0.880798
505:8,505,0.89331
508:11,508,0.182427
508:2,508,0.946597
508:3,508,0.851954
508:7,508,0.468793
508:8,508,0.053404
516:13,516,0.798187
518:2,518,0.89331
520:11,520,0.798187
522:3,522,0.73106
525:1,525,0.62246
526:3,526,0.164518
527:10,527,0.437824
529:0,529,0.957912
529:6,529,0.932453
533:1,533,0.500002
537:1,537,0.89331
538:11,538,0.851954
539:4,539,0.651356
539:6,539,0.132965
542:5,542,0.851953
546:3,546,0.562177
546:5,546,0.592668
550:3,550,0.500001
551:8,551,0.222701
555:4,555,0.592667
556:2,556,0.500005
556:6,556,0.029313
557:1,557,0.966914
55:5,55,0.957912
560:3,560,0.037327
566:3,566,0.914901
570:10,570,0.939913
571:6,571,0.798187
573:10,573,0.67918
573:8,573,0.817575
575:1,575,0.835484
576:1,576,0.939913
584:8,584,0.377543
585:2,585,0.705786
587:0,587,0.245086
587:3,587,0.245086
591:1,591,0.622461
592:3,592,0.407335
595:5,595,0.067547
597:5,597,0.468793
598:4,598,0.033086
60:7,60,0.679183
60:8,60,0.880799
612:11,612,0.015906
612:7,612,0.010987
615:2,615,0.00117
615:4,615,0.294218
616:11,616,0.006693
619:10,619,0.037327
619:6,619,0.468792
61:10,61,0.914901
627:3,627,0.966914
631:6,631,0.798188
633:6,633,0.119204
636:8,636,0.119203
637:5,637,0.754917
63:2,63,0.245087
641:8,641,0.002183
643:5,643,0.132966
643:7,643,0.182427
644:1,644,0.867036
645:3,645,0.060087
646:2,646,0.7773
646:6,646,0.987568
650:2,650,0.7773
658:10,658,0.817575
661:2,661,0.592668
661:4,661,0.851953
663:2,663,0.904651
664:3,664,0.268946
667:5,667,0.53121
667:8,667,0.835484
669:2,669,0.966914
674:11,674,0.182426
674:9,674,0.201814
678:0,678,0.500003
682:4,682,0.245085
687:1,687,0.348648
690:4,690,0.957912
69:0,69,0.500003
700:10,700,0.037327
700:4,700,0.075858
702:4,702,0.067547
703:3,703,0.851953
70:7,70,0.851953
710:2,710,0.025957
712:4,712,0.89331
714:5,714,0.985936
716:13,716,0.880797
716:4,716,0.622461
718:4,718,0.89331
725:4,725,0.984094
729:5,729,0.294216
730:2,730,0.777301
731:1,731,0.851953
733:4,733,0.531211
737:10,737,0.592668
737:11,737,0.53121
737:9,737,0.320822
738:2,738,0.500002
739:1,739,0.592668
739:2,739,0.67918
741:11,741,0.62246
741:2,741,0.000911
742:1,742,0.62246
742:12,742,0.851953
743:3,743,0.047426
74:2,74,0.705786
751:10,751,0.990292
752:5,752,0.798188
753:3,753,0.53121
756:4,756,0.867036
761:4,761,0.89331
764:4,764,0.53121
765:8,765,0.979668
768:19,768,0.651357
76:8,76,0.987568
771:9,771,0.164517
774:4,774,0.946597
775:3,775,0.010987
777:4,777,0.060087
777:6,777,0.592668
779:12,779,0.914901
779:4,779,0.132966
781:11,781,0.946597
781:3,781,0.851953
788:3,788,0.835486
789:4,789,0.914901
789:9,789,0.89331
794:4,794,0.835484
796:12,796,0.754915
796:6,796,0.53121
796:9,796,0.09535
797:2,797,0.867036
798:2,798,0.880797
798:4,798,0.946597
799:4,799,0.970688
805:3,805,0.851953
808:2,808,0.407334
808:5,808,0.060087
809:0,809,0.377542
810:0,810,0.987568
810:9,810,0.946597
813:4,813,0.67918
813:9,813,0.679181
81:1,81,0.962673
81:11,81,0.974043
821:1,821,0.09535
821:10,821,0.651356
826:12,826,0.7773
827:5,827,0.835484
833:22,833,0.651356
837:0,837,0.164518
838:3,838,0.562177
83:6,83,0.437824
848:4,848,0.89331
851:4,851,0.957913
852:11,852,0.348646
852:12,852,0.245086
854:1,854,0.851953
858:1,858,0.957913
85:1,85,0.946597
864:2,864,0.754916
865:7,865,0.939914
866:13,866,0.006693
872:6,872,0.09535
873:1,873,0.996406
873:5,873,0.952574
875:10,875,0.468792
876:1,876,0.914901
877:5,877,0.437825
878:9,878,0.119203
87:7,87,0.651356
880:5,880,0.924142
883:3,883,0.407335
884:2,884,0.946597
884:3,884,0.952574
887:5,887,0.62246
889:6,889,0.946597
899:1,899,0.531211
900:4,900,0.047426
903:6,903,0.5
903:8,903,0.148048
913:1,913,0.777302
914:12,914,0.679179
916:2,916,0.851954
917:3,917,0.7773
918:0,918,0.500001
920:10,920,0.320823
923:8,923,0.731059
92:11,92,0.119203
934:6,934,0.500001
936:3,936,0.320824
936:7,936,0.053405
93:3,93,0.977023
940:2,940,0.119204
940:6,940,0.222701
940:9,940,0.754916
944:5,944,0.500005
944:6,944,0.34865
945:11,945,0.622461
945:9,945,0.651356
948:3,948,0.904651
94:8,94,0.893309
950:5,950,0.222702
951:7,951,0.067547
954:8,954,0.164517
955:6,955,0.037327
957:4,957,0.904651
962:3,962,0.817576
967:7,967,0.53121
969:3,969,0.53121
970:1,970,0.437825
970:6,970,0.562177
976:11,976,0.705786
981:4,981,0.437825
981:9,981,0.005911
984:4,984,0.245086
985:8,985,0.001701
986:1,986,0.993307
986:3,986,0.468793
986:6,986,0.987568
986:7,986,0.977023
987:3,987,0.132964
98:1,98,0.932453
